0 0 1 2 3 4 5 6 7 8 9 10 11 12 13 14 15 16 17 9 18 19 20 21 22 7 23 24 25 26 27 28 19 9 14 29 10 30 31 32 33 34 35 36 37 38 38 39 40 41 42 28 43 44 45 46 34 47 48 49 50 51 52 51 40
1 53 54 55 56 57 58 59 60 61 31 62 63 64 65 66
2 67 68 69 70 71 72 63 73 74 75 76 77 78
3 79 80 81 82 83 84 85 86 87 88 89 90 91 92 80 93 94 95 96 97 98 47 99 64 100 101 102 103 104 105 106 100 107 108 109 110 111 84 112 113 114 115 116 88 76 117 118 119 120 121 122 54 123 124 125 126 127 128 129 130 131 132 133 134 135 136 127 137 138 139 140 141 112 97 142 143 144 80 10 145 146 147 148 149 74 143 150 151 130 152 153 154 155 75 156 157 158 159 160 161 162 163 164 165 166 167 168 169 170 171 172 173 174 175 176 19 177 178 179 180 181 182 42 183 184 185 186 187 188 189 190 191
4 119 126 151 115 70 81 1 192 193 85 194 57 195 195 194 196 143 197 198 94 199 200 201 20 202 78 203 204
5 115 205 206 147 207 208 186 209 210 44 211 212 179 106 213 214 183 215 64 216
6 217 218 83 169 171 35 181 219 35 220 221 222 223 224 225 47 226 227 48 228 229 141
7 230 181 156 0 231 232 233 234 235 236 237
8 118 238 239 118 240 241 242 243 244 245 199 246 247 65 248 249 250 251 252 244 65 253 47 30 254 255 244 256 257
9 258 236 89 54 248 167 10 67 259 64
10 260 261 8 4 172 86 88 262 13 263 202 126 264 97 265 266 267 63 149 232 268 269 248 270 271 52 272 273 274 275 276 277 85 142 82 278 170 279 280 243 281 122 282 283 284 285 286 287 288 108 289 290 291 143 140 292 293 294 295 296 297 298 299 207 13 54 300 100 301 302 303 304 305 306 250 115 307 308 50 57 309 259 64 310 311 312 313 260 314 315 103 250 316 317 94 318 173 319 320 321 322 323 167 324 325 61 326 327 328 329 330 331 132 332 333 114 65 264 95 334 335 265 336 337 338 339 340 341 342 61 343 344 230 345 346 347 348 349 350 351 352 353 354 355 146 356 219 357 358 359 360 136 361 156 236 362 157 363 364 365 366 367 347 368 37 6 369 370 66 371 372 373 374 375 376 377 378 379 380 131 381 382 383 214 384 385 386 210 387 388 389 390 391 392 393 76 394 395 396 397 398 399 400 401 402 403 404 121 405 105 406 116 407 408 409 410 411 412 413 15 414 269 74 415 83 416 417 418 419 420 421 422 423 153 424 69 425 426 427 428 429 430 194 431 180 432 1 433 434 435 436 437 438 439 440 441 442 443 444 445 446 447 155 448 449 450 451 104 452 170 453 454 455 456 457 458 341 177 459 460 461 462 336 7 128 463 98 60 464 465 198 466 467 468 346 133 169 179 469 470 287 471 472 473 474 475 181 476 71 477 478 242 479 184 480 90 224 481 39 178 232 211 482 200 407 161 483 484 91 199 485 486 487 488 450 21 489 94 490 72 491 166 492 493 494 495 496 55 497 498 499 500 208 378 501 502 141 34 35 32 117 503 504 505 130 147 20 506 507 508 106 245 509 510 511 113 295 512 513 53 514 515 516 517 518 220 519 196 520 521 212 522 523 524 525 526 160 527 528 42 529 530 531 532 533 534 182 535 68 183 209 536 537 538 154 539 360 540 541 542 543 544 545 233 516 546 547 192 548 239 549 550 551 552 553 25 554 30 555 556 46 557 22 165 558 559 560 561 562 110 563 213 564 150 565 566 567 568 129 164 569 570 571 19 572 573 107 574 244 138 575 576 577 578 44 579 580 581 582 583 584 585 586 587 588 589 590 591 592 593 284 594 595 596 597 598 599 600 204 26 59 601 602 603 604 605 127 111 187 331 152 223 606 607 608 609 610 611 612 613 614 615 5 616 238 617 99 618 619 620 77 241 621 622 623 624 625 626 627 628 629 630 470 631 632 80 633 634 635 636 637 638 639 640 232 641 642 643 194 644 645 646 647 648 649 650 651 652 653 654 655 656 657 658 659 660 661 662 663 664 665 666 667 668 669 195 670 671 672 673 674 675 676 677 262 174 678 679 185 108 680 681 682 683 684 685 686 687 688 689 690 691 252 692 31 119 693 29 694 695 249 696 586 697 698 699 700 97 701 702 703 704 705 56 706 707 708 709 710 27 711 712 713 47 714 715 716 717 718 719 720 721 722 723 724 725 193 215 726 727 728 729 730 731 162 732 733 734 735 736 737 738 739 740 741 742 743 744 745 746 747 748 749 750 751 752 71 753 229 754 755 132 756 757
11 639 330 324 758 112 488 362 759 22 21 760 539 761 619 99 55 589 762 763 100 66
12 117 476 193 85 202 202 70 764 427 193 236 765 423 488 129 193 641 656 766 236 767 85 100 768 467 769 770 771 193 772 773 85 774 314 764 263 734 192 224 442 775 358
13 776 476 777 777 233 463 778 55 372 439 203 297 207 182 437 249 578 82
14 304 115 65 336 716 331 63 173 779 104 194 474 780 133 781 13 659 351 269 304 153 192 107 782 116 366 175 282 90 127 783 656 280 784 785 433 487 786 121 787 324 481 788 37 91 147 789 363 130 429 168 319 47 468 353 314 138 790 2 713 2 8 432 8 146 440 455 559 242 791 486 280 72 792 168 21 651 280
15 476 793 233 794 640 795 796 574 372 797 798 106
16 277 230 154 799 695 800 540 206 320 162 389 64 245 452 801 76 802 596 185 100 803 412 20 804 121 805 532 806 807 186 42 492 216 808 153 809 72 376 466 630 135 810 21 759 308 81 405 143 809 143 802 129 811 504 439 732 812 44
17 813 7 37 460 777 566 307 814 430 128 815 4 436 20 688
18 765 79 85 782 298 780 351 98 260 413 782 771 135 126 816 263 817 656 801 818 314 248 819
19 452 527 75 328 540 556 820 308 52 400 442 64 806 335 797 383 333 404 786 98 142 821 822 768 456 86 423 4 208 823 490 334
20 112 98 248 172 824 825 452 510 152 782
21 826 648 827 828 829 802 801 88 440 830
22 39 64 351 112 75 240 674 831 554 410 236 155 269 680 691 73 568 65 188 832 734 500 440 240 80 80 84 757 751 707 833 179 622 38 834 580 801 256 196 835 687 566 107 836 250 837 838 839 746 840 76 46 33 388 575 199 600 619 382 841 5 737 739 842 199
23 23 843 844 807 385 845 324 190 155 621 401 846 642
24 127 847 848 849 234 850 851 50 852 800 853 854 818 592 252 855 587
25 113 856 403 463 99 807 857 297 233 99 86 23 97 212 469 232 452 525 338 113 44 305 158 474 431 858 859 860 861 665 862 863 761
26 782 47 119 160 174 189 460 13 143 8 115 488 207 420 142 308 217 106 221 269 716 27 19 80 112 268 232 269 130 679 248 864 74 794 31 445 596 84 216 210 12 164 865 286 198 386 866 867 482 460 868 149 199 399 136 869 639 104 106 849 623 870 786 331 871 302 504 561 872 440 141 695 542 92 283 75 873 22 874 875 239 676 713 318 147 315 452 875 487 600 678 876 698 196 837
27 240 148 163 877 129 196 213 74 143 245 278 419 39 878 412 42 879 510 518 188 76 880 1 526 619 64 491 545 121 185 881 802 882 18 177 22 883 883 245 161 652 43 443 181 452 884 484 622 557 340 885 206 88 1 376 802 529 103 695 474 42 160 184 185 107 886 697 818 241 21 433 174 715 887 649 216 888 675 595 419 80 682 132 889 100 890 450 395 588 98 657 768 179 891 244 115 892 304 893 687 653 894 895 896 680 660 897 283 898 733 245 70 169 899 78 686 754 85 900 879 694 901 897 902 840 903 904 905 906 907
28 908 230 261 909 122 182 804 590 98 430 794 910 276 330 70 456 308 105 911 476 549 912 122 913 914 146 861 284 760 138 348 434 909 915 259 328 916 80 86 917 918 91 821 110 91 167 181 372 439 231 824 227 919 95 439 622 727 812 449 155 699 920
29 525 790 854 853 776 234 560 354 146 2 921 236 285 599 922 107 923 854 421 66
30 801 762 924 794 112 182 818 232 393 142 925
31 81 207 50 97 98 926 362 521 927 928 684 922 414 129 112 713 452 80 929 909 786 799 910 463 865 171 930 381 127 931 140 194 932 47 770 88 867 478 346 382
32 339 933 934 333 208 114 10 404 935 820 786 910 936 400 540 328 231 335 436 462 395 142 796 639 797 383 768 210 385 864 34 232 46 52 456 423 298 295 280 107 86 644 909 759 590 809 771 442 276 488 279 853 405 348 937 821 277 81 110 807 370 472 343 573 290 289 537 446 214 349 330 392 47 288 53 379 219 938 939 940 361 941 383 541 325 624 942 943 944 326 490 823 215 596 58 281 260 945 946 603 252 819 322 27 641 466 262 303 173 207 236 406 271 153 401 79 947 202 656 788 684 389 170 280 295 143 351 358 464 295 948 456 389 303 70 687 229 459 354 577 68 550 93 424 133 10 782 424 420 484 949 65 950
33 41 381 951 85 952 566 953 65 463 250 13 486 530 239
34 539 307 142 916 399 231 954 189 605 955 956 957
35 781 232 248 958 174 106 641 232 194 353 88 199 478 202 114 103 520 478 27 791 282 460 959 313 960 554 104 21 179 202 521 372 106 619 229 205 786 103 230 181 539 22 32 58 583 75 73 500 874 904 173 32 112 174 99 734 229 655 575 111 600 117 590 961 739
36 452 713 794 864 80 786 231 112 910 88 248 232 99 873
37 65 962 789 963 525 42 802 894 499 421
38 50 428 418 476 964 908 230 233 956 525 231 965 414
39 207 917 320 908 861 325 142 940 669 112 713
40 240 129 966 81 206 527 391 640 536 967 916 374 320 206 64 433 146 968
41 207 364 50 368 97 66 287 380 373 271 937 142 797 207 208 474 509 449 323 481 969 412 481 101 301 360 400 198 46 630 623 89 107 970 130 302 88 495 572 453 569 153 644 184 262 960 661 330 70 678 10 341 591 143 649 971 268 972 119 27 53 467 65 315 108 834 768 460 973 147 359 533 974 528 99
42 975 338 909 139 93 438 640 525 106 128 465 966 440 976 634
43 265 362 112 107 88 70 865 131 90 76 152 128 786 490 217 248 80 127 232 977 252 656 236 97 978 172 92 623 979 980 137 413 981 274 294 85 452 982 47 186 504
44 88 864 75 818 786 236 10 926 234 110 146
45 967 799 525 465 794 129 270 315 909 320 280 135 172 287 633 81 861 938 498 217 525 76 917 639 391 143 456 684 75 452 98 85 912 103 577 782 362 376 438 509 271 348 8 802 395 818 930 163 109 81 871 909 266 206 391 226 409 549 314 983 669 868 847 848 284 802 829 451 512 624 984 596 985 162 808 115 489 986 174 116 192 843 27 467 967 196 759 450 352 213 986 18 209 101 113 11 142 463 845 566 987 445 988 398 100 248 724 989 108 990 991 460 447 572 748 765 20 992 993 93 623 216 10 212 87 879 474 74 994 16 487 995 433 449 996 997 269 88 358 924 998 539 866 999 21 831 185 147 425 701 459 1000 242 406 932 245 476 466 489 489 177 31 687 52 194 1001 203 697 948 695 382 187 687 1002 130 1003 627 783 1004 870 413 132 327 804 259 519 183 501 580 1005 1006 892 1007 683 1008 710 1009 657 38 30 709 653 719 261 1010 1011 106 855 179 657 993 994 318 228 754 1012 188 754
46 248 99 456 635 794 556 10 404 232 324
47 476 229 924 956 820 525 463 954 1013 113 58 255 233 136 801 106 187
48 789 1005 560 802 53 193 10 713 32 780 806 899 986 823 248 58 131 230 137 96 344 61 114 302 310 641 315 1014 1015 160 791 419 130 414 199 216 769 916 382 1016 35 886 205 28 702 838 662
49 1017 665 630 1 112 1018 721 878 91 35 518 542 612 174 909 1019 440 244 1020 938 105 697 554 1021
50 976 476 65 955 1022 1023 916 350 930 1024
51 112 155 1025 232 10 114 1026 1027 82 796 1020
52 520 315 648 169 291 1028 456 196 1029 109 72 474 1001 54 802 1030 153 236 1031 10 611 831 1032 72 1033 129 162 1030 202 823 116 72 39 1034 1015
53 118 474 351 44 236 1035 295 232 97 236 815 653 68 21
54 936 70 1036 207 1005 917 81 135 517 843 291 829 353 214 427 464 187 326 219 434 194 97 590 90 54 231 304 125 333 365 917 530 196 338 1037 894 912 129 139 420 492 122 986 1038 96 1039 127 80 76 248 481 107 250 148 511 751 367 782 432 89 443 192 114 679 271 983 932 108 421 146 116 473 335 440 100 438 50 452 520 1040 1041 350 521 154 177 966 802 456 475 262 777 279 258 1042 411 190 300 697 143 486 784 815 577 473 1043 529 163 110 1034 445 21 1044 401 45 77 564 16 243 554 518 168 408 1 42 880 585 1045 43 440 322 552 830 164 977 166 1032 1046 245 783 550 581 652 311 622 1047 626 688 636 1048 634 1049 225 557 653 1050 188 927 1051 1052 415 637 568 724 681 680 1053 962 667 33 1054 1055 223 705 1056 702 64 1057 1058 963 1059 890 1060 1061 1062 1063 1064 743 1065 1066 898 723 1067
55 166 641 239 43 64 476 432 142 1051 80 434
56 794 64 521 248 476 430 233 684 231 143 50 899
57 977 69 31 269 160 1068 97 476 262 103 67 90 873 291 771 1069 216 76 126 452 549
58 381 440 1070 563 263 801 1071 566 347 485 389 114 440 208 369 65 262 564 804 85 889 666 378 389 582 535 248 483 1072 155 554 921 112
59 143 37 1073 724 1004 1073 244 1074 1075 1076 140 1077 1077 1073
60 336 196 813 91 163 802 50 525 68 1014 236 1078 536 391 464 414 1015 415 818 452 1079 154 123 979 932 434 366 54 23 76 149 112 129 474 248 50 240 282 277 116 243 577 967 977 406 302 537 269 524 474 151 487 106 550 843 1080 103 1081 780 37 815 365 548 411 262 268 322 107 79 351 767 131 287
61 236 1082 1083 1084 89 60 780 109 352 322 524 305 334 1030 1085 951 110 1030 54 1015 133 1034 365 194 195 420 549 434 1086 389 282 44 52 318 867 9 1087 1069 55 135 868 420 473 169 278 132 455 425 1088 30 216 1089 93 143 46 1090 51 323 760 512 495 1091 1092 109 288 1093 495 142 495 1094 420
62 1095 778 818 1096 476 861 91 362 795 859 760 523 0 1097
63 889 864 525 141 269 397 807 1098 492 304 34 112 1099 54 69 467 233 135 96 289 372 277 1084 338 909 1100 116 447 149 768 110 194 320 778 463 18 984 991 853 434 438 1101 481 507 86 1102 379 146 871 951 262 311 324 656 68 845 193 362 234 128 931 348 1103 196 700 301 213 210 878 59 808 1104 57 845 855 155 250 100 378 871 63 213 39 1105 855 164 917 109 790 112 826 61 88 878 37 319 818
64 1073 260 1106 315 281 236 153 13 65 68 415 525
65 577 121 232 112 1078 414 336 257 236 362 794 346 75 175 123 713 124 330 1014 401 884 300 521 113
66 925 917 569 120 112 106 353 930 207 439 1105 248
67 1107 641 440 845 112 236 244 106 504 554 88 64 779 455 44 525 52 80 579 518 996 1013 143 802 780 187 849 622 503 609 22 1066 41 873 174 142 925
68 927 1001 769 610 504 19 318 561 177 141 50 866 47 137 1108 239 459 155 806 219 1109 64 244 550 626 203 698 1110 74 52 269 4 653 6 132 1080 410 655 819 169 1036 708 78 65 1111 38 718 72 520 1105 1034 1112 110 1045 1113 81 916 24 584 1051 634 680 1114 1115 904 715 1104 26 674 695 48 518 1072 833 725 164 1116 1117 1114 174 601 331 879 609 1 812 182 49 679
69 246 205 79 789 1118 934 333 85 382 674
70 1119 1120 412 135 474 630 136 336 1020 5 475 551 14 37 64 554 526 1121 166 1072 813 518 975 160 258 47 852 654 162 20 366 440 160 31 865 347 1001 413 66 1069 636 647 106 401 1122 492 684 1023 121 13 89 65 84 818 688 8 115 493 78 445 9 699 1123 568 254 777 243 708 681 368 999 278 1124 728 1125 26 653 1060 1126 871 1127 195 25 239 30 196 21 1128 784 1129 84 170 143 258
71 476 362 956 612 588 930 142 157 760 156 248 441 861 114 155 182 91 437 472
72 477 232 860 1130 976 1131 1044 482 236 797
73 1132 1133 291 452 50 112 39 69 47 129 61 162 867 248 554 1134
74 348 463 81 794 640 818 233 1082 1135 99
75 82 231 438 248 909 525 362 143 758 156 80 1136 1137
76 560 804 864 88 786 217 909 641 112 182 641 487 778 230 231 930 50 476 230 27 804
77 304 328 142 1138 397 438 787 323 1139 206 401 311 143 765 1000 1140 14 819 129 1141 133 109 252 1037 47 577 994 1142 748 1139 414 64 1143 927 211 511 952 35 846 194 561 959 420 591 244 421 17 223 3 45 220 156 19 428 1015 1075 236 686 50 52 667 466 769 1001 585 7 598 394 130 399 661 474 609 1144 1145 683 639 620 751 714 1146 249 896 648 127 1044 1147 1148 1149 771 652 84 311 1112 108 704 521 436 490 189 30 575 1057 834 1117 1067 134 722 722 1150 1113 660 1151 227 1114 1152 1153 481 37 26 1154 446 812 419 1155 1156 1157 1158 1159 250 1160 566 647 1161 1134 106 1162 752 737 1163 1065 743 388 1010 1164
78 474 268 269 503 88 818 525 801 465 186 1020 1165 619 137 1166 1167
79 1168 440 50 240 202 240 371 485 169 240 333 504 194 107 789 41 687 199 278 88 407 1169 99 475 76 287 156 135 535 471 213 1088 242 491 1130 443 507 96 493 192 497 989 115 371 886
80 945 54 302 1015 143 414 975 300 566 50 621 779 64 205 88 659 1015 163 967 117 336 91 423 1170 1171 382 8 50 354 550 246 367 274 1 274 105 829 780 196 1040 166 231 482 432 346 236 852 975 466 529
81 487 845 598 885 1172 554 572 1173 493 680 249 283
82 559 1034 1043 232 137 504 1174 196 16 1175 518 20 1176 1177 143 682 165 521 18 963 949 1178 962 81 391 50 528 769 875 697 1054 527 798 241 1113 308 689 1179 892 1115 1046 1044 239 337 665 633 1180 1181 1182 254 863 1183 45
83 84 10 135 979 196 193 153 126 156 713 107 794 277 137 452 54 321 57 112 286 333 217 474 1184 467 52 186 603 115 308 452
84 131 931 47 237 148 7 985 985 10 352 352 1114 184 141 875 181 253
85 135 818 248 181 721 156 277 320 207 1185 818 794 804 711 768 943 361 713 138 88 525 232 847
86 433 1013 762 162 767 868 232 779 67 151 131 291 1133 193 118 91 10 129 198 467 781 79 7 757 1113 557 554 891 725 723 572 854 733 695 754 1168 106 1157 734 136
87 639 105 325 415 76 126 525 176 580 568 557 1045 194
88 282 240 192 789 1186 894 485 23 406 1 71 10
89 362 466 219 280 989 779 489 248 283 84 122 370 303 1106 13 30 251 118 988 349 97 434 868 141 114 438 315 406 110 447 134 981 232 347 194 1028 143 1187 306 917 1073 606 157 37 851 243 525 713 760 1028 523 1188 52 1032 148 367 789 1015 381 181 346 918 285 66 1189 66 325 485 186 960 109 47 1098 878 299 819 216 156 8 445 9 475 1156 1041 564 1190 711 1109 586 483 182 213 504 242 222 30 399 1029 554 204 552 1191 1125 188 846 460 431 1004 581 1192 699 1193 613 1194 1112 701 1195 919 704 1005 185 553 892 642 249 748 56 763 696 1114 1010 600 683 841 244 834 679 1196 702 720 1158 31 724 221 38 1156 38 1063 835 1197 1198 1139 832 227 232 902 1199 609 391 121 312 1077 765 744 1200 1201 1057 504 253 839 837 58 1094 1159 730 1202 1129 244 73 575 1161 1162 508 179 727 1053 1066 905 684 476 1130 1147 743 1 66 740 765 1203 623 362 888 1160 1156 891 1204 1205 436 1206 415 656 746 407 770 723 156 1207 106 1208 707 521 1075
90 412 734 577 193 466 336 582 899 36 430 456 933 440 231 948 133 692 1079 712 65 371
91 1209 268 452 469 150 771 1028 324 363 205 59 115 1114 107 106 133 382 205
92 1210 324 768 980 362 849 142 1211 1212 864
93 969 142 509 370 231 943 560 871 112 232 362 864
94 251 286 371 406 351 364 301 362 577 53 289 596 106 153 344 300 489 302 126 10 1005 116 659 23 13 481 359 449 780 287 367 491 327 1168 658 456 310 327 69 414 262 1213 1214 1215 1069 458 496 823 37 65 68 288 467 278 143 169 993 80 509 639 215 84 72 120
95 1020 1021 131 165 845 376 223 1216 852 1002 452 248 886 1046 209 206 245 961 802 249
96 174 165 31 179 169 237 554 443 412 794 121 666 552 254 709
97 13 474 793 263 207 156 98 324 301 989 356 264 142 395 262 295 658 401 801 106 298 332 463 455 232 97 393 819 1082 936 849 395 463 291 980 232 332 801 298 83 308 786 13 759 801 81 328 916 373 871 1217 656 342 86 589 476 206 1184 181 155 86 1214 67 65 463 641 399 821
98 521 99 75 158 351 64 88 80 407 41 262 1104 440 76 330 216 175 155 474 182
99 110 962 112 88 250 697 185 1084 440 807 560 533 818 476 525 684 225 1105
100 186 1218 367 368 100 410 110 149 165 404 88 192 76 1219 455 282 525 126
101 1169 1220 915 181 1 684 304 112 889 889 1221 172 190
102 1222 695 597 263 829 1013 603 646 868 233 55 849 939 393
103 490 434 872 847 112 84 88 909 854 440
104 230 182 135 172 792 142 778 439 110 1223 924 801 440 1224 241 129 818 88 568
105 1225 471 319 82 748 1145 69 525 757 1060 106 68 831 269 239 239 779 692 50 474 79 71 504 244 801 1226 10 662 322 691 1122 1227 1228 801 21 73 554 38 898 420 746 239 1152 783 739 702 1229 280 107
106 861 917 1028 927 84 633 349 37 14 768 30 94
107 88 88 112 430 818 64 486 1230 112 1231 554
108 248 477 31 79 601 315 1232 1233 657 244 315 1160 118
109 10 1 143 65 1036 88 335 434 1001 233 794 214 1187 328 54 917 1234 813 372 778 248
110 804 202 265 236 60 853 784 70 1235 864 93 261 173 88 268 163 301 112 169 1236 80 749 91 31 129 259 152 1091 61 1007 1237 415 54 104 304
111 84 456 167 77 639 196 195 50 262 308 930 131 74 91 132 724 114 512 9 318 148 72 425 452 78 867 376 770 521 1015 318 1177 31 451 324 94 6 287 654 917 52 194 687 13 525 410 141 121 126 295 1014 420 1030 143 627 113 843 342 133 104 979 275 1238 138 746 272 179 192 985 130 8 115 326 407 433 405 105 481 96 322 889 808 302 815 44 129 100 910 878 46 278 88 110 641 496 215 384 169 164 1075 199 186 327 399 420 382 782 507 314 807 535 495 137 442 1039 331 30 351 315 936 368 1093 542 244 1206 190 412 482 381 411 853 928 181 695 37 339 64 684 67 76 160 103 1043 240 404 1232 333 475 771 355 166 216 177 184 588 108 17 354 54 286 20 112 1141 50 174 831 443 23 222 155 179 21 1124 123 1018 751 248 1080 697 163 986 391 222 1239 109 1037 872 509 533 779 7 188 814 516 619 440 502 706 106 554 39 484 214 504 1047 564 239 652 73 232 97 56 666 231 753 85 707 45
112 1047 872 21 1239 779 980 452 572 1137 1231 611 188 872 895 1012
113 979 924 1240 404 430 802 81 233 1241 89 1171 794
114 117 371 153 194 1014 50 779 685 474 1170 751 682 174 932 420 1242 192 78 287 167 72 137 630 131 475 242 639 852 88 185 1016 475 872 532 199 179 491 300 970 286 143 184 1048 272 72 86 917 407 648 165 653 484 94 214 35 220 653 880 1243 697 41 554 351 132 76 196 508 875 579 1236 681 657 26 1244 609 643 674
115 801 762 794 112 88 910 232 476 917 930 335
116 362 297 713 792 605 467 430 1245 490 284 307 679 559
117 876 11 488 216 177 406 143 1246 108 447 64 361 925 106 190 520 278 443 196 562 561 91 47 79 107 320 566 177 1099 107 495 433 74 1054 88 215 437 467 889 495 280 200 358 192 93 165 495 95 46 425 1141 871 648 363 155 772 365 179 441 222 202 397 30 799 648 64 49 85 129 245 572 871 585 96 334 261 527 60 1247 697 353 353 26 107 1071 98 1039 203 1125 244 639 97 460 1248 185 1249 487 985 8 58 342 574 518 516 554 84 1250 826 65 435 971 698 680 93 132 17 679 193 115 696 49 690 17 17 1071 64 1154 566 601 162 228 324 552 76 730 648 1251 23 150 265 1151 1252 1006 891 133 214 801 141 1253 114 272 635 703 715 584 1254 978 1134 1255 1143 1256 362 112 107 121 229 405 769 1257 76
118 520 466 846 21 750 787 557 557 1258 670 236 1259
119 1068 439 518 1146 794 633 665 778 440 217 1006 268 221 143 554 608 1226 65 196 452 864 642 795 362 256 1137 568 1260
120 772 881 1105 177 806 188 37 138 699 1071 4 206 253 586 554 1225
121 248 490 684 207 1 64 140 687 165 1071 959
122 115 88 488 141 50 238 750 203 224 928 708 14 241 302 1176 566 608 1126 143 1001 1247 626 280 609 620 52 474 993 1105 239 1073 952 10 1023 258 89 467 269 568 1073 608 217 863 308 109 459 1261 708 704 295 133 1262 1035 1191 687 872 362 241 510 554 1225 766 665 109 650 1263 519 834 834 747 1264 358 1199 718 114 101 732 256 1008 1265 1266 568 195
123 88 231 112 189 633 91 525 236 129 632 432 1039 99 930 864 776 863 232 1 684 1266
124 291 75 350 4 143 415 287 236 10 262 397 321 932 85 324 784 1187 80 246 163 342 219 351 423 10 1104 142 118 248 362 1025 1241 23 88 466 146 155 167 1188 1267 66 41 789 412 100 64 478 179 12 44 196 1169 779 243 54 910 478 402 440 936 112 410 483 1041 500 165 415 79 482 560 96 619 63 554 845 596 526 575 463 572 174
125 778 857 943 794 430 142 1185 10 404 984 721 807 404
126 639 232 215 141 749 129 143 215 141 274 150 917 214 951 126 110 52 172 917 779 439 277 1268 749 53 277 126 1130 214 121 10 143 236 1269 109 143 53 684 89 110 214 320 129 909 908 277 274 865 309 58 81 309 802 749 126 930 150 76 1035 284 121 194 63 1133 1079 447 590 116 194 799 917 799 85 765 640 52 275 512 231 917 112 398 765 815 1270 1015 488 788 147 815 30 54 30 30 214 771 194 358 4 452 865 931 30 1081 275 355 780 749 126 401 1177 928 1114 1018 150 1268 30 423 30 81 214 331 912 112 273 378 121 274 88 214 156 96 292 97 215 467 806 47 945 196 37 865 1271 143 488 263 172 917 1235 1075 70 81 277 1235 1035 420 112 908 397 269 214 1246 319 162 193 292 162 261 47 433 1082 441 917 126 495 195 121 380 150 215 195 129 57 320 110 46 112 922 9 209 538 525 353 9 462 917 146 100 770 495 8 315 917 215 413 315 192 114 319 149 440 150 196 1272 559 66 194 195 999 318 1028 217 320 806 928 799 360 425 141 100 155 97 101 635 777 358 149 456 381 930 467 1273 806 192 192 262 198 561 354 141 129 149 157 510 412 810 765 687 405 1188 190 1138 361 186 716 310 1274 1214 206 428 488 76 472 41 72 1143 1275 1092 527 695 365 108 268 925 844 199 492 562 520 571 489 107 177 1070 12 265 391 287 819 601 165 465 630 105 1276 1007 93 1078 115 39 869 542 1277 787 414 16 958 889 407 697 724 424 404 481 74 148 1088 826 140 224 358 772 648 49 279 406 871 335 205 989 443 18 1042 894 278 64 202 288 445 1264 572 518 1074 1243 30 30 1243 77 695 1099 20 1080 311 829 436 923 509 245 1268 433 60 1247 421 278 1047 169 536 347 132 122 434 14 236 554 693 508 202 91 112 1278 1153 879 451 112 546 107 484 787 635 941 185 792 338 516 1279 1071 1280 67 1110 192 1189 446 389 1281 203 802 141 527 310 204 208 1247 65 46 496 695 526 207 554 243 899 1034 803 328 734 244 1072 168 569 119 1282 1043 527 843 42 24 184 872 875 875 231 244 1283 98 815 632 220 341 1071 132 491 279 150 1272 99 46 241 676 21 214 366 1060 968 1284 886 804 1285 773 1139 109 30 1084 938 526 265 1286 252 769 896 540 143 568 1182 643 638 657 595 342 46 57 533 42 110 179 528 376 649 1194 877 192 452 723 121 165 698 510 101 49 100 45 968 1241 690 832 53 798 1165 715 49 690 761 768 1287 26 196 249 86 879 640 920 701 709 932 379 326 359 1288 1032 253 971 491 897 236 23 1177 340 433 1233 206 1001 1289 893 1290 206 170 972 749 513 812 1291 806 920 1059 1292 487 696 23 107 735 214 460 716 647 773 968 1035 256 1254 1293 945 748 256 193 318 691 214 129 49 256 1294 1006 730 1252 165 364 228 1291 730 1252 88 1295 1262 324 1171 702 904 371 1254 807 978 452 1292 696 906 928 753 584 272 1296 601 1297 667 143 710 210 1030 196 1256 266 40 1 74 337 1249 214
127 197 474 780 370 566 313 208 54 194 423 76
128 683 520 1072 17 1119 179 110 798 143 33 42 653
129 778 10 474 494 128 393 348 1132 50 268 537 47 400 1298
130 635 107 179 894 35 505 1043 84 770 696 734 1171 599
131 129 525 362 232 99 112 760 0 1110 106 577
132 410 170 1 975 177 415 10 520 192 182 250 1186 50 572 88 778 866 447 474 521 30 1017 203 299 73 221 174 1105 460 876 655 74 679 662 609 634 106 610 244 412 1056 1299 1068 35 308 256 1160 1226 946 205 680 1071
133 21 609 1137 1137 575 137 560 699 622 568 1066 483 872 225 623 692 1300 1113 779 872 572 568 683 1 734 214 683 483 21 88 173 412 1 248 568 698 713 525 113 74 24 1066 248 424 1148 568 734 1279 412 619 660 451 399 1112 227 80 165 412 53 165 525 674 232 623 1113 137 1145 39 832 165 674 486 1178 257 43 1113 412 1006 683 53 1194 174 575 1 613 568 504 687 823 137 72 1301 21 1269 683 242 1051 38 407 192 440 569 698 64 554 691 242 451 73 1230 619 72 85 242 1301 684 412 525 221 1145 832 1301 630 1017 595 699 338 351 401 757 239 206 691 490 239 601 655 43 571 254 1302 1299 185 257 1294 702 734 928 657 196 490 70 1230 702 80 609 758 686 1227 115 53 137 1145 54 684 1301 165 80 1228 1152 88 1303 746 1304 1301 727 106 686 832 580 1305 1306 1299 1226 619 898 115 727 242 961 898 178 80 834 595 1301 65 39 595 53 1010 53 486 1226 684 82 1134 174 595 242 568 676 1203 734 156 1203
134 460 610 748 50 716 574 91 10 866 179 425 1108 845 770 19 762 808 466 164 31 148 64 27 170 578 412 315 619 554 1307 26 232 1224 616 1033 242 215 239 280 67 153 262 1190 422 114 910 786 174 724 1228 182 43 727
135 112 656 909 468 549 179 915 1308 479 273
136 566 467 47 68 193 190 223 8 610 177
137 172 263 864 231 86 1309 207 55 434 472 335 441 776 871 405
138 32 123 79 951 85 423 207 268 10 232 1168 351 98 948 466 429 804 106 406 786 278 401 468 116 70 53 371 517 236 149 172 941 474 153 281 170 805 442 945 799 243 156 292 97 298 1280 596 1038 1310 326 334 1311 924 276 869 338 13 623 75 481 456 153 1018 462 214 243 1085 1247 1135 138 57 418 114 871 930 121 1116 143 298 779 175 107 784 993 823 156 868 37 327 46 910 656 292 453 621 215 85 401 780 945 50 565 1078 355 415 270 262 113 304 80 4 302 112 58 829 250 127 273 1104 246 176 103 274 81 112 79 86 274 932 868 99 524 106 418 123 143 1215 121 517 456 358 932 265 31 550 456 404 378 977 202 300 1005 205 414 909 1028 115 89 321 56 784 269 765 315 361 782 1312 123 406 303 746 990 525 775 981 358 328 278 54 601 1177 133 1313 458 1014 786 577 274 463 362 347 1236 287 1015 354 1104 133 323 933 306 785 1163 157 466 366 65 76 345 566 34 341 340 975 759 376 346 336 64 746 336 981 659 47 433 90 369 59 295 894 290 151 1 141 468 429 687 83 132 284 1314 142 1315 925 99 789 353 423 326 1168 456 1109 1 1188 133 89 517 514 159 1015 1078 530 589 359 953 146 417 292 186 154 237 348 1232 360 168 384 416 771 66 431 195 74 367 420 57 508 100 1014 210 1316 317 1317 499 175 968 263 335 400 402 538 126 389 337 206 478 339 867 7 1318 986 845 365 449 94 467 1135 386 119 60 421 410 768 138 194 394 1275 347 351 259 86 262 499 14 139 459 1054 148 460 312 284 491 52 216 67 72 178 1319 899 415 791 68 353 687 724 1316 951 561 412 425 153 179 213 1320 520 599 112 10 85 143 177 866 781 610 281 19 164 103 654 258 1069 118 199 297 571 211 252 209 44 385 318 623 1087 732 831 377 523 1321 450 233 229 427 625 77 41 120 55 959 878 586 473 777 823 491 508 395 71 505 272 889 475 1190 223 479 1305 1322 1323 250 668 187 460 464 16 208 570 521 493 16 136 628 183 934 776 1279 1324 321 606 88 448 588 308 503 212 1043 1290 513 815 568 407 773 265 945 675 399 782 870 225 477 541 174 1171 580 591 424 962 619 852 557 466 1032 17 254 93 43 517 485 26 585 1233 666 488 177 1117 673 444 688 676 598 208 869 681 1043 84 130 770 436 634 1088 899 1325 647 1326 428 1108 1053 655 792 710 928 197 639 700 663 902 801 670 35 686 728 562 1050 734 1327 504 575 739 451 682 719 496 1328 1075 552 697 1112 1303 182 257 1288 987 832 1227 1329 553 1330 33 707 1049 1010 622 903 616 705 1331 1332 699 570 636 1333 104 691 97 1005 1056 47 1155 1334 569 1335 1012 1029 895 1006 188 703 1114 185 683 727 485 1143 554 419 1011 1336 696 533 907 82 359 118 529 579 972 1254 1238 116 1156 1057 33 115 1168 468 508 261 621 917 258 351 1337 977 448 710 714 1329 229 463 580 1171 737 1164 747 835 265 513 418 143 1014 1332 1159 1138 1338 29 673 600 887 905 149 328 1339 837 565 38 520 757 842 532 408 31 49
139 910 713 388 189 786 476 233 794 156 914 729 674 1113 521 801 595 1340 98
140 1341 1017 979 1342 697 1275 278 20 440 143 1071 748 459 165 1249 194 899 566 7 1016 110 499 770 1247 1343 203 382 248 71 1344 952 137 244 217 17 43 109 107 238 224 786 818 273 1003 80 543 284 1264 962 568 794 220 609 626 141 52 443 596 977 595 31 239 613 89 114 362 265 10 130 193 581 698 53 463 650 1032 459 701 30 827 831 674 258 773 26 771 459 351 653 704 466 406 464 63 1171 832 93 622 802 185 188 690 945 223 727 539 133 686 1345 1014 1328 106 1034 600 1346 812 739 103 730 569 391 736 744 74 1347 707 746 1154 1303 412 73 1024 47 657 1348 1336 738 1114 801 1064 684 737 1054 687 1349 33 228 906 593 1291 900 753 1297 765 1350 1085 70 520 661 702 709 1351
141 491 167 656 347 414 353 105 91 259 471 279 280 981 790 112 4 187 93 466 100 0 54 550 268 14 47 148 250 640 474 402 354 336 162 155 146 481 189 157 768 763 138 808 845 588 172 804 478 448 1317 505 354 360 72 149 103 131 1352 324 420 1140 997 419 83 412 800 386 135 19 1042 1046 180 166 482 186 213 1015 510 1 174 721 991 564 791 268 554 350 545 653 773 619 75 442 1186 1148 519
142 853 81 152 523 774 1301 781 596 899 65 440 68 106 236 466
143 823 299 79 698 179 13 27 354 610 420 304 133 473 763 156 317 441 190 179 352 179 831 1247 1242 248 65 50 687 778 748 488 203 1023 609
144 392 641 212 864 462 966 153 1343 784 60 333 525 452 52 68 85 240 303 57 621 945 453 79 53 474 371 123 989 264 454 151 219 355 230 141 129 84 358 454 815 936 783 962 934 240 291 515 979 1031 966 142 108 1209 301 970 930 158 401 1353 70 934 50 524 64 422 315 684 989 829 524 454 287 434 464 313 397 109 109 287 1209 1035 132 300 510 527 209 124 815 985 333 462 52 124 749 129 284 160 441 397 797 1236 536 88 749 553 1053 1144 1056
145 559 1179 297 187 432 640 786 597 273 143 394 1082 596 248 231 142 756 796 202 1264
146 663 1125 523 172 847 663 138 847 172 801 1354 1090 861 172 1105
147 1037 1355 1356 107 116 88 909 1104 864 320 268 451 129 232 713 10 801 99 476 112 1217 55 143 259 269 90 525 63 75 83 466 112 930 173 452 142 91
148 525 104 173 151 118 61 86 779 474 32 103 268 123 304 269 413 236 477 107 97 1177 423 23 1081 351 83 448 163 116 401 133 240 68 80 0 550 406 31 345 1116 265 243 75 466 58 1014 146 106 131 336 1 154 115 217 382 382 353 158 548 167 791 133 420 168 482 440 782 179 39 32 21 13 22 972 1357
149 515 917 113 271 91 405 380 908 487 515 13 286 305 782 439 978 324 265 325 328 360 908 731 332 541 293 361 555 687 340 463 1005 1088 408 212 1287 1358 209 1358 810 44 305 969 1240 917 1046 986 337 925 487 14 419 843 445 18
150 234 232 88 257 490 236 99 143 248 930 917
151 92 762 271 233 98 182 463 1212 27 263 335 930 820 156
152 137 248 112 75 112 362 463 1359 75 174 1225
153 889 259 5 432 1104 154 563 155 554 525
154 97 151 116 933 280 371 243 864 549 430 262 778 468 322 823 455 448 248 406 269 295 264 865 84 301 1360 107 50 465 232 819 1361 1310 1032 1005 114 287 981 80 474 330 274 779 590 983 1317 455 771 1036 267 112 929 115 104 13 448 205 125 351 89 423 280 124 398 90 930 311 86 414 931 1014 347 124 53 517 985 354 118 1268 1015 366 0 300 146 1362 463 61 260 65 116 1343 656 76 163 157 1317 263 149 936 336 291 273 214 427 63 1036 378 236 1 975 515 274 80 746 621 1188 659 577 363 589 453 346 154 292 353 132 948 54 668 64 60 1268 1163 148 1037 0 829 367 1168 1304 1177 1363 1184 894 467 815 415 218 1215 240 100 268 751 168 15 41 57 751 168 1240 155 794 492 66 413 339 331 547 410 411 166 894 296 421 381 509 189 481 391 1040 1362 178 365 478 177 440 45 687 826 520 338 5 432 14 1183 945 1069 1088 1317 564 1041 1186 129 1239 486 963 554 562 585 39 213 21 784 88 611 830 528 553 503 433 557 917 1066 504 69 652 594 1364 634 619 686
155 50 474 79 91 91 794 14 190 987 64 37 132 39 1001 410 724 773 613 194 252 572 518 242 378 896 182 243 1008 1054 1032 118 699 203 295 57 249 1365 53 223 232 520 195 517 415 456 1243 260 310 631 920 634 932 114 887 170 217 41 110 278 1151 579 906 447 1335 246 832 683 1023 463 315 133 1254 662 704 535 352 653 65 609 1319 602 1226 1155 513 737 1129 1340 533 210 684 569 679 206 289 4 854
156 47 977 96 331 194 85 941 129 1084 806 355
157 525 199 96 786 157 174 1344 304 31 610 770 452 425 554 699 1043 33 801 684 757 1206 834 1017 736 727 1158 812 362 1366 1201
158 81 889 525 998 361 142 804 767 236 930 929 925 174 774
159 143 1367 1140 1368 320 215 1369 1247 19 349 268
160 867 107 260 358 521 283 349 10 471 732 662
161 527 252 815 1081 351 338 984 1005 925 77 1247 1040 565 485 1046 529 489 1186 1249 572 45 657 690
162 76 123 21 76 302 1188 667 268 557 194 667 667
163 589 760 122 148 1370 713 596 396 590 659 202 845 909 543 543 50 871 899 503 594 430 1029 465 734 636 1015 1294 256 57
164 76 1 54 185 569 311 354 116 1225 156 1119 236 304 685 758 406 231 558 440 335
165 81 244 273 1301 399 112 112 776 308 463 182 539
166 233 762 930 818 1246 776 88 112 1371 774 804 864 91 925 917
167 107 630 153 179 440 819 443 750 106 686
168 47 61 144 47 205 99 106 123 50 816 143 240 107 351
169 206 248 1050 64 166 112 1225 609 1105 476
170 988 310 153 994 141 929 13 566 778 147 460 447 72 52 504 476 474 845 354 775 1073 773 880 1372 620 611 587 358 1071 1116 242 39
171 1185 325 1298 980 679 395 136 1138 523 142 796 207 578
172 88 131 232 99 924 1038 802 109 142 910 372 861 786 794 440 597 174
173 478 1114 630 698 518 354 568 80 31 1105 74 419
174 182 801 112 641 142 248 308 801 285 479 572 308 1373
175 1276 378 1286 796 361 549 925 274 362 305 142 463 156 1042
176 1017 1141 56 232 941 660 47 823 86 910 657
177 346 382 248 872 304 59 410 202 13 5 65 401 44 845 608 196 474 520 269 440 389 1016 823 557 246 691 304 1303 811
178 493 732 26 592 1100 1142 518 1374 1001 1375
179 1247 274 474 84 281 284 59 110 115 237 193 1015 304 192 54 287 76 286 287 1038 196 85 378 129 340 386 69 889 423 198 198
180 131 1238 430 1192 27 147 91 845 182 791 47 324 238 399 239 639 173 568 631 643 575 554 1148 919 86 609 691 330 127 1376 1200 352 174 626 179 1152
181 112 193 112 112 962 67 1355 983 113 68 112 21 575 734 791 262 71 96 1193 6 779 202 110 76 23 920 304 193 287 239 287 1193 24 70 504 39 76 58 831 76 683 131 103 702 791 1229 683 1229 287
182 476 81 440 924 860 297 371 165 143 1035 1036 230 525 684
183 601 596 456 947 525 358 1171 351 214 85 232 452 88 112 456 734 236 0 601 1170 1014 133 88 782 155 521 4 54 118 226 181 80 274 412 410 168 381 951 1035 420 1080 654 147 64 166 310 65 59 371 687 386 401 91 419 440 196 192 74 79 75 1177 194 440 302 143 169 174 466 485 190 199 564 490 258 958 320 421 734 223 554 1307 959 734 1160
184 1316 246 778 115 84 47 13 173 64 868 474 918 1068
185 1075 1032 313 264 123 815 108 30 110 70 682 79 512 966 202 351 13 322 96 107 415 143 80 401 1130 320
186 86 99 158 233 794 231 560 248 794 823 152 75 232 131 844 112 418 102 131 99 80 98 274 173 124 181 639 129 823 112
187 308 64 189 176 408 166 80 186 177 1117 1072 575
188 196 482 198 153 199 648 630 133 791 67 420 483 21 382 177 420 273 88 308 763 117 97 746 243 412 239 697 697 135 19 39 245 463 202 203 22 76 619 223 78 236 881 282 1015 685 779 521 1114 1377 238 1335 241 949 642 225 980 174 568 244 642 241 521 1113 1003 709 739 685 678 283 244 653 1117 600 653 103 1338 1207
189 818 324 768 491 50 1034 250 630 280 575 173 866 147 554 619 676 1378 666 1177 143 5 443 1379 250
190 525 460 64 554 68 65 1378 440 863 523 418
191 847 864 232 1104 305 804 10 1075 101 908
192 253 107 1073 1120 630 50 549 701 1380 1035 29 1216 1248
193 107 490 246 463 794 30 864 101 231 122 110 101 311 447 243 635 31 6 82 1088 352 109 992 370 766 376 47 135 1074 1381 108 1001 1270 1382 969 783 420 1383 829 1317 1042 700 52 391 452 802 1384 1099 276 1034 13 425 232 323 428 162 777 826 435 1001 129 1140 235 455 640 441 179 843 536 929 495 430 866 909 347 392 1318 959 1005 407 1043 16 1000 1035 77 1073 455 773 850 9 559 1172 518 675 1385 142 146 1147 155 497 223 398 132 761 1127 1144 1386 759 1023 993 847 704 523 241 629 938 1147 612 1138 694 1066 174 1009 878 585 699 330 177 72 661 683 290 295 51 892 1182 1001 701 896 1387 650 147 586 728 532 133 304 1387 249 682 701 554 1072 1089 48 690 865 1388 813 297 46 5 696 1388 1056 27 1318 1201 566 520 1389 616 459 254 745 1390 1391 399 1268 832 837 29 743 110 1338 631 1204 63
194 88 112 419 174 619 1171 465 685 490 782 713 142
195 91 263 925 427 979 404 791 223 240 240 206
196 980 980 406 799 926 641 590 141 10 924 544 768 263 58 646 320 81 95 947 330 13 848 255 864 81 684 1356 656 110 63 291 330 248 131 236 504 97 229 107 1358
197 1392 107 99 94 415 818 80 310 1032 96 1078 257 921 790 786 248 79 945
198 505 1005 1079 1018 1081 47 1316 415 423 751 1392 953 1014 169 787 274 265 99
199 10 865 1359 913 623 1393 590 463 266 297 853 88 399 560 319 234 370 182 176 348 917
200 417 783 50 474 334 70 294 151 448 90 326 640 407 338 268 287 116 266 97 505 264 1130 281 455 474 13 56 97 268 193 322 243 784 464 577 1005 455 1215 243 236 116 780 417 107 474 477 933 1394 550 1078 52 848 330 423 298 781 298 243 550 123 76 124 401 932 802 1079 431 417 44
201 181 802 236 792 996 99 21 861 248 263 925 122
202 987 353 474 5 888 440 728 728 46 40 928 50 687 580
203 138 223 748 1307 676 1225 626 0 463 1029 1071 8 696
204 58 849 853 1395 236 162 572 20 880 60 420 54 239 440 202 240 232 350
205 525 75 491 847 75 112 165 172 80 419
206 1073 230 196 525 85 244 1027 516 84 460
207 751 68 194 787 440 525 854 493 50 233 1374 952 133 1060 323
208 345 864 58 381 656 381 137 118 149 308 179 561 1114 525 679 88 459 945 879 459 216 314 244 96 1232 932 459 79 1042 358 19 1105 697 74 148 575 621 866 43 269
209 302 50 956 1079 97 762 125 654 962 194 485 13 1396 797 468 362 482 854 1107 351 70 97 440 302 1079 1353 333 481 153 473 381 474 97 168 421 1188 199 10 783 520 831 224 68 114 77 41 22 506 1028 630 620 467
210 864 135 539 207 917 459 463 337 805 291 440 162 325 328 14 619 631 764 440 623 207
211 779 302 289 135 266 640 515 114 144 560 623 142 286 266 549 84 202 207 333 1032 149 375 97 429 98 635 1187 550 1209 156 370 392 317 13 291 406 414 423 780 234 794 59 330 933 110 1177 463 349 335 304 89 481 302 54 50 1025 378 262 331 250 566 270 321 194 326 379 932 525 65 844 780 97 324 324 596 401 193 1015 323 374 389 138 864 336 269 369 116 278 989 268 980 521 345 240 91 847 412 589 107 577 1101 66 1316 112 445 465 280 520 5 190 106 0 166 167 39 80 845 199 917 49 257 611 572 883 599 1166 1158 444 1201 634 424 718 1063 833 747 687 901 1056
212 226 855 106 174 521 1017 242 457 1017 420 1156 1017 199 187 1016 1020 140 734 1143 484 38 193 513 833 734 1350 1350
213 1368 488 8 488 480 1319 112 440 1397 572 695 206
214 474 50 485 194 310 242 1138 177 760 1 169 1385 280 282 280 1238 282 1001 1118 308 1051 1045 995 899
215 124 371 335 441 525 231 1185 10 236 142 343 149 828
216 985 440 1098 47 748 119 445 702 610 459 600 1207 143 1398
217 351 265 763 958 1132 320 54 349 281 958 250 362 80 460 177 186 876 653 133 566 459 35 107 1206 641 1298 623 8 552 1141 1307 610 254 20 143 748 324 1323 203 206 398 85 951 287 378 577 532 46 13 286 493 630 1072 490 1386 286 635 241 630 674 223 620 286 7 1117 196 657 337 115 549 1193 65 643 459 447 1399 1154 985 982 696 770 164 130 770 1332 748 1247 85 215 85 266 47 1004 52 50 147 1400 937 517 248 1263 982 1128 945 147 38 1251 256 460 185 366 566 1293
218 1209 294 265 497 151 525 1088 112 68 88 656 300 932 85 452 131 932 116
219 37 46 354 1343 354 99 746 1324 115 37 451 194 135 226 63 1028 1035 966 843 499 327 30 843 463 452 491 13 324 181 392 350 66 932 112 354 88 1015 243 94 401 324 13 299 287 300 399 808 130 801 284 289 412 64 269 274 481 157 219 345 250 69 654 303 352 151 656 1026 172 406 346 997 1018 979 427 1184 732 331 19 1 164 65 401 968 1401 819 19 39 352 20 819 58 241 1173 1075 622 626 415 768 598 460 129 674 904
220 779 854 226 791 790 520 112 179 490 46 12 483 188 205 1323
221 1074 425 162 277 162 993 1 37 843 713 399 209 1383 948 425 566 868 19 177 1213 845 143 412 568 50 701 354 843 77 526 1144 1173 1385 244 17 489 203 790 883 1046 883 254 1238 993 254
222 528 373 320 380 348 537 395 1025 540 64 857 163 332 556 255 380 492 146 325 142 1382 156 377 455 146 260 262 806 427 129 293 305 355 1234 944 452 922 187 1015 194 115
223 684 1222 95 771 783 452 1402 18 697 315 224 1243 1126 1126 847 474 196 10 1258 1168 653 1168 465
224 232 117 106 531 53 143 83 371 70 415 272 88 1104 129 160 302 89 32 1028 363 334 10 415 404 81 864 86 314 196 205 924 656 304 54 556 103 274 910 1311 98 354 163 314 784 104 416 65 932 79 148 273 156 966 981 1 98 1304 401 589 925 361 382 181 342 75 80 330 167 412 353 146 176 149 97 1042 802 499 1075 322 381 823 478 174 248 457 164 192 420 74 521 308 99 193 1317 263 91 687 491 424 276 105 399 12 560 195 213 1078 1156 777 5 244 475 1042 782 1190 122 419 251 617 347 623 451 597 222 118 21 500 508 353 184 985 1305 222 412 872 619 852 502 899 362 189 257 585 499 652 568 591 220 225 39 660 533 675 241 1403 6 609 642 322 1048 595 1386 713 474 1195 636 259 1010 691 1015 1357 875 1115 406 1226 1336 440
225 721 768 433 800 695 210 800 1025 541 469 713 868 348 563 759 827 812
226 985 1217 393 487 763 463 778 823 713 172 656
227 113 299 248 269 44 383 451 70 96 236 414 489 284 338 284 448 455 317 766
228 354 1232 320 103 196 64 113 780 262 208 418 401 463 243 1269 274 88 70 823 917 56 414 232 639 278 126 214 90 474 97 525 264 68 50 133 684 265 517 782 91 104 488 560 315 85 931 129 806 27 112 288 1018 13 115 10 334 61 152 99 96 490 596 786 330 194 110 119 202 566 404 771 930 193 298 81 947 269 981 289 295 331 106 23 685 456 430 794 138 229 173 176 909 326 55 358 123 291 324 205 932 79 635 114 58 466 131 623 143 53 1114 588 207 481 132 281 130 1238 96 116 431 452 59 698 317 286 61 80 1078 150 236 301 210 304 573 458 303 263 397 448 272 537 284 556 31 89 349 135 799 294 100 108 390 1236 446 387 389 120 63 406 160 1104 76 871 60 351 332 374 107 1106 523 355 83 1310 621 945 658 142 1014 1362 328 373 380 1116 6 804 371 248 260 60 47 145 65 75 153 429 287 1028 192 1343 175 793 451 264 137 359 986 985 864 149 765 346 336 273 192 169 318 496 314 512 87 656 590 215 271 781 209 967 455 262 716 154 1005 141 1 167 251 341 340 1404 344 157 779 121 1405 589 334 286 1075 37 415 155 30 74 148 320 337 491 1034 290 918 1030 353 751 196 868 423 787 275 453 928 543 109 601 217 342 627 778 989 549 146 182 1363 136 924 335 156 361 98 405 1286 292 276 472 206 916 95 325 943 442 343 394 283 370 327 809 1110 356 1185 375 1406 1314 369 285 977 280 170 259 250 409 322 1407 487 128 976 857 219 433 1217 431 231 251 894 1240 951 966 815 270 246 713 360 968 333 1255 146 1088 468 1168 668 345 338 312 311 57 308 306 305 302 268 54 297 296 295 279 261 477 402 365 143 151 687 946 277 368 402 66 372 711 1351 1210 384 449 420 459 492 465 309 44 292 548 381 255 566 168 206 386 412 1015 449 174 561 467 252 884 72 34 1088 810 101 1289 771 1042 407 67 482 460 192 1408 440 1187 181 623 1392 1214 19 445 432 350 630 801 198 196 310 242 12 1080 777 564 244 475 385 535 697 781 1409 410 495 763 8 504 201 1017 507 364 190 1410 845 39 679 71 165 1071 510 1261 648 1169 1031 519 118 224 94 1118 46 179 520 177 278 1021 117 1016 746 185 42 1411 476 508 362 872 178 484 199 910 550 21 862 154 49 563 1178 283 184 653 695 222 188 1281 126 1131 958 500 1341 1020 1027 633 382 615 808 434 441 220 852 1278 221 213 509 186 582 952 180 78 24 416 542 610 1029 212 84 262 1032 617 513 52 572 203 552 1384 164 773 127 239 348 809 880 226 611 925 166 363 568 620 1184 238 1412 575 574 569 1001 579 580 20 581 211 1283 1331 1060 1335 1006 854 626 241 902 724 597 1413 545 187 425 657 642 334 750 768 26 653 993 609 1337 686 1045 195 1050 896 664 629 602 245 230 653 718 824 613 683 32 748 1084 1157 676 1414 672 1299 688 634 774 516 1193 670 1148 759 1047 29 241 68 1288 1117 650 1124 273 1154 972 1003 1319 48 734 705 757 699 1112 749 859 1151 812 647 1082 832 1415 628 1416 1333 267 378 1254 68 1199 833 1058 991 140 834 730 898 838 1268 1249 1167 835 512 985 34 141 623 193 46 107 917 685 13 56 823 143 60 378 1154 150 951 1134 33 601 741 230 1267 358 71 854 735 701 1417 245 716 1418 704 1419 53 864 1256 256 899 1208 371 553
229 54 802 485 269 99 50 466 84 525 986 182 463 110 520 179 1015 684 867 406 133 167 1365 362 286 1116 829 129 46 194 143 577 610 993 173 684 106 414 779 115 198 1323 37 460
230 79 820 152 259 107 103 229 639 182 158 112
231 143 930 335 121 853 818 1177 215 1305 1286 77 141 129 447 354 232 270 979 853
232 80 65 1195 248 653 765 1230 483 65 225 112 1182 464
233 259 406 131 112 918 243 320 236 86 274 173 23 981 125 54 300 63 145 146
234 355 802 207 372 361 924 572 320 684 639 864 476 391
235 778 819 261 641 966 172 917 266 277 406 250 240 824 89 1132 932 517 1079 463 807 1032 367 282 281 476 621 52 41 194 135 123 70 789 50 79 415 786 10 274 175 412 354 1028 153 98 76 386 1015 420 96 103 137 1014 248 684 199 68 129 787 852 1119 47 132 179 630 112 166 478 72 42 21 196 88 148 311 928 440 222 419 213 853
236 298 119 311 13 79 277 474 861 243 96 123 61 414 420 656
237 656 778 909 768 760 774 917 633 684 1212 408 801 143 684 309 765 795 1075 1219 764 778 1001 224 765 1036 523 909 1165
238 333 107 406 69 515 163 196 632 545 440 740
239 91 162 196 96 64 186 324 265 802 179 258
240 1068 1185 1025 463 331 112 521 782 399 326 88 861 794 476 488 335 397 1121 174 930 162 778 155 563 232
241 10 127 490 349 85 99 993 274 329 123 30 129 135 31 106 621 130 687 154 336 131 243 1079 76 779 1381 75 53 298 779 131
242 22 115 74 148 566 194 766 78 8 243 189 513 101 750 19 65 487 880 129 112 792 792
243 10 335 110 684 107 202 85 362 864 311 214 1080 143 10 684 210 265 268 765 129 771 175 302 107 141 215 130 85 1078 13 315 202 853 68 264 966 806 122 311 263 129 172 58 820 590 308 312 1392 641 768 119 158 130 141 687 265 268 302 823 126 427 993 635 196 463 182 794 601 985 250 231 848 1114 80 550 103 779 79 363 64 326 401 324 114 1209 120 217 76 84 240 525 84 93 37 436 815 1104 910 815 909 172 606 459 205 455 147 884 236 280 116 135 137 684 387 422 431 489 88 994 1103 749 1381 77 318 336 355 994
244 208 941 231 537 141 130 215 853 430 309 452 456 328 142 806 794 85 802 1171 423 93 68 202 864 401 510 910 163 1310 1382 196 528 1268 389 148 371 917 476 297 556 899 941 274 456 596 143 556 663 457 110 243 889 640 786 423 202 575 487 452 1075 188 886 1290 734 582 108 133 194 959 149 58 1386 572 418 609 581 490 1386 466 188 276 248 185 236 804 812 545 591 1172 376 537 111
245 410 106 65 1032 1278 39 1015 76 352 57 493 218 232 1343 106 406 21 10 566 35 170 346 1399 352 346 37 58 346 1420 1316 1045 898 75 1016 232 839 1045 493 732 493 1200 493 656 419 1152 31 179 50 779 391 162 895 493 434 732 463 407 685 182 1347 1200
246 99 433 248 490 110 232 304 131 440 88 137 112 266 541 174 157 419 64 194 1195 233 80 324 251 100 925 131 419 64 88
247 443 87 108 108 302 132 275 143 108 54 354 108 697 987 763 213 1261 879 1267 244 966 74 986 626 196 47 459 85 275 26 1394 709 552 48 1291 812 242
248 560 182 173 248 229 99 596 330 853 910 75 452 456 656 864 149 490 442 112 853 823 623 232 864
249 405 295 933 208 322 406 252 601 194 304 8
250 128 430 807 81 293 456 292 1038 226 1036 1090 778 639 207 599 297 1092 1287 1421 372 625 1287 201 802 853 766 81 81 297
251 96 112 274 929 156 930 588 172 684 433 142 269 351 122 259 219 820 394 1104 927 537 1217 869 979 413 295 90 427 91 97 1422 137 323 105 861 782 452 147 213 10 1068 143
252 459 794 303 656 819 362 909 127 1095 765 1082 1131 23 713 362 63 330 362 1131 79 13 966 264 63 765 23 362 909 349 79 362 1100 523 780 1406 79 23 948 524 590 1116 464 929 306 248 1140 126 853 1075 91 150 61 471 525 273 1014 207 924 112 302 1239 596 406 73 457 928 417 424 185 466 866 31 688 22 254 911 673 553 178 699 127 708 35 691 586 1357 1423 420 232 660 401 468 623 71 1156 64 27 399 752 1062 1297 112 771 730 1062 1303 554 1339
253 430 774 1286 347 1092 792 0 112 760 641 1230 233 794 656 778 248 1111 317 669 684 156 597 138 521 357 969 142 146
254 848 477 468 455 54 889 133 195 1244 169 520
255 480 110 138 1241 152 768 230 342 1314 324 68 52 1130 525 147 476 409 303 1368 85 1271 215 37
256 84 144 818 142 4 979 63 274 423 771 112 165 779 165 142 1036 236 609 165 106 248 1306
257 202 954 917 348 684 640 555 391 1424 954 889 255 266 824
258 804 265 488 248 215 85 135 165 148 659 14 505 153 121 270 1425 1 568 77
259 868 713 786 990 917 372 233 954 868 713
260 88 1230 230 112 554 1 1105 794 925 684 129
261 873 167 44 513 194 259 949 174 619 127 54 79 280 260 112 181 281 977 634 346 667 443 240 280 346 260 21 80 410 280 1031 577 63 609 520 78 630 1029 366 53 595 1233 282 831 672 672 930 1122 1258 608 232 802 1337 258 240 750 1051 443 57 351 246 1016 70 60 1005 471 155 581 39 202 194 33 1233 595 751 554 115 647 443 173 1227 691 684 239
262 230 142 424 88 463 156 1245 233 372 1419 624 162 1038 791 50 110 440 794
263 98 266 868 930 1309 794 265 50 309 81 1 802 129 336 196 1034 208 202 684 143 240 434 438 142 962 294 236 246 107 265 485 945 70 804 654 78 57 659 115 948 415 266 967 310 474 54 406 452 482 243 50 781 520 67 338 50
264 1082 115 236 88 84 171 440 232 952 358 143
265 490 853 656 263 334 10 804 966 207 81 232 277 930 79 263 271 397
266 871 263 441 488 248 612 1133 864 912 463 778 760
267 113 182 713 713 639 91 182 1114 596 21 131
268 536 632 129 391 794 640 767 163 84 433 981 807 193 695 843 1183 1165 452 115 174 432 984 432 64 808 802 186 1176 1290 986 18 1178 80 454 1178 333 206 330
269 864 1219 194 244 236 88 1013 129 65 75 133 351 107 30 1141 890 445 1426 553 203 399 246 1168 53 1105 649 36
270 321 19 951 977 57 817 80 224 49 518 1300 9 865 1045 1195 215 229 72 420 1415 1128 178 256 1342 1034 1233 1330
271 942 1321 560 804 34 656 207 713 916 794 268 112 641 308 176 463 1359 1427 935 142 138 1406 980 823 1137 483 1066 516 674 232
272 363 121 259 529 106 124 346 406 488 206 186 354 108 367 131 189 402 489 382 58 47 106 336 979 61 490 171 654 11 64 177 808 7 100 304 1 419 179 278 132 821 318 927 268 1080 54 4 323 993 136 190 1156 275 9 363 166 194 243 318 366 482 349 243 312 1015 131 86 831 958 596 1014 17 85 780 180 512 993 515 619 179 732 131 1031 447 202 872 1043 94 621 724 147 621 217 114 219 8 199 80 341 65 1054 460 620 49 284 42 1102 219 67 107 21 1141 1402 873 239 223 949 987 628 206 179 254 493 904 545 961 837 782 635 1428 678 1203 241 223
273 355 110 99 865 232 112 1311 80 81 240 302 31 320 1015 1341 823 153 354 106 287 80 1405 107 588 348 292 57 115 50 59 326 314 300 236 1143 1118 684 314 148 788 114 85 250 194 88 80 427 80 63 243 802 366 917 336 382 397 276 577 143 751 232 300 977 363 76 248 751 265 181 47 1362 523 250 1015 313 137 196 41 931 1 274 155 1381 458 86 1 302 932 799 458 192 1343 994 520 74 196 269 213 847 482 520 485 639 179 112 1169 420 1005 1098 397 64 65 782 405 542 372 167 14 878 190 94 452 535 226 100 945 104 564 183 195 769 222 330 548 189 502 572 928 223 401 619 993 927 66 71 623 1190 1156 1020 221 1110 181 220 312 779 500 1105 414 174 199 554 167 445 347 183 4 500 166 22 552 564 103 203 265 165 188 653 701 545 73 504 106 177 21 591 1047 675 609 697 681 790 254 684 613 1117 575 746 38 113 490 721 662 75 732 665 827 1300 30 1429 691 33 1288 140
274 864 118 406 107 265 207 802 57 794 825 1407 784 114 390 236 517 10 208 332 379 262 23 362 90 246 1358 418 84 1358 156 333 97 64 330 50 115 282 454 289 573 355 389 1078 70 156 27 232 550 351 1014 194 133 214 687 126 129 654 433 179 1015 439
275 47 751 67 1275 650 751 236 23 691 17
276 1047 1000 991 916 213 146 782 196 802 1305 777 21 572 18 1046 1240 885 490 131 557 1364 5 1430 1382 257 641 1360 174 1231 312 206 1088 1353 914 783 904 886 786 1173 886
277 523 1027 207 276 1371 976 1082 156 136 182 472 1424 0 812 256
278 167 112 80 192 525 243 410 50 56 751 194 482 444 102 175 310 129 41 419 79 118 80 199 88
279 529 414 589 782 193 801 182 388 289 976 112 698 324 808 385 44 6 317 481 871 186 819 791 536 163 1193 1426 6 1050 1342
280 1 44 795 879 432 813 630 944 5 1274
281 684 794 684 236 794 525 764 684 401 1182 656 713 1096
282 269 420 962 808 1290 519 1027 142 427 519 1041 115 193 976 491 0 65 8 81 854 867 216 27 521 245 1156 568 174 1137 782 226 600 595
283 1395 794 641 639 864 430 403 760 913 848 1230 138 1068
284 463 476 62 187 62 713 979 62 112 590 1431 80 74 491 782 308 188 502 74 539 581 1194 241 1300 1117
285 590 1003 751 751 236 609 727 667 33 833 171 112 634 634 181 256
286 69 770 321 1432 432 199 568 1 6 412 568 193 521 1048 1337 1050 613 684 890 1034 1096 491 1093 1112 852 667 707 247 1111 648 525 268 526 420 1279 112 1052 1433 1385 1105 552 189 834 1434 747 948 699 1201 636 798 27 894 928
287 107 260 153 469 515 99 807 305 277 799 86 801 1286 105 917 207 324 1100 158 810 68 790 116 945 146 355 52 280 820 268 378 114 807 799 113 13 505 10 80 304 292 328 208 269 278 219 462 59 156 868 100 262 295 298 301 64 389 142 380 271 334 1215 1360 989 385 405 356 327 281 285 289 240 908 149 370 97 317 442 304 135 44 64 485 170 302 894 65 47 273 925 5 232 879 691 33
288 476 1223 851 307 930 612 654 909 804 1098 711 1223 427 976 110 1035
289 548 182 213 355 305 290 172 802 64 100 91 1171
290 194 265 687 1035 517 0 1 0 196 440 622
291 449 110 231 81 796 349 88 631 255 230 362 88 248 1225 1051 1051 88 300 362 1137 88 1137 1051 88 490 452
292 85 121 277 90 277 113 829 912 549 799 936 13 292 236 989 293 406 50 260 348 462 97 1209 37 206 81 322 243 91 363 366 124 268 621 819 975 1079 107 1015 566 778 1432 81 159 606 68 1078 423 274 168 1246 927 112 421 1040 197 482 9 524 116 54 815 949 428 205 432 143 401 932 206 440 199 777 1411 975 529 464 168 466 525
293 385 770 233 127 342 148 407 143 324 1309 276 463 490 397 1015 930 210 871 763 75 174 148 1249 628
294 31 779 142 115 434 577 517 57 231 347 96 909 13 130 932 208 240 91 1018 240 65 1106 59 143 333 261 65 320 230 1088 65 980 54 310 789 110 13 310 946 88 1377 463 367 515 1032 698 194 422 1027 1363 116 326 1323 193 785 512 1109 132 1005 80 302 30 116 459 1218 1262 358 7 52 1015 355 157 108 566 72 70 529 165 915 799 562 1165 778 932 171 90 0 192 242 787 790 265 483 925 1003 921 423 482 240 1 88 1411 258 198 484 706 133 351 1178 1054 1178 338 495 518 301 554 21 1137 42 7 564 1172 1435 748 84 503 163 676 165 285 232 1225 1068 238 619 138 746 127 648 50 1051 662 866 1157 147 1145 269 864 643 1303 1328 903 1258 121 727 834 1152 897 598 432 691 786 1060 1226 686 406 1016 57 57 1057 791 1299 734 1167 1264 730 734 699 76 707 153 593 432 647 667 1229 1057 1337 1171 1337
295 525 389 286 170 326 202 1343 281 59 54 57 462 453 333 474 79 621 989 262 407 133 287 13 1187 1135 302 334 931 208 106 327 351 466 966 246 366 550 1177 1014 194 131 94 97 248 336 577 194
296 358 621 771 768 14 153 359 57 379 1028 751 266 47 5 211 67 190 1414 473 752 737
297 864 320 233 284 69 665 172 1075 1230 488 792 234 401 476 864 663 451
298 169 52 138 474 57 176 310 452 105 23 103 133 106 194 282 47 1075 1028 425 630 420 115 354 44 174 86 440 195 401 412 880 867 746 1190 185 223 19 244 750 674 149 443 1334
299 143 823 362 801 930 525 328 924 112 88
300 768 1230 990 909 143 559 774 847 818 1230 146 790 1308 1176 790 847 847 230 656 641 790 549
301 132 315 451 794 474 155 81 174 179 280 274 1137 595 639 76 7 47 177 407 974 475
302 110 401 91 335 393 230 848 122 81 864 427 1187 297 452 362 55 1084 924 684
303 50 930 349 274 294 525 259 193 413 52 320 126 236 107 779 864 687 804 172 135 501 110 10 13 99 1078 951 868 324 658 194 981 88 1362
304 1323 88 196 181 112 382 214 302 763 54 50 119 401 252 780 867 865 884 129 67 872 354 150 137 845 21 431 130 112 486 1020 1178 1436 899 130 730 753 78 104 1297 193 520
305 909 427 276 476 1185 10 438 1393 143 0 122 91 802 121 320 81 290 89 491 917 452 441 142 393 96 793 307 523 654 930 818 1013 606 229 801 328 1030 297 234 764 979 794 1165 1105 1421 347 778 236 990 929 1075
306 117 202 47 460 620 19 54 779 1316 579 50 910 609 21 283 609 283 437 583 746 107 246 299 566 121 242 1206 171 685 232 214 189 622 147 1105 679 691 48 1051
307 713 80 684 786 794 588 189 248 106 609 786 976 861 81 456
308 443 330 41 58 410 440 15 174 958 975 99
309 1 232 684 231 142 606 156 112 430 230 143 10
310 88 269 552 591 1217 1050 552 248 170 80 1233 179 112 74 244 616 666 512 179 113 420 647 5 49 244 223 80 543 512 63 114 205 1151 9 42 318 52 1199 215 104 1437 543 600 568 47 1141 812 361 46 26 1141 1141 1141
311 10 414 64 106 240 50 471 521 779 107 474 283 463 4 189 452 56 560 1017
312 521 656 916 566 156 216 769 927 724 684 199 488 589 516 472 638
313 774 762 713 804 476 861 794 430 861 156 232
314 853 382 794 780 853 88 322 708 818 244 10 65 708 684 734 1084 525 440
315 866 1184 786 236 232 566 284 39 148 861 792 62 572 112 331
316 5 440 1071 148 130 21 54 407 44 366 1247 90 420 1081 1194
317 889 440 978 981 131 190 695 474 1186 115 115 640
318 1034 129 1268 114 262 286 1034 114 114 150 601 985 1034 1381 141 787 165 192 214 314 407 1015 884 697 866 768 778 1034 1034 141 1034 1034 1034 318 244 952 1242 952 572 266 750 185 371 1323 1165 468 1248 238 1108 135 549 566 26 202 778 875 185 141 1034 1120 114 749 1119 1168 701 952 241 969 749 685 701 708 685 129 114 114 488 864 1023 488 114 599 560 328 1023 231 1034 21 147 1034 701 170 1034 170 630 806 687 701 114 1034 170 1119 1330 1034 880 880 114 897 170 806 140 687
319 862 1025 633 505 803 558 546 877 1174 1174 964 1291
320 305 129 525 350 264 784 784 112 515 99 1422
321 99 81 1171 713 947 490 463 75 523 804
322 21 1020 1072 872 284 39 801 1282 801 830 1282 845 845 801 1282 284 872 43 583 25 619 1066 27 575 138 564 132 1051 564 37 1050 787 778 1148 1181 362 1326 187 757 1155 1201 1203 837 179 840 1438 388 1003 583
323 966 499 1183 194 794 440 1084 1053 78 653
324 64 877 206 452 984 986 163 861 1046 162 772 98 774 1131
325 196 1408 794 866 30 952 140 1165 109 1028 381 613 447 1120 1388 897
326 336 216 1385 818 254 232 1049 557 864 440 143 554 525 1144 867 452 789 112 258 801 1141 748 133
327 174 192 115 389 440 354 504 198 505 320 425 484
328 234 976 98 395 235 234 549 273 97 231 786 232 1371 80 112 75 274 88 930 56 912 236 248 768 207 110 317 126 96 732 440 131 284 468 467 493 1439 492 184 1186 320 143 526 407 1048 845 448 875 568
329 136 832 182 112 174 572 786 619 86 86 619 832 609 174 181
330 305 471 1280 804 98 110 476 1022 1287 182 476
331 88 248 112 232 794 430 525 525 335 207 801
332 10 427 112 302 656 127 219 1188 10 21 526
333 63 196 866 768 787 50 19 47 194 107 333 685 623 560 568 1015 230 979 195 169 238 10 241 78 119 182 21 1258 129 690 143 230 831
334 639 232 525 823 623 10 539 328 99 463 1216
335 424 1015 133 791 521 473 58 76 789 406 802 878 977 1186 454 39 445 282 261 56 631 156 216 867 65 452 894 85 35 304 365 420 149 54 194 520 1016 958 205 4 121 81 713 287 916 173 153 89 517 50 34 1169 202 31 866 656 234 1045 351 258 73 750 346 550 654 557 160 746 583 170 1074 657 268 666 987 985 1052 1102 174 1141 888 109 647 927 879 1383 447 425 1035 147 1240 680 1144 162 1144 259 769 896 701 693 1345 430 606 333 880 696 1440 467 440 63 748 1345 207 481 552 777 602 345 258 1054 761 859 690 119 37 78 572 706 1435 610 981 27 1275 26 896 205 667 1254 738 545 1116 401 727 842 1051 666
336 794 233 917 47 1441 1036 539 430 399 801
337 47 928 185 518 280 63 261 1119 521 854 1119 662 63 1003 199 1017
338 98 1290 362 924 663 126 207 456 401 884 142 393 773 10 335
339 980 320 251 1138 847 342 284 849 317 207
340 921 1027 1027 823 187 996 1184 1027 765 879 657
341 644 63 155 639 440 819 685 112 268 636 1201
342 778 956 760 399 248 909 156 914 1354 174 1210 1136 112 609 476 980
343 871 269 577 997 18 695 572 1001 557 715
344 246 54 278 250 64 331 7 141 194 170 10 1218 170 299 687 30 84 550 1034 867 525 30 78 724 129 1005 1442 1221 177 248 521 30 290 458 854 46 684 216 170 847 450 402 41 386 467 50 889 192 543 1088 240 443 535 801 495 1119 1001 169 440 323 326 34 435 542 77 72 132 318 108 97 302 425 412 47 44 23 1089 88 195 88 771 467 143 271 1101 115 71 37 74 465 223 328 17 334 215 389 185 520 165 165 511 20 928 93 401 16 52 499 200 802 1048 765 782 1016 648 697 1020 19 196 845 831 113 619 1236 1231 1043 518 1385 595 33 672 1008 715 879 680 76 1328 888 728 728 1012 1443
345 333 100 1442 659 962 1188 148 415 0 829 815 123 527 543 802 76 6 336 146 521 479 124 47 1 1110 338 411 474 432 440 57
346 169 512 77 927 436 1358 50 1034 687 1035 724 815 794 334 301 333 981 909 37 749 259 1235 1076 829 1035
347 596 112 173 864 315 291 807 302 68 149 406 57
348 229 260 485 187 281 47 110 146 54 485 1118 656 47 425 65 112 51 334 34 10 763 56 873 282 386 13 9 207 252 112 148 284 635 155 468 236 1406 911 208 252 635 1277 796 485 274 175 61 606 790 193 1187 331 315 1320 216 483 1104 566 787 668 318 654 115 577 1168 153 789 205 9 299 871 39 1005 633 481 483 99 310 229 362 378 485 1016 519 47 217 283 10 184 484 1016 133 440 1093 628 336 32 209 519 566 1105 107 260 324 199 115 1444 1355 260 1105 758 200 1314 392 1003 1021 518 404 8 460 1318 561 1352 535 127 111 52 275 1141 1429 278 1080 1273 96 85 132 565 435 1088 867 143 164 1020 627 512 917 542 375 232 112 562 1141 790 229 94 814 659 773 179 445 117 39 566 311 866 631 44 88 1352 50 1073 773 119 845 1206 49 1073 165 954 172 203 1372 639 1026 724 991 1136 923 748 855 872 568 315 223 66 526 1360 459 489 244 769 770 1282 951 875 626 1051 406 921 572 1178 1120 1023 1072 238 1109 204
349 231 823 456 342 193 353 218 481 490 1048 362 490 378 899 333 174 682 311 22 985 103 1068 831 63 1192 674 1048 217 1048 311 214 73 1005 353 253 508
350 230 257 230 467 486 69 790 525 236 486
351 916 52 87 560 391 70 294 540 1427 1086 206 346 51 1088 452 19 288 867 496 476 132 206 1250 190 20 654 493 211 318 216 354 278 486 271 1069 115 1013 196 272 177 360 156 539 570 552 90 425 108 1232 314 635 4 96 179 361 641 1184 383 1340 347 1288 252 1266 464 3 115 72 106 777 1125 300 21 954 1274 98 10 552 374 435 245 734 270 30 170 315 354 244 665 885 628 1304 1247 595 254 26 664 599 529 176 657 47 58 481 649 371 268 718 568 832 443 135 474 938 690 581 449 584 263 1445 1301 466 639 532 757 880 600 223 351 1166 907 86 1446 143 54 1330 886 1010 49 401 920 253 407 783 870 1447 496 1404 623 707 304 188 182 557 80 363 215 945
352 21 362 687 167 112 504 575 1029 751 715 1071 619 1307 39 520 993 641 626 300 471 165 871 674 1403 629 676 1117 1105 331 698 1426 188 1112 412 445 174 883 485 1307 447 1113 500 26 619 680 35 678 660 679 832 38 1399 1328 409 691 1448 1051 75 595 1227
353 818 1023 792 107 19 1050 210 674 451 216 518 177 854 1238 232 521 1072 1443 622 191 1416
354 81 268 320 88 309 474 684 167 378 818 385 80 713 214 1027 1114 1449 871 172 981 809 521 424 802 782 284 236 86 31 525 115 299 174 346 257 330 196 53 64 12 463 440 214 399 845 932 786 92 232 80 341 340 1404 75 481 442 449 96 354 106 233 491 519 273 193 598 559 14 623 181 679 243 27 222 118 560 872 20 72 884 194 39 572 871 24 296 489 199 474 781 994 916 131 504 88 110 732 734 225 24 579 1039 39 440 6 1266 1340 920 216 529 716 98 699 52 783 637 864 156 262 452 980 1066 1130 577 433 187 270 1019 270 1024 1057 1171 1181 595 1437 812 720 1166 439 532 979 476 722 142 886 612 1450 554 1312 308 450 270 879 182 823 675 679 798 135 135 930 1252 270 193 725 146 889 256 440 1149 757 196 859 110 349 207 109 972 892 1390 162 782 228 52 657 505 1451 529 1328 254 695 188 640 891 441 887 898 1217 50 437 405 388 487 812 519 623 1049 590 961 533 753 64 554 29 1340 1452 1257 214 805 1453 433 183 639 1454 867 80 729 1152 1069 4 1413 733 1435 777 1166 433 980 1156 527 1201 1113 353 521 141 626
355 1419 177 47 46 20 30 130 1270 579 216 216 867 852 50 126 626 219 620 287 64 28 643 63 1023 564 93 447 696
356 1082 174 778 1455 864 476 669 127 297 1212
357 685 138 1264 716 52 93 215 14 143 236 1275 786 1177 7 8 94 174 179 107 880 177 168 987 1307 554 789 30 349 518 866 635 39 773 84 519 215 830 85 713 686 9 112 63 121 65 17 112 1364 591 1225 9 1296 554 807 756 1270 716 9
358 774 354 95 494 937 732 493 794 1373 419 1131 1373 70 794 247 388 617 430 251 334 64 1300 334 1373 804
359 85 794 1165 769 1270 952 988 952 311 1028 143 866 1408 352 398 30 381 9 346 992 1383 109 1036 1238 459 459 331 447 1374 1273 196 613
360 1135 1286 361 262 232 794 320 328 917 493 463
361 232 148 147 864 203 440 199 474 50 39 86 1272 72 330 1020 595 196 241 620 1148
362 466 488 136 924 290 404 105 263 335 397 156 273 55
363 248 525 1082 794 909 230 210 70 818 427 1342
364 400 687 751 406 1103 1309 325 1019 934 59 297
365 335 263 1230 156 98 206 248 597 1288 103 595 232 75 564 1117 287 397 434 441 419 440 174
366 947 525 804 854 937 818 1383 445 794 1131 663 239 497 1456 112 964 1421 234
367 1176 450 1406 325 1165 207 943 1210 980 794 762 233 142 55 804 864
368 792 153 208 133 440 142 1286 358 691 202 236 951
369 88 321 621 318 194 1177 275 621 1177 867 250 143 277 449 76 216 697 843 244 443 318 30 17 179 20 355 252 215 721 84 940 42 114 1141 114 1125 845 238 1093 1017 170 277 630 656 185 467 107 706 626 647 50 1006 9 241 700
370 1231 801 232 1105 112 502 619 463 521 80 86 1017 554 674
371 484 353 374 448 311 15 10 504 69 322 1436 391 462 778 327 57 13 9
372 868 414 351 123 779 259 807 930 463 91 61 88 525
373 1005 269 65 126 50 70 250 465 854 66 210 445 823 86 713 131
374 88 1177 333 292 149 918 163 287 186 90 659 338 236 640 724 76 261 639 77 1270 414 97 1080 401 547 44 257 432 107 1347 894
375 865 84 471 153 489 969 778 915 969 439 356 174 348 1370 1138 1396 179 425 1017 463 183 399
376 74 129 866 1044 1103 401 1119 867 1034 20 1189 1102 30 631 132 628 610 232 1419 1139 568 185 1352 1262 778
377 1271 1130 319 804 1111 248 88 1137 257 656 794 148 283 609 430 1137 794 525 143
378 1171 794 207 98 1286 278 361 925 142 156 136 176 539 231 1326 910 156 230
379 320 472 588 142 430 362 308 400 930 1219 324
380 794 1021 684 1 112 430 233 255 997 656 523
381 287 475 412 347 440 1190 424 248 198 69 407 184 1261 525 76 376 484 542 635 245 697 572 206 127 653 196 407 343 536 361 279 554 475 185 188 133 129
382 249 728 26 52 662 13 701 1457 112 241 244 1226 13 143 566 50 63 1154 626 1458 141
383 52 110 232 170 277 687 363 356 1368 114 322 325 299 375 349 864 1247 107 480 392 1270 94 279 684 10 481 1007 250 521
384 849 98 380 624 1459 1090 1185 656 1460 138 543 476 325 864 182 793 372 1461 232 156 373 297 102 31 493 721 873 493
385 984 979 56 81 713 14 14 92 427 931 135 560 869 182 1013 713 979 58 463 187 979 931 14 869 64 916 560 853 189 143 206 187 1132 70 500 502 1216 1429
386 1131 980 794 88 80 926 230 786 849 248 801 34 234 764 760 476
387 110 405 404 10 335 86 355 263 326 472 527 979 976 853 525 452 556 646 400
388 823 418 53 301 685 415 351 145 47 131 23 202 112 1168 111 106 414 302 981 186 1078 1235 1 684 482 440 1116 791 52 1206 899 86 246 179 131 1027 410 977 71 74 174
389 789 684 363 115 366 54 194 351 371 76 440 606 1409
390 146 471 1246 0 112 894 1015 406 432 440 346 518
391 807 143 10 37 415 376 716 172 300 214 129 452 1030 37 621 668 1404 459 806 807 452 928 300 799 967 352 804 430 966 146 1088 468 286 350 234 46 358 54 1404 527 314 912 1088 687 816 458 278 93 150 160 143 240 263 23 314 1177 109 234 463 1462 314 265 246 590 138 127 27 265 993 461 864 1362 110 341 163 89 207 129 311 153 751 621 311 154 82 529 644 90 548 196 15 309 81 171 1048 1 381 311 1015 1449 85 79 277 115 88 448 343 1214 1005 44 284 231 529 794 314 1458 341 488 410 455 107 201 65 1003 855 587 198 340 562 1121 1440 98 1264 98 593 917 872 407 192 879 587 201 393 236 697 534 1393 434 412 1015 244 499 1142 778 937 587 972 854 1455 44 623 6 657 616 362 1346 1181 1353 461
392 232 98 463 80 441 768 397 335 393 91 263 544 86 868 95 853 174
393 513 1 1 440 770 260 71 236 346 17 520 129 88 751 1270 634 33 680 143 154 662
394 802 44 0 119 338 566 525 1306 233 798
395 365 66 274 802 1187 869 783 251 324 404 344 79 1014 90 207 1220 361 1298 232 459 112 41 172 142 771 530 1085 8 446 323 953 262 50 196 977 52 327 573 1188 845 566 445 425 330 936 67 115 878 481 372 504 286 284 385 349 287 177 199 475 434 868 132 242 242 440 549 20 351 88 872 789 420 133 19 1319 10 350 65 39 195 1015 31 362 248 149 584 951 244 54 554 564 890 904 569 1072 355 188 660 1463 832 1066 1328 508 830 1178 401 100 382 757 747 1051 1200 639 148 1115 834 1340 1201 674 539 203 231 1137 233 444 714 686 407 886 835 66 974 1293 727 623 1437
396 172 295 135 389 262 332 405 921 304 525 363 79 57 113 63 206 779 214 126 884 252 143 345 114 287 923 854 328 457 61 909 13 251 280 790 269 463 138 320 323 1352 285 34 951 232 474 456 96 115 50 236 259 962
397 315 287 330 248 148 782 1192 545 225 1372 466
398 399 864 138 230 605 742 997 818 663 639 231 889
399 1079 37 431 338 291 440 166 423 548 179 818 731 108 467 4 827 1301 268 1006 69 525 1 355 285 84 486 1042
400 1165 1146 433 1241 853 1464 437 861 1465 135 574
401 922 518 777 285 500 5 446 628 869 805 962 611 518 243 516 889 995 617 380 847 156 207 1176 445 378 447 33 271 143 667 557 281 281 601 156 683 148 575 1347 242
402 804 531 848 135 133 148 427 270 135 713 146 146 156 148 34 84 977 623 354 1013 799 237 463 110 362 31 345 65 336 1013 623 155 52 215 283 917 596 127 353 37 171 853 870 14 1213 716 193 275 610
403 818 99 910 112 656 713 69 1027 181 285 419 75 476 493 64 419 149 202 1373 39 361 335 794 304 1114
404 88 525 113 10 236 79 336 23 50 1078 168 787 751 113 466 167 894
405 427 976 997 1044 794 439 802 1095 372 1271 201 188 477
406 37 521 74 309 243 487 174 342 399 147 177 1276 221 561 610 561 217 866 1017
407 791 88 262 1217 418 776 69 351 381 13 155 302 76 440 899 831 864
408 114 287 389 269 804 333 10 556 298 56 488 6 260 76 300 310 427 262 301 326 81 291 114 768 503 287 656 320 248 65 440 503 155 1317 783 411 423 149 412 336 432 185 155 417 154 606 146 353 1 338 485 374 440 154 428 268 440 280 184 464 1466 223 1029 519 791 1317
409 30 460 1073 1032 650 47 47 688 866 605 249 141 1467 699 765
410 1082 47 67 85 275 129 238 440 1120 406 566 280 349 1376 486 185 584 194 265 979 734 199 899 734 1156 802 33 1253 424 554 1203 1339 76 1294 63 283 149 106
411 148 1026 174 285 96 590 554 526 88 713 1068 75 232 221 1105 864 1072 331 141 526 1176 112 864 362
412 778 917 762 794 925 669 996 207 231 10 713 684 308
413 164 212 3 771 1033 765 1171 129 315 256
414 476 427 976 440 1426 663 597 597 1105 609 1050 721 521 685
415 782 233 684 864 248 88 487 924 79 776
416 818 440 53 1348 835 1066 832 757 600 273 430 720 233 463
417 786 490 233 801 1246 80 112 423 97 430 88
418 794 597 437 1468 0 233 112 782 393 904 80 818 864 1426 362 861 437 873 1408 684 589 156 554 430 539 639 53 82 1469 233 1245 231 493 27 88 191 1165 1090 361
419 84 292 271 79 257 114 355 404 802 1104 635 335 281 250 68 208 193 391 351 472 934 79 452 829 277 1092 829 276 549 121 912 96 152 474 61 815 175 91 143 231 434 4 376 1343 112 510 802 262 77 37 337 436 263 160 8 785 272 1104 989 349 298 300 205 323 464 323 334 8 414 138 172 132 323 565 324 105 917 1238 113 357 537 44 274 80 125 524 577 1038 293 262 434 304 361 255 77 288 306 1289 339 115 317 370 306 97 90 307 269 265 302 481 278 341 301 912 512 1209 1313 871 326 599 314 8 589 598 94 139 623 88 209 917 289 530 360 0
420 864 525 88 149 804 774 1082 216 69 440 1186 428
421 79 463 99 415 86 56 156 930 158 488 463 79
422 640 525 1039 768 829 129 452 853 930 917 386 88
423 97 291 88 640 106 474 1171 760 917 173 86 930 22 1137 91 232 792 776
424 1104 782 192 250 808 248 69 50 177 143 399 198 167 932 362 440 169 172 302 84 67 854 1034 107 62 531 89 802 1090 185 181 1043 93 113 296 179 174 169 302 258 76 16 244 1125 493 131 875 21 580 467 232 79 182 674 699 763 216 554 690 1113 560 202 666 690 1023 1014 653 46 80 1380 739 626 1159 837 898 1017
425 452 338 550 355 340 60 274 359 149 66 644 465 93 284 970 354 779 456 1078 106 639 311 341 275 1 864 428 590 867 389 540 951 259 966
426 99 81 818 113 910 69 156 721 1212 847
427 80 113 807 163 44 10 202 789 333 953 813 801 818 50 930 1035 431 240 894 550 767 336 844 962 5 79 463 91 831
428 566 281 66 332 1343 924 260 106 452 425 654 47
429 69 88 192 980 440 65 521 47 112 268 577 554 831 133 248 490 572 142 129 338 106 909 80 582 333 73 138 407 194 444 304 216 381 619 452 421 1036 74 202 549 97 976 262 22 316 706 104 1028 85 285 239 258 843 489 1233 339 1188 1364 779 126 484 575 56 553 128 114 351 371 899 557 961 236
430 595 407 794 142 864 248 640 684 362 335 563 569 525 440
431 96 163 829 109 452 232 490 436 356 405 219 84 1175 68 105 268 819 85 844 97 333 1076 503 50 8 819 1075 869 304 90 312 355 829 109 112 414 378 598 122 436 356 96 1130 268 91 989 413 414 378 1422 1028 96 474 274 97 268 163 237 823 868 857 869 1420 802 50 206 323 1383 1381 129 147 193 237 782 194 76 780 78 1269 427 193 274 1110 271 1114 601 50 80 90 323 1026 396 481 423 66 547 929 381 1135 354 1135 331 458 278 375 205 599 1001 30 819 195 724 133 206 96 213 1037 30 432 52 511 308 4 221 1046 57 60 89 421 1038 1189 561 1156 585 346 1068 127 224 3 447 141 773 35 236 192 244 616 45 428 750 1319 238 1144 132 661 662 718 714 1303 1008 535 26 415 1010 772 648 727 834 1155 1433 1201 244 1150 1159 743 1258 1339
432 50 216 177 196 572 1169 412 653 300 254 499 440 899 1387 486 88 952 890 179 1075 568 886
433 550 1078 13 855 412 795 115 384 50 420 47 1114 232 6 484 780 365 112 88 295 353 331 538 268 440 294 69 577 104 132 262 414 214 126 852 193 374 389 206 510 186 194 326 269 791 65 68 336 133 484 294 138 156 491 149 208 404 481 286 1070 46 361 612 307 21 808 97 188 325 603 142 129 620 263 72 364 301 721 831 568 236 450 635 330 1060 70 609 71 1303
434 113 794 232 910 112 143 1090 848 47 760 112 1105 640 976 476 521
435 148 112 325 1104 233 142 99 105 909 207 768
436 648 196 425 232 230 488 695 52 725 39 391
437 362 202 412 1170 106 177 118 236 382 1286
438 292 243 408 376 910 1326 521 143 362 419 64 475
439 582 336 452 115 582 550 787 654 662 61 179 653 310 1400 944 253 1016
440 131 1028 566 268 126 589 331 182 979 250 782 330 172 215 90 490 103 354 116 381 199 85 181 1068 192 137 166 189 141 19 460 338 366 1238 699 568 193
441 419 440 77 351 1043 88 879 889 96 773 932
442 299 406 236 141 110 929 781 115 57 930 50 85 952 716 215 440 392 378 1230 242 41 548 67 626
443 762 996 1165 713 925 13 476 612 81 230 81
444 818 491 641 794 234 864 127 525 70 549 786 81 231 0 760 1082
445 81 786 112 10 930 813 207 909 142 943 56
446 416 56 381 440 529 216 466 338 20 493 80 1078
447 323 967 146 452 537 268 91 80 129 130 64 921 186 787 213 133
448 1095 155 430 976 854 430 1245 1224 255 864 853 778 762 427 792 1421
449 170 8 766 79 550 90 802 292 1355 127 908 110 74 123 499 159 410 80 415 425 161 1054 177 206 130 118 993 382 112 746 590 21 1054 136 37 621 495 260 20 789 1169 513 177 1032 698 443 660 634 695 880 1343
450 129 1109 10 64 1177 406 1319 110 525 80 521 236 415 74 1111
451 85 77 977 261 945 330 322 236 401 829 799 57 321 487 197 277 82 252 1270 68 294 333 640 462 785 240 962 124 47 97 912 948 1079
452 57 266 640 804 231 10 1 477 854 925
453 419 27 35 112 679 620 1033 32 217 746 961 648
454 80 786 521 476 233 373 861 1219 1017 437
455 554 269 1171 410 708 96 676 1233 1470 1035 69 637 1399 236 485 702
456 263 853 804 142 868 248 407 1407 913 81 1393 778 1171 378 774
457 131 196 299 560 112 663 612 181 782 502 23
458 243 236 962 351 89 817 304 436 1109 88 1039 815 435 129 289 21 133 773 805
459 315 10 520 177 410 216 751 1270 185 789 831 550 20 188 500 195 622 452 483 106 250 1436 110 952 1358 871 1006 874 487 170 653 993 129 86 1003 715 177 349 1020 674 751 699 520 1105 280 246 33 653 802 73 817 65 1386 26 265 475 757 1152 712 736 681 838 568 839 179 644 841 907 174 609 901 686 1471 1229 21 99 228 85
460 606 899 128 236 232 770 141 252 1088 467 977 654 864 773 141
461 348 1003 30 574 238 759 277 765 107 824 187 626 129 701 772 1472 130 47 971 696 657 704 817 974
462 128 231 764 207 10 174 597 142 924 112
463 278 1454 1138 400 348 110 313 912 986 274 979 817 549 1079 123 195 258
464 929 639 107 1 13 67 322 280 751 525 751
465 202 393 868 81 233 129 64 206 976 847 230
466 233 1142 397 684 140 84 37 243 190 473 112 782
467 418 248 909 88 112 81 804 231 309 297 1130
468 801 263 231 361 142 91 684 234 786 786 684
469 62 463 713 399 778 156 176 120 589 521 823
470 1246 232 697 431 908 746 5 758 113 587 21 872 68 518 548 39 163 980 662 833
471 141 232 864 930 335 122 308 623 816 142
472 1080 129 440 179 243 606 243 300 521 440 69 243 687 167 203 653 185 751 674 827 1224 185 925 225 662 236 183 686 932 38 702 112 842
473 824 1219 590 1133 786 1075 1311 463 112 909 456 801 976 539 681 521 1216
474 949 482 1020 330 232 440 248 216 818 452 236 630 525 414
475 1078 194 303 373 550 525 315 412 173 302 162 131 465 268 142 525 250 84 129 112 214 338 440 867 198 156 1135 394 787 103 274 70 146 804 76 679 143 53 386 353 371 481 88 69 601 870 746 273 590 196 484 7 85 130 460 495 452 99 20 685 52 202 192 687 90 47 631 127 1105 554 21 1420 107 818 39 282 244 761
476 864 10 233 274 490 202 248 82 112 276
477 823 76 1473 114 423 112 295 286 301 290 153 85 169 945 363 197 265 116 468 97 108 143 142 332 136 98 356 263 948 264 13 304 107 966 1106 138 302 240 687 1088 202 358 517 474 232 261 240
478 280 193 1036 626 244 239 1193 959 667 564 813 728 1129
479 765 232 58 849 549 916 160 351 263 37 274 588 326 4 1104 175 294 330 635 277 323 236 782 304 232 474 857 311 202 88 76 415 268 53 97 358 413 304 115 452 966 1317 13 1171 89 405 361 1132 1036 287 624 448 468 286 262 455 864 930 176 802 298 414 853 656 126 172 276 47 305 278 458 1018 301 107 322 713 156 207 1313 96 117 871 797 111 91 132 1005 129 123 325 50 290 457 61 226 360 492 530 115 54 785 566 514 113 380 759 64 143 142 119 477 398 114 925 968 100 1014 194 481 273 336 66 193 359 195 206 491 389 208 210 251 354 1 1323 768 136 467 459 985 732 601 154 746 6 478 269 589 133 98 770 1211 68 265 337 390 214 155 365 412 174 445 216 510 213 198 440 1101 1410 713 31 697 104 962 196 532 805 85 184 20 1190 493 245
480 864 81 130 925 54 799 341 1449 257 351 412 466 352 186 141 87 265 206 132 389 70 452 172 1109 180 190 196 11 163 258 192 126 1054 434 199 656 1326 697 380 155 216 68 96 165 42 529 815 77 502 1111 1156 1340 88 239 85 121 894 1020 731 194 599 572 211 516 624 1049 637 676 972 26 1117 890 1043 777 657 568 728 971 4
481 234 794 684 766 207 236 393 930 88 362 796
482 212 823 864 114 1171 98 853 309 786 980 794 231 804
483 76 6 112 475 355 58 465 525 908 474 772 196 1075 49 5 46 155 360 404 114 412 503 115 1032 251 20 47 132 433 90 424 779 414 355 360 365 787 446 270 1013 67 619 203 415 338 404 261 605 66 240 872 452 512 466 192 511 129 108 244 1122 196 287 595 1343 405 368 455 1090 280 899 69 1182 1117 389 182 182 504 23 780 1048 977 385 467 1410 295 342 278 26 193 68 207 208 440 1303 687 1056 897 699 1228 483 374 379 1306 528 806 527 132 510 980 1474 685 1291 627 494 407 1171 754 624 938 1236 206 476 132
484 909 940 976 114 194 864 1026 112 350 721 762 70 1082 112 1036 320 349 190 818 909 69 917 272 1015 482 503 164 1035 4 1035 436 129 1105 518 1021 687 64 250 966 268 232 287 155
485 291 786 560 799 768 945 517 322 1367 112 415 524 351 194 129 277 932 270 196 979 153 366 115 684 351 1015 0 1079 302 89 336 389 596 240 291 292 133 262 124 76 300 786 10 148 76 146 97 57 525 933 936 474 90 322 287 1177 196 953 159 953 477 338 1032 41 299 503 490 156 268 463 420 376 503 151 50 292 72 1040 440 53 68 80 232 182 91
486 424 1185 671 1230 1309 1082 1287 330 1421 965
487 280 1171 1030 354 215 354 471 266 202 280 1248 42
488 504 611 184 67 519 1060 569 155 236 133 208 579 699 88 1009 280 239 917 311 475 232 199 351 21 643 231 126 262 50 49 97 568 241 114 595 699 76 649 324 481 196 678 643 287 66 643 405 269 304 420 15 15 662 107 746 269 44
489 868 474 981 236 126 97 322 114 112 248 88
490 53 932 414 349 141 54 623 358 143 118 656 810 287 1078 107 909 295 320 154 96 351 336 474 1116 300 315 50 7 751 562 78 67 199 5 1054 336 371 845 520 581 750 730 840 736 1229 738 634 579 228 1012 754 702 73 1006 733
491 196 194 921 790 112 135 163 96 280 243 351 56 10 404 154
492 799 209 1088 159 984 213 216 482 777 18
493 474 962 829 310 326 57 550 10 114 88 330 128 202 13 107 1168 68 129 490 169 262 525 515 415 64 1078 359 151 782 112 979 269 57 573 114 186 488 925 361 69 80 301 412 432 1 1014 194 993 917 986 888 1053
494 324 126 295 100 126 142 269 13 325 548 963 695 1165
495 143 214 320 265 1005 318 108 782 88 109 229 10 595 1047 657 681
496 632 50 919 697 684 452 829 434 142 207 91
497 440 88 231 794 1287 1421 925 361 430 142
498 107 121 428 440 1156 411 606 103 7 188 71 1029 611 269 552
499 330 155 179 1095 452 1440 781 242 13 25 451
500 265 69 447 13 194 469 410 47 133 242 934 72 153 930 930 412 792 189 96 1100 488 525 257 1279 587 1224 801 534
501 110 248 114 76 111 948 284 468 543 358 455 304 983 941 1168 259 84 304 423 359 89 269 61 334 104 1028 1028 131 506 1215 202 115 56 54 815 1087 163 277 338 326 474 1177 310 515 133 1014 404 287 194 1046 194 1015 1014 1015 396 232 366 448 1015 423 113 157 771 1317 271 823 453 521 789 499 146 146 121 195 265 195 180 258 258 869 275 695 508 408
502 1001 107 110 630 389 13 999 1213 119 352 684 1122 889 769 1032 969 620 504 683 460 1475 1318 143 654 358 1151 692
503 129 1078 80 78 65 779 236 52 787 447 780 751 43 440 611 304 641 171 572 315
504 525 52 492 1078 46 85 88 10 94 318 175 163 129 259 462 268 282 1032 250 141 68 202 81 172 169 481 374 240 264 8 333 404 684 464 452 930 320 142 640 599 517 684 588 310 853 635 477 47 1177 117 577 80 99 599
505 489 1171 951 501 160 455 79 857 1351 264 401 243 304 302 1368 1087 85 265 215 1187 274 89 869 299 96 146 555 1177 80 6 193 290 116 799 1130 770 115 326 1362 284 57 273 262 88 350 196 1080 928 168 1323 76 354 980 47 491 199 467 200 949 687 684 150 871 204 117 561 119 331 1071 142 127 873 568 35 39 538 1328 552 232 106
506 172 175 560 760 207 98 97 1212 110 397 263 248 461 844 455 1210 338 257 1397 792 409
507 239 517 508 216 140 240 280 406 781 239 554 673 677 1476 746 406 880 346 818 97 1444 557 1054 1328 1054 410 223 46 13 1275 747 197 249 1080 85 735 215 38 232 174 1303 399 76 719 230 236 239 399 1433 609 38 568 1066 1448 783 886 352 1052 653 1052 1270 600 959 174 1 401 859 196 261 1333 61 835 630 206 21 351 779 702 31
508 297 490 925 1469 957 273 142 794 136 1013 234 1286 231 801 684 189 207 624
509 1095 913 128 954 425 774 1424 1309 440 628 1307 952 685 49 407 661 599 955
510 521 64 397 208 404 351 106 18 431 50 366 432 677
511 135 275 823 94 270 320 37 684 320 802 112 103 923 84 560 110 86 37 283 47 216 300 84 948 948 354 74 688 223
512 269 4 170 989 31 47 8 794 117 635 980 196 334 537 115 135 129 107 786 147 286 76 117 110 1015 153 133 621 577 415 112 60 194 54 85 818 143 499 365 521 420 499 88 69 57 780 782 192 64 1054 1104 68 177 7 190 443 1047 65 13 354 106 1236 248 619 57 57
513 427 1038 793 849 80 50 624 395 1185 207 88 91 851 1013
514 778 1185 207 794 0 232 236 64 588 374 831 155 447 440 503 311 186 174 1029 1014 60 525 250 76 1106 361 10 585 280 791 420 767 782 1009 1320 827 792 789 93 391
515 94 534 30 440 427 1018 488 1414 525 1166 463 1195 1113
516 143 205 81 355 917 351 124 376 408 287 240 107
517 162 270 378 362 476 415 399 1171 223 226 894 70 107 138 794 760 47 792 226 110 440 801
518 331 1061 554 674 110 80 526 721 396 1426
519 1189 129 141 194 828 568 126 47 199 270
520 64 433 355 212 129 521 433 103 331 110 1001 889 868 695 799
521 81 463 426 976 98 309 255 320 758 966
522 794 142 309 804 156 656 233 597 263 713 430 925 861
523 596 823 609 831 948 1275 236 1157 202 840 21 513 401
524 1408 143 358 698 789 47 202 149 240 656 1371 232 239 600 107 873 165 923 278 949 831 114 684 518 894 802 20 244 962 577 629 216 763 193 490 197 875 79 1413 823 1319 526 630 1050 923 787 1105 350 1027 1114 1328 609 33 734 1228 1450 464 50 779 133 304 636 1015 452 932 223
525 268 330 807 525 54 243 143 115 566 236
526 476 954 115 260 786 118 1122 282 216 79 240 236 336 153 951 223 932
527 1311 128 234 141 81 232 360 112 1131 142
528 806 75 12 929 97 427 415 85 648 240 778 782 894 1246 423 1119 525 619 653 1374 107 185 577 30 115 41 1118 811 1119 686 708 554 708 898
529 947 143 207 45 232 864 99 231 1371 521 721 1217 605 639 65 269 447 684 463 823 1340 818
530 78 806 391 917 852 243 695 147 628 1343 647
531 13 765 140 139 311 115 280 778 447 1088 1102 1073 457 1144
532 268 566 144 1238 802 215 8 351 355 132 810 525 31 141 50 163 799 106 560 1408 47 46 566 236 97 561 8 843 216 932 713 1177 866 202
533 786 430 172 174 112 285 251 1104 80 156 362
534 656 112 144 415 106 236 165 165 91 165 44
535 721 683 21 665 729 232 1216 916 1424 476 778
536 430 794 713 818 178 88 976 67 233 142 786 0
537 1361 182 560 713 804 930 50 39 813 964 619
538 630 147 69 72 193 44 223 336 169 147 336 1010
539 203 112 96 1444 109 992 1001 769 460 324 1268 358 250 579 47 1191 69 374 1379 420 50 688 701 750 1454 1108 694 195 665
540 964 779 606 233 407 188 65 129 525 582 103
541 47 718 268 606 236 1472 683 688 1105 278 407 1148 630 65 620 519 230 683 262 518 1056 699 620 169 667 412 1303 977 605 322 188 734 525 577 445 1137 692 196 206 48 778 48 76 258 834 199 1043 898 77 44 173 504 69 73 679 315 232 61 609 831 1258 897 195 1169 791 72 757
542 147 514 398 46 1248 931 88 700 1088 1061 1069 196 41 525 983 1368 452 217 278 884 124 497 401 0 829 1080 1040 391 90 420 693 119 279 422 133 53 127 371 179 198 47 824 721 467 275 186 810 130 1131 1219 1206 9 569 338 790 244 854 1037 1460 223 818 141 1141 27 668 42 864 716
543 107 175 490 202 294 131 141 371 1209 466 884 234 237 371 112 123 107 129 467 80 107 382 818 107 12 80 490 467 558 80 234 957 844 117 609
544 1377 523 1419 1316 976 354 849 954 711 142 1185 1406 1246 1211 943 911 142 551 1353 347 165 910 306 656 641 669 116 425 9 440 1460 343 50 644 299 420 1015 1003 1281 325 143 1370 165 170 172 39 1182 54 634 165
545 796 795 656 119 1286 623 439 1426 605 1407 437 695 50 255 1455 685
546 34 794 255 713 786 441 472 189 778 909 308 996 361 656 1105 1413 362 925 231 604 112
547 683 244 244 865 699 566 545 1112 520 545 1117 702 1196 879 248 1328 746 746 37 179 112 63 812 725 29 46 112 76 80 178 519 1251 1154 694 112 37 744 412 21 744 1380 1201 170
548 521 207 305 294 97 262 441 88 232 794 361 438 335
549 1 65 194 71 88 520 44 802 7 513 484 173 107 338 1003 50 579 177 114 629 944 595 977 199 554 1274 620 42 552 877 1002
550 146 47 490 804 794 362 864 641 30 684 713 684 233 909
551 794 476 541 1146 1025 372 760 1453 357 1217 207 247 1370 1090 430 450 399 100 1252 732 663 377 1265 110 1421 95
552 1138 284 1133 476 399 439 230 917 801 801 980 230
553 342 112 7 143 415 248 787 751 74 174 1300 80 550 68 238 244 188 643 318
554 174 236 1186 185 456 371 173 632 21 80 864 823
555 115 205 443 199 240 116 21 517 1045 133 1045 261 133
556 795 976 778 656 913 864 50 954 861 5
557 49 568 491 10 818 244 750 1186 371 525 404 1035 526 867 1177
558 1465 207 207 796 713 818 605 509 778 650 343 358
559 525 407 126 474 440 486 412 981 155 289
560 768 351 141 232 1 980 980 684 684 162 872 1404 362 138 142 207 226 106 441 271 450 343 284 335 361 156 318 917 976 452 98 1171 864 879 1340 1024 1075 21
561 438 100 578 88 924 1396 95 669 79 142 434 112 778 930 1227 103 382
562 101 769 788 786 917 1034 769 1412 1068 232 931 269 47 109 1035 100 441 868 1412 88 189 452 88 88 115 101 917 1363 952 828 819 792 459 539 143 864 141 231 463 112 80 823 31 679 525 433 687 283 182 1199 165 69 317 122 566 560 993 324 203 841 1434 1203 392 174 69
563 765 1039 828 1178 861 794 779 112 440 930 786 1424 792 297 5 801
564 232 490 382 81 338 525 233 924 294 248
565 170 275 215 47 454 113 1323 354 47 346 80 143 350
566 232 521 64 890 830 149 525 262 142 581 156 481 129 452 361 287 889 88 1137 91 21 1231 58 619
567 277 237 172 153 962 135 270 112 52 88 302 130 169 85 489
568 1312 350 1355 1220 250 297 784 1460 1081 235 1081 1353 347 1353
569 5 5 167 1095 5 426 1061 112 44 165 909 760 564 1098 824 762 1100 808 1301 630 1304 1104 474
570 54 197 789 41 78 57 949 831 1343 114 695 39 1469 389
571 975 476 778 868 297 783 232 525 577 760 179 485 817 1318 236 223 685 35 194 238 410 751 566 24 232 1023 35 770 10 244 256 490 1009
572 64 355 116 100 305 536 113 802 97 115 351 146 509 843 156 951 91 363 269 984 113 151 44 521 1015 654 133
573 963 229 156 623 335 778 539 10 801 1135 142 112 388 1105 656 683 917 724 525 430 597 106 757 248 504
574 110 864 861 1361 778 362 909 55 37 284 926 523 150 207
575 976 91 853 1165 1217 695 266 138 81 81 182 255 182 786 560 1216 1024
576 156 713 317 233 99 135 759 86 248 110 231 263 409
577 779 170 83 423 68 525 85 172 321 8 116 945 981 76 287 864 131 379 948 302 98 100 291 304 232 930 282 358 80 107 70 80 932
578 746 789 35 118 486 44 801 416 520 168 483 22 554 876 477 1192 734 553 499 673 1045
579 713 732 450 490 1222 651 1082 248 864 218 349 66 808 1017
580 1232 64 212 979 209 106 56 118 248 864 695 183 179
581 320 850 776 234 403 764 273 230 943 917 794 320 207 962 430
582 112 112 112 779 440 240 50 791 1186 699 981
583 388 98 112 136 273 176 1135 980 292 55 315 138 782 1038 388 127 75 88 351 560 100 156 176 292 335 263
584 39 412 232 748 1071 734 1372 875 21 684 1332 1060 898
585 138 182 19 1005 587 39 651 1319 590 178 203 203 1319 1309 614 1146 447 460 566 876 657 648 48 487 1068 285 1128 1128 48 1128 895 590 590 199 412 1342 1342 236 1294 82 823 740 575 241
586 297 207 156 248 1241 794 983 965 796 138 142 233
587 776 476 1468 976 792 794 112 231 818 847
588 351 236 452 1080 189 1020 1043 42 486 525 188 533 45 878 18 626 147 1043 608 890 699 923 44 1075 595 223 591 1117 1400 244
589 66 88 631 804 1137 113 963 1039 172 451 563
590 476 463 399 930 539 924 768 679 98 539 639 122 312
591 1246 1477 172 55 0 343 597 156 778 756 523 347 549 731 1286 361 142
592 47 141 130 215 463 1238 179 169 31 1238 549 460 275 121 216 566 288 1109 1206 610 160 815 1141 412 459 150 17 190 121 52 37 422 1238 1341 1038 107 143 272 318 216 867 94 706 177 197 459 734 391 84 185 873 1387 690 545 725 1250 76 616 33 4 74 173
593 1075 232 68 465 53 81 456 202 358 114 76 556 197 219 59 99 828
594 76 366 37 160 278 129 108 474 264 243 196 10 172 143 453 237 172 80 273 23 142 325 1286 336 463 141 132 326 430 912 351 295 389 114 262 323 304 799 52 47 123 527 627 416 1116 159 162 162 81 1383 925 64
595 131 97 236 151 112 351 864 248 794 1405
596 270 297 320 490 549 980 50 98 819 232 266 370 395 142 1455 762 231
597 794 476 68 778 112 768 262 976 235 818 765
598 267 141 779 1367 463 917 214 141 922 868 457 135 463 303 214 214 53 922 267 1367 6 267 303 215 130 214 303 141 267 451 463 315 50 303 141 922 279 214 63 315 181 181 214 303 623 267 922 141 344 463 130 214 141 232 193 806 463 53 381 63 922 601 267 63 381 381 63 303 984 917 186 74 922 452 303 186 590 899 213 103 6 512 215 141 917 899 917 560 658 186 447 917 463 63 280 451 1 381 184 430 267 392 267 250 628 502 463 141 412 381 381 463 81 1176 899 141 176 320 399 463 110 154 846 468 1028 71 1176 846 6 456 67 539 391 595 846 587 267 463 451 1193 575 6 71 818 65 126 623 96 153 751 463 241 267 587 193 267 241 267 141 267 6 1465 267 463 879 430 71 169 267 126 241 626 177 407 244 634 241 463 232 193 1028 193 626 1048 1176 63 513 794 468 71 468 260 1465 626 71 675 71 463
599 910 476 774 853 804 979 106 640 162 778
600 1316 332 1034 351 236 269 137 951 802 115 90 423 434 782 146 1368 251 79 1319 70 265 1247 382 315 50 64 427 274 415 96 775 41 770 117 54 85 110 765 147 566 231 1135 301 635 979 10 375 286 194 394 323 304 219 481 232 781 354 226 47 658 482 287 489 421 240 521 180 1073 521 894 480 962 420 407 1038 100 445 215 80 164 213 1156 1138 389 1242 186 284 78 52 398 648 142 440 65 243 425 149 378 794 143 349 182 414 932 320 866 248 31 39 1171 519 133 493 564 194 659 1119 325 202 1156 44 195 631 223 108 539 1104 554 177 73 846 217 262 238 156 639 1231 609 685 273 1194 792 21 656 383 629 26 1328 832 1233 823 834 174 1151 636 1160 686 898 691 718 1303 1256 539
601 209 663 917 1462 120 1462 1289 635 826 109 384 406 731 780 811 1002 1001
602 53 138 823 713 283 27 99 426 525 426
603 1367 152 166 354 1075 1274 1235 802 91 221 1114 1020 201 201 33 1047 467 1129
604 4 653 74 204 213 443 681 26 169 739
605 155 391 162 488 984 1025 206 491 209 721 185 618
606 452 632 196 199 440 423 52 96 781 282 697 365 420 1119 475 45 14 76 440 18 455 815 468 80 1141 585 199 1307 880 21 204
607 687 993 632 452 415 248 134 112 213 232 941 702 21 691 1105 961 88 297 131 244 74 103
608 782 768 100 248 822 979 274 81 816 309
609 519 1121 1020 651 126 569 440 634 44 420 520
610 930 525 231 560 233 861 640 713 86 844 75
611 1219 98 864 909 713 794 231 142 1245 231 801 1187 713 549 911 388 143 794 476 794 232 844 80 378 669 234 214 1219 1469
612 1271 1217 437 120 1131 1114 1373 824 1309 348 1419 284 373 574 1013 14 383 181 813 1424 957 829 889 889 5 1387 728 1451 801 879
613 658 52 658 10 264 1082 980 778 350 778 864 129 52 251 385 969 1404 13 784 317 1478 449 303 193 969 481 264 541 96 274 468 1005 523 294 1005 1276 106 1081 1304 946 424 311 135 44 474 1037 146 1015 362 392 981 257 1027 115 457 44
614 10 430 325 286 55 207 142 138 135 52 274 849 1116 464 413 114 10 99 1209 794 110 333 112 656 252 115 64 163 1206 8 37 94 80 556 326 829 1213 446 414 447
615 1290 112 786 1013 1025 1038 910 430 847 956
616 531 79 10 110 143 77 277 129 54 453 536 347 517 275 302 414 300 88 229 115 1034 84 1078 1015 50 97 525 163 310 406 236 13 94 1080 57 1171 112 99 101 10 47 131 934 489 175 68 815 277 118 550 205 44 459 930 577 789 41 425 864 50 269 60 195 782 89 86 777 456
617 289 116 577 794 186 323 166 440 194 336 65 481 19 232 787 304 899 363 115 72 213 781 189 106 72 482 4 334 42 823 610 381 21 121 35 619 407 141 94 222 182 143 773 750 653 261 60 223 244 579 639 880 885 623 504 34 1249 466 890 763 600 1117 655 865 596 174 490
618 347 308 1195 476 605 845 308 542 1182 1182 526 665 5 1426 589 1166 188 1112 1374 1181 1445 275 709 690 1437
619 71 23 5 135 17 932 20 412 106 580 548
620 864 34 828 156 1219 976 96 1105 919 112 227 285 189 1426
621 760 909 910 232 1426 430 1176 430 1365 764
622 684 231 804 420 917 554 930 1479 1057 244 595 595
623 230 55 450 207 641 361 1095 172 138 925 476 760 307 847 617 88 597 430 342 563 663 919 875 50 412 909 873 404 778 1378 1340 794 861 142 437
624 269 64 168 243 327 112 382 214 126 782 143 224 324 183 811
625 774 70 274 577 358 13 1271 97 1042 1117
626 427 112 1105 592 430 525 684 792 859 861
627 129 984 270 1240 467 143 231 353 616 353
628 110 277 262 507 351 433 765 280 96 317 8 322 815 8 324 405 1088 150 298 436 279 70 160 1038 37 121 1262 967 1262 280 323 143 305 318 132 163 481 1015 451 64 789
629 338 407 112 1113 138 503 1051 17 77 463 641 246 333 143 639 1307 773 244 864 516 236 82 1151 693 49
630 181 785 525 684 174 610 283 866 182 447
631 248 786 979 1478 91 88 401 133 421 572 706 440 143 486 684 525
632 248 58 474 56 806 99 39 991 854 1226 47 888 919
633 262 104 287 156 487 437 523 340 55 1138 940 582 64 590 88 308
634 821 1285 328 1042 64 519 528 64 46 196 472 545 20 797 537 435 17 355 64 526 376 47 516 360 59 405 1069 206 518 748 1427 488 401 526 194 648 879 21 88 595 1124 661 376 188 271 163 245 1328 972 239 1141
635 679 423 92 1017 698 103 782 575 22 1302 41 244 35 609 639 466 75 678 691 1154
636 215 19 763 121 867 147 952 137 232 179 117 490 525 685 76 182 1231 600 254 1017 904 504 1056 609 84
637 19 143 85 425 324 1307 695 203 232 525 349 196 185 889 976 401 687 626 685 185 952 207 189 135 147 674 401 287 680
638 147 84 331 566 115 207 768 13 50 1135 54 106 88 277 47 127 781 194 236 286 52 698 146 350 8 481 1395 467 68 1316 41
639 53 474 10 231 208 207 110 114 315 864 216 1118 248 899 64 572
640 135 232 414 358 107 80 172 158 112 21 143
641 847 1068 889 1435 706 1172 864 335 597 55 138 231 491 990 1096 589 1176 976 39 1182
642 520 240 504 77 9 1290 476 64 864 146 0 233 430 304 91 156 521 801 230 257 194 210 106 177 878 80 475 852 69 1156 503 563 424 889 316 486 432 5 884 981 481 631 118 21 188 482 554 407 474 269 1014 406 646
643 110 452 179 231 794 214 136 198 64 198
644 762 232 362 778 236 859 74 234 684 21
645 320 248 778 320 778 1146 439 91 925 362 362 917
646 1095 1179 854 476 96 778 1027 845 847 633 976 325 1212 441 120 1039 172
647 248 99 10 404 208 408 86 233 231 100 230 98 456 405 64 355 335 625 684 207 452 214 106 88 156 232 196 951 773 252 150 1340
648 868 194 323 566 163 174 351 358 143 440 74 770 867 601 284 102 73 80 391 362 429 203 361 456 244 221 99 137 566 273 1466 1071 195 187 886 420 951 872 734 575 208 526 33 459 142 141
649 166 64 173 225 174 100 815 245 1235 1387 206 666
650 454 864 917 149 329 378 57 471 280 194 1015 510 287 157 1015 123 155 5
651 588 721 452 510 136 361 925 809 938 1298 80 273 326 129 206 400 305 91 263 1138
652 679 27 182 399 138 639 597 43 307 207 399 1145 641 490 21 399 849
653 1464 1111 184 493 1075 574 188 1105 646 1073 47 162 487 349 574 757 657
654 610 815 179 50 13 354 19 786 95 441 190 179 352 831
655 215 79 35 37 831 179 4 27 399 880 985 244 690 215 315 504 836 639 110 678 977 1114 283 110 747 899 47 315 985
656 970 474 13 197 142 393 1286 57 1353 116 202 97 641 362 430 948 778 114 70 143 489 13 358 151 455 371 53 936 351 170 82 70 1218 804 641 76 804 525 966 506 313 240 296 1028 70 196 232 656 819 78 1081 194 116 1015 1030 1030 577 94 170 65 1287 958 15 258 440 518 224 206 133 20 780 1186 168 155 206 401 959 797 383 884 734 199 223 234 1168 336 19 547 577 428 802 50 1119 697 687 520 443 751 168 787 508 299 70 1079 57 1243 299 69 57 1215 831 410 606 468 734 817 1 9 1054 993 109 557 734 1060 783 382
657 796 277 1217 774 400 207 824 230 405 505 810 110 98 596
658 146 1165 476 1212 1217 1269 463 1309 639 764 399 307 91 758 98 549 1013 1183 916 539 919 1058 1436 863 297 1451 207 980 230 822 395
659 1136 1027 791 1352 923 721 129 828 1364 351 1301 287 1121 22 875 500 21 1136 587 792 519 112 1480 1050
660 788 656 641 138 794 230 112 1371 490 494
661 336 354 1405 787 133 79 115 816 853 192 242
662 474 252 1169 127 467 231 236 106 65 116 1364 103
663 684 1365 889 965 397 207 143 1286 232 778
664 806 311 1084 1034 684 556 1268 1075 101 110 864 926 140 234 910 311 684 1035 947 1381 684 1163 910 84 65 1031 766 452 232 134 772 952 765 1374 650 1216 30 525 182 311 1080 628 49 708 778 701 3 590
665 195 654 698 1114 127 463 244 1141 27 1117 323 1068
666 685 162 459 765 683 247 150 141 452 84 730
667 110 663 320 112 91 778 30 768 433 30
668 8 212 52 1015 813 440 526 1416 776 1024 129
669 794 100 156 113 88 577 10 248 786 802 64 186 213 432 44 113 1039 687 231 106 163 802 687 684 687 802 1001 239 637 681 53 773 85 691
670 1481 1116 67 949 685 775 1242 560 1320 315 1137 801 928 1397 170 1109 647 44 460 878 873 174 156 1387 699 609 619 677 685 1385 1035 244 679 193 269 173 654 189 683 7 4 47 475 137 674 613 308 566 250 349 500 832 582 904 1448 1195 177 560 1157 215 1319 1047 378 3 143 358 686 1169 10 1051 1328 430 622 605 388 890 128 1247 209 703 98 1393 771 483 75 639 476 838 60 575 1043 1010 247 903 1112 425 552 709 522 713 182 425 739 1181 1319 1030 622 38 44 29 218 714 1145 554 227 1203 837 791 1152 765 1229 1159 974 104 905 268 702 50 1204
671 794 68 56 192 145 1355 280 23 259 242 39 35
672 430 873 523 521 597 189 361 794 263 868 430 721 1039 486 828 641 714
673 143 473 141 1323 244 314 933 423 485 684 473 41 85 244 769
674 88 778 623 813 1421 656 525 88 684 476 554
675 91 297 794 762 263 801 64 572 430 873 174
676 467 20 280 299 280 300 366 595 41 28 899
677 85 525 1408 713 99 311 173 86 355 289
678 248 818 1020 495 8 85 713 1016 347 395 215 599 363 829 968 129 1178 118 240 750 143 962 106 444 441 239 686 889 415 420 1165 731 58 980 629 623 665 165 178 746 5 64 553 1017 533 662 818 315 663 178 88 1112 757 1231 708 74 619 830 674 1053 229 348 666 595 330 835 174 1066 47 798 687 782 181 33 707 1349 133 905
679 1185 325 490 914 1482 943 343 759 1396 357 142 1406 965 1211 343 1223 33 230 142 441 397 964 5 475 156 1185 728 297 1286
680 925 849 82 1095 393 1165 794 233 768 1461 476 760 1131 1165 388 81 233 131 1224 1298 380 663 491 778 226 1114 226
681 232 581 69 586 223 39 202 854 257 47 350 39 790 447 519 230 1050 995 586 762
682 644 231 135 273 80 326 577 979 909 146 774 156 351 128 172 34 141 446 79 566 440 107 114 648 47 921 845 96 76 526 226 245 1424 554 707 361 6 475 432 674 61 925
683 451 169 57 236 780 322 392 59 1118 85 202 277 819 264 639 53 10 687 232 358 295 234 989 197 1116 291 128 81 129 60 208 1405 453 110 977 784 153 684 474 1088 864 268 945 141 1209 793 98 156 807 309 282 287 804 310 304 156 641 966 246 413 123 23 89 118 13 313 101 134 506 115 1035 1015 194 336 682 412 211 420 195 186 877 1221 1001 550 475 648 533 473 213 131 829 382 831 521 379 1135 1236 1178 21 877 1045 20 546 1301 1016 613 1057 1057 746
684 164 131 277 473 338 421 333 207 492 1171 640 77 186 360 807 399 196 121 810 162 163 432 984 1046 536 1088 169 528 510 105 113 213 80 829 482 391 0 18 490 99 806 440 185 245 129 648 212 632
685 230 713 182 138 844 330 91 864 656 930 233 794 430
686 179 619 21 1060 575 622 1300 363 699 1194 582 242 38 1112 677 609 1225 177 838
687 10 112 143 463 230 362 767 467 1287 110 1178 566 467 300 1080 460 201 452 860 88 818
688 1322 320 924 234 439 231 233 684 156 207
689 653 504 621 977 880 97 1307 572 42 789 1015 829 265 791 412 779 431 220 515 72 981 39 5 866 44 19 259 878 444 143 243 1232 18 845 304 250 381 236 80 485 232 414 486 289 751 112 577 706 773 684 687 686 1258 425 557 106 634 902 739 1333 591
690 976 88 143 853 149 215 440 252 831 899 232 273 156 248 207 713 141 526 535 569 202 868 591 1238 64 155 334 114 896 1386 871 98 676 656 244 572
691 230 142 135 1309 388 233 794 539 1190 232 81
692 782 106 146 331 333 541 237 818 107 99 320 262 314 47 1317 1168 126 250 823 577 176 474 50 65 630 464 445 389 374 236 1122 172 214 105 67 588 721 515 424 294 414 550 1005 477 280 639 1304
693 818 336 125 794 392 378 1188 112 362 658 311 121 138 483 1023 504 1112 622 832 1483
694 931 976 27 713 98 786 853 1455 635 427 335 202 1013 334 596 853
695 39 1080 467 1436 232 112 143 804 106 88
696 801 106 112 143 415 10 818 232 236 182 349 349 873 713 656 443 910 224 233 804 990 79 554 194 525 174 1075 189 170
697 372 910 1020 1217 997 1013 976 377 663 764 399 549 957 964 1401 713 370 433 330 863 1321 142 956 1095 1396 1090
698 1359 1342 284 343 1076 404 1088 1232 61 311 114 751 122 347 280 1317 250 8 218 143 1076 116 330 458 406 219 342 465 313 1275 94 65 85 9 425 751 485 102 170 194 177 641 876 346 300 169 495 1 112 52 965 879 245 443 129 773 1043 517 932 202 221 223 621 185 216 46 333 582 113 165 44 616 985 626 196 37 19 110 412 106 23 1060 807 31 318 179 33 699 1108 84 5 30 107 286 811 1484 683 1299 600 728 1100 17 866 27 174 1154 21 1377 84 1434 850 707 493 656 248 730 1034 228
699 81 109 134 248 769 430 101 941 537 1462 110 917 433 335 277 248 109 361 1485 917 1036 136 99 441 541 88 390 80 1432 328 100 537 968 181 196 823 166 964 1485 697 1046 572
700 304 550 985 46 9 1079 97 1036 380 928 1169 1070 445 12 451 406 1221 6 185 312 28 495 647 496
701 406 193 1005 790 214 259 1005 280 10 921 981 529 248 864 214 1 381 67 76 440 448 302 823 196 376 74 467 1035 415 143 1041 5 407 855 236 1156 721 201 198 39 640 127 854 979 486 45 169 112 69 68 88 684 98 304 131 475 791 347 192 64 165 44 1278 1020 1039 61 1279 42 1071 20 831 105 184 1121 697 242 382 1300 85 407 407 518 452 611 1119 338 571 963 43 84 1364 751 746 845 263 91 1066 619 526 875 568 889 537 634 686 643 287 699 662 718 1148 687 579 194 1329
702 357 796 427 79 349 324 282 160 284 346 918 157 396 128 80 274 786 334 1232 415 41 951 975 308 54 365 345 785 945 248 1015
703 430 234 801 980 98 362 438 868 1441 95
704 265 765 231 772 1075 452 560 801 921 209 85 99 75 283 1003 644 232 1414 241 724
705 80 248 112 88 146 274 88 56 289 81 273 378 230 633
706 560 1280 801 1377 226 463 847 1114 1340 112 181 782
707 909 778 913 786 768 207 430 207 181 463 523 909 523 1419 430 430 207 207 430 182 980
708 10 158 99 53 150 656 113 88 10 829 89 158 351 525 143 525 789 782 167 950
709 14 64 601 772 18 968 959 85 596 586 467 452 986 58 420 133 163 206 196 10 572 54 468
710 487 525 1305 196 88 336 252 800 1305 76 85 77 268 169 135 47 165 799
711 113 679 64 930 100 1039 521 335 91 1132 189 206
712 232 502 794 924 64 168 236 0 1171 554
713 262 335 853 449 917 328 625 317 263 292 95 540 277 1212
714 1 932 975 131 252 135 431 432 981 6 31 1190
715 1440 60 236 953 425 30 443 561 1119 717 256
716 523 112 864 232 1469 81 146 231 234 430 285 34 97 823 248 1021 991 1230
717 100 136 91 232 807 114 471 605 39 472 355 1171 920 794 507 98 1451 807
718 790 1370 855 299 401 1169 445 203 425 612 857 732 154 249 919 1100 172 732
719 299 47 336 421 50 630 520 440 415 258 1054
720 240 577 464 236 103 44 333 65 345 192 420 513 473 260 1 142 801 1216 107 553 659 831 363 199 38 117 575 746 569 351 131 691 1333 734 33 1063
721 231 59 271 88 81 1039 804 476 762 348 721 332 1133 156
722 333 82 948 977 936 248 554 148 194 606 339 794 232 57 194 784 322 358 261 141 713 1091 771 79 1043 197 455 1315 146 1088 526 194 1444 141 654 41 654 177
723 549 525 864 641 98 233 505 333 81 263 207 287 142 1090
724 1225 794 919 539 778 362 809 430 665 189 187 176 247 1326 207 450 415 685
725 102 182 1342 99 229 31 698 131 111 315 401 560 349 269 362 351 779 193 236 129 107 1481 112 54 194 229 13 252 85 152 147 1213 248 83 566 232 577 691 21
726 796 52 68 508 795 112 70 1406 578 573 236 864 948 65 133
727 795 81 207 1406 671 142 427 624 361 53 899 1105 1413 831 577 570 577
728 177 164 278 179 495 80 7 47 523 64 451 258 542 17 987 867 628 878 354 184 452 563 635 474 1301 1270 9 572 46 921 300 445 376 185 250 425 311 585 20 495 365 993 16 200 1141 223 566 459 143 516 260 866 318 574 1249 513 54 407 373 132 19 77 304 999 512 333 1288 569 286 666 666 1388 638 265 387 45 748 657 1296 602 649 539 361 467 215 180 308 253 906 27 1151 49 880 1328 721 590 867 610 917 52 7 74 1447 26 1486 137 1330
729 451 115 445 10 240 866 50 68 1271 724 170 395 179 192 751 654 491 504 126 204 107 1169 107 683 789 1415 1147 84 583
730 141 231 207 335 794 917 791 430 193 597
731 249 206 1105 1111 990 818 683 656 656 391 513 1467 459 699 1203 1162 445 798 886 1389 765 1216
732 800 271 79 236 85 333 953 1118 1099 313 114 118 485 190 23 828 229 35 195
733 166 621 440 977 684 401 452 179 231 202 42 74 310 1031 10 304 443 79 232 447 460 976 421 1127 174 460 452 867 667 928 977 1343 196 169 554 31 1463 634 46 88 1340 681 44 878 1169 660 684 1288 18 670 232 928 685 254 106 39 179 169 18 1388 662 1124 13 751 244 17 49 1056 115 1117 463 160 699
734 129 240 781 904 554 242 728 33 754 194 840
735 794 1286 429 947 864 81 99 97 142 112 363 248 96 451
736 362 142 818 794 1001 853 523 641 112 113 440 44
737 140 1163 1432 400 1005 1036 1001 687 169 1221 275
738 97 467 1171 519 1078 975 1092 884 6 50 440 1122 69 69
739 427 246 405 135 196 44 984 115 165 271 721
740 70 641 577 861 1081 300 197 560 354 1343 85 232 1312 315 1099 47 194 240 396 1315 153 331 342 869 175 947 465 487 252 93 131 125 1015 141 1026 310 133 54 1177 336 621 65 635 351 966 823 518 554 526 583 621
741 794 430 765 88 521 1036 308 189 393 732 335 792 1165
742 50 299 932 321 99 115 274 250 525 112 930 415 392 930 829 112 10 366 945 778 590 236 243 550 1078 88 85 362 117 300 248 80 656 1005 194 54 124 336 274 351 53 577 1079 975 1344 129 319 70 232 474 349 330 106 1184 137 125 782 751 65 47 346 698 118 167 320 1015 269 394 304 157 306 285 918 482 143 440 177 216 520 878 1156 269 763 44 1017 156 831 420 164 273 945 1232 166 1066
743 917 1217 430 81 768 270 908 430 332 523 274 142 88 182 135 163 930 1321 207 1013 255 1462 1038 1090 849 92 969 476 487 521 138 768 1165 851 146 189 523 793 851 964 813 1132 320 270 277 804 793 778
744 49 314 490 84 142 889 319 174 282 990 207
745 105 75 27 525 129 292 135 799 640 829 243 510 455 197 993 807 77 90 163 163 100 304 404 144
746 1109 818 8 831 483 981 218 47 1192 84 831 699 594 1243 874 1145 1117 1216 710 1113 1226 232 1226 241 639 1116 1423 1357 838 720 1333 725 674 837
747 1137 1393 729 99 818 713 189 1113 801 864
748 724 438 174 50 42 107 147 977 951 1318 763 137 31 177 987 112 985 447 148 459 13 623 406 119 716 366 1037 51 1213 243 236 85 769 143 731 865 831 54 353 67 777 74 814 701 1077
749 189 1039 0 476 112 105 794 80 640 1036
750 88 1137 872 437 847 231 778 1082 82 276 330 412
751 389 81 400 320 476 207 146 786 99 142 95 937 232 804 10 231 99 110 796 463 1360 794 263 531 362 75 860 181 88 847 53 292 112 208 434 917 1421 305 0 441 248 1210 1277 385 1211 438 1185 325 21 195 419 65 262 407
752 89 106 123 158 131 466 273 918 100 115 205 269 124 91 23 102 144 1232 76 124 124 269 106 123 194 782 75 468 1038 1014 131 194 167 117 194 106 499 420
753 799 596 423 107 1188 779 336 23 404 232 192 168 328 213 315 852 10 1190 582 619 553 623 504 504
754 543 554 112 818 917 1374 954 778 440 1374 82 889
755 665 64 335 179 131 304 98 463 142 597 606 595 297 778 1113 156 53
756 1473 1454 695 1165 195 189 889 760 663 1386 1216 794
757 695 872 457 1015 534 1370 1075 525 483 1152 1236
758 31 230 378 141 203 1117 38 244 1206 554
759 112 372 778 925 828 605 925 660 138 440 794 88
760 954 778 913 760 795 1051 864 794 909 110 207 578
761 47 53 143 70 141 131 1015 302 196 248 88 112 75 74 194 115 770 525 684 186 147 381 63 54 129 632 440 724 346 443 198 205 483 830 366 789 1387 18 1112 26
762 525 889 422 644 492 555 1206 207 96 1479 1191 1142 787 340 972 463
763 794 170 490 466 37 916 589 31 476 320 72
764 248 1135 491 158 91 181 574 162 162 181 232
765 166 31 481 301 13 66 126 951 817 543 457 65 639 13 224 30 132 129 249 72 1397 1051 244 1144 391 696 832 1154 702 609 626 1393 322 10
766 882 467 1028 232 985 819 882 202 193 892 93 193
767 1422 415 287 59 61 236 207 10 110 273 304 932 153 1367 981 106 208 281 114 351 97 818 84 263 921 278 684 1075 262 76 324 290 240 474 103 79 80 232
768 440 688 182 905 900 182 236 1218 727 1204 33 898 283
769 760 207 214 64 187 81 55 400 232 430
770 724 1 155 50 440 201 216 485 1165 69 609 244 686 750 41 747 1202 1074 613 993 1487
771 819 214 47 611 41 50 617 318 467 1343 34 389 579 155 65 280 525 1017 236
772 864 786 342 13 106 65 189 19 1268 50 329 378 66 210 250 5 443 991 300 240 80 485 347 1020 996 520 266 165 483 146 199 47 440 476 154 561 932 518 679 1109 336 675 0 223 106 1206 4 65 523 89 520 1105 1017 177 29 1071 1051 148 1023 21 1117
773 1005 440 50 338 525 97 908 406 5 879 1171 807 1488 889 1224 505 280 1130 277 1136 1462 270 1478 14 100 574 813 172 827 861 1165 792 776 403 172 187 448 23 280 465 311 824 1279 116 768 1123 474 665 1290 762 1387 1 640 427 1022 154 430 410 252 1436 455 665 433 353 485 1353 715 1125 667 261 1088 57 1445 246 280 1056 1079 673 734 1029 169 911 142 1424 761 581 540 406 577 657 533 18 630 675 584 688 981 250 595 1317 751 894 10 1028 812 1416 1134 1253 1021 738 1157 932 1451 1274 1144 228 1066 149 1412 636 287 21 401 1164 250 374 824 663 801 1064 599 476 791 762 1489 859 842 76 287 265 1009 830 236
774 947 505 137 588 176 305 207 320 231 80 592 494 146 380 589 541 182 110 361 324 266 122 940 618 237 146 116 348 1085 804 268 338 251 385 1177 156 138 337 397 271 337 226 339 65 148 335 856 470 455 10 415 116 122 142 495 221 215 141 1071 985 1078 1273 13 10 353 194 452 823 353
775 85 243 1130 1 110 401 157 304 808 10 440 782 1035 287 829 1120 407 1449 115 495 44 878 1409 1080 572 960 493 596
776 312 98 141 635 781 1309 401 781 54 170 261 41 467 481 252 69 1247 366 365 278 1236 467 511 202 334 977 977 977 216 406 149 481 75 1315 517 335 141 529 341 340 235 732 1404 195 259 10 362 162 598 655 687 284 450 856 752 637 1134 903 1259 44 223 1201
777 304 248 10 79 84 684 358 53 313 687 170 1030 105 302 1237 362 114 819 250 300 61 197 1005 252 219 321 951 946 1034 1103 219 389 326 116 1085 936 57 96 61 817 269 942 260 1268 13 310 948 646 208 1381 315 124 175 202 261 54 277 401 455 112 70 129 429
778 207 208 231 639 27 232 248 53 110 453 1286 823 466 230 58 142 1135 864 60 966 325 1241 291 623 114 10 474 202 97 75 389 468 525 259 55 1481 441 806 143 112 193 909 1217 263 56 290 320 85 141 259 627 70 1343 156 299 1473 590 1368 153 525 110 865 268 549 315 639 298 295 10 951 1075 47 796 819 823 13 573 596 349 462 334 716 308 639 601 351 947 176 215 56 415 1420 687 1007 302 50 163 1481 4 89 401 196 119 59 988 749 57 252 80 1118 639 1028 1422 126 108 641 88 275 115 129 31 294 54 1289 989 273 1090 452 116 1014 324 76 149 354 1168 537 194 147 566 78 843 1079 65 170 985 123 98 779 467 195 69 345 499 177 684 242 460 216 49 169 1177 657 1060 748 1168
779 199 85 88 114 252 244 1368 236 50 852 65 1060 1288 866 566 818 53 443 97 695 1029 600 287 10 239 521 1490 1 69 1 349 831 653 179 899 887 584 692 133 1226
780 799 349 775 829 802 302 259 427 915 1028 1081 350 1037 1026 146 933 353 50 85 143 358 331 70 115 53 921 421 1281 519 656 889 518 378 19 224 236 566 526 5 1224 815 1372 1238 21 557 1043 1307 244 1173 559 622 985 1413 1050 0 483 798 72 1053 196 333 567 971 891 1491 723 887 47 1387 834 697 1492 595 80 1487 572 1105 637 601 1438 598 840
781 590 119 194 1381 828 1191 1084 1001 889 687 430 806
782 381 794 153 163 630 505 436 815 50 172 155 112 640 8 207 110 21 88 143 845 917 447 362
783 828 794 1068 21 684 575 1001 35 476 1479 980 1271 639
784 70 1210 476 155 199 1212 899 1 477 474 611 138 780 153 966 630 457 364 69 348 341 70 467 590 311 311 129 389 1070 275 96 72 76 787 440 334 620 231 405 232 143 433 97 242 50 508 189 463 954 10 899 949 406 37 779 771 199 216 156 231 864 831 466 409 138 595 71 437 1069 1248 596 587 282 68 315 734 1193 824 431 889 431 1462 23 607 682 1394 582 452 802 76 880 932 657 688 653 1265 206 1329 654 1028 1228 202 1157 1275 116 315 655 133 106 602 948 307 143 150 44 712 415 683 1152 683 652 1089 898 1056 463 1261 928 685 63 345 757 76 229 886 441 972 214 1001 68 1064 976 1493 1015 1338 141 26 1494 75 194 1032 577
785 97 80 231 10 88 930 463 786 79 75
786 148 23 1081 185 474 230 230 129 564 26 1008 657 196 526 266 832 1015 1084 680 106 684 827 338 452 681 1125 174 653 525 244 662 85 17 1 47 143 908 1387 1060 179 241 888 278 140 691 412 647 791 33 1165 74 410 311 88 925 778 81 906 21 107 46 1226 282 634 68 660 595 1476 635 643 730 730 520 738 630 1051 718 840 15 740 1380 1229 812 1428 1375 837 782
787 446 496 512 566 47 387 46 610 52 433 549 110 684 8 19 37
788 181 864 137 173 62 248 221 171 773 554 188 364 330 440
789 868 452 79 525 317 774 61 347 86 351 349 32 281 74
790 474 106 50 179 196 64 248 188 399 84 407 351 493 889 10 849 572 641 791 39 475 395 291 80 420 142 107 6 85 98 262 346 831 172 115 1238 52 1141 115 52 18 169 440 76 5 568 44 42 88 575 460 990 575 552 23 600 75 452 1247 273 1066 548 451 1249 751 846 202 331 4 545 244 21 1119 622 786 676 64 179 699 232 634 239 184 148 890
791 825 110 957 81 776 917 523 274 1404 437 438 95 804 430
792 142 820 356 284 394 864 910 98 320 156 980 965 1286 947 55 207 463 760 393 937 1135 232 544 762
793 788 81 142 284 356 325 138 234 947 230 656 864 764 127 1082 1135 639 232 88 248 53 27 112 143 687 174 794 818 463 88 256 832 75 131
794 399 98 8 32 962 1017 831 57 281 779 135 823 136 194 110 106 229 1188 58 64 71 779 336 248 243 423 53 371 153 948 56 1030 354 433 221 171 429 1088 870 147 1271 351 804 79 4 695 169 39 282 473 517 330 910 1341 330 149 246 520 483 50 232 179 72 22 304 65 273 21 456 1 1238 619 539 382 68 5 481 639 786 552 133 802 174 734 218 507 168 763 220 27 19 473 33 1169 131 422 874 746 1335 553 35 111 691 557 42 1400 508 801 676 456 838 47 609 1346 1346 560 193 103 981 567
795 232 315 289 13 264 50 88 303 304 75 173 248 713 86 966 57 463 823 112
796 1075 786 430 774 930 230 232 456 466 855 358 401 106 112 331 182 976 684 577 521 152 406 80 34 979 794 263 342 181 174 88 32 428 141 230 554 910 685 126 1 39 338 107 791 129 71 239 831 50 65 1075 802 596 1042 75 131 236 1335 351 69 196 244 815 452 440 520 933 261 382 41 474 577 338 1066 229 623 695 44 660 302 241 674 116 336 21 133 1105 232 765 17 701 440 238 193 572 193 126 746 399 112 112 75 21 686 265 338 760 30 691 477 257 75 712 663 174 642 734 1058 477 880 338 734 490
797 79 351 358 32 116 2 111 335 110 315 261 413 112 786 231 713 84 76 182 977 265 85 289
798 362 929 794 1082 861 995 450 207 1217 340 400 234 257 930 909 563 488 893 684 110 956 794 1491 1312 641
799 170 274 197 1038 300 327 96 306 314 54 334 1313 236 668 286 137 46 323 1038 317 352 1316 85 336 1087 1323 415 54 869 621 170 194 1351 284 639 285 1073 157 416 88 271 452 57 1314 1323 354 304 281 209 236 467 65 107 196 195 409 69 116 288 211 13 269 300 89 78 440 524 154 69 56 440
800 624 111 64 146 68 430 1 155 214 550 129
801 476 917 64 142 207 335 441 612 794 397 889 801 88
802 525 486 600 1107 1137 113 263 80 122 182 218 600 1357 545
803 268 1271 1271 39 172 259 239 1146 280 519 667 1374 1472 1490 518 30 1370 607 1368 1100 521 954
804 378 222 362 199 519 985 52 1342 10 566
805 53 786 804 371 623 230 861 262 98 207 81 276
806 447 923 921 621 819 1014 194 214 226 447 1171 70 402 402 845
807 487 111 483 22 112 575 779 199 50 106 1060 962 71 688 173 382 22 103 504 1195 782 1015 73 270 474 787 609 96 698 1113 595 1045 44 23 47 1200 75 440 215 72 746 73 838 619 399 791 1060 545 791 149 38 905 1428 1113 740 695 104 897 676
808 825 778 1309 505 128 822 325 762 233 816 976 947 640
809 474 80 440 1305 174 443 1015 1402 520 26 1072
810 248 351 315 1086 137 488 302 577 79 79 37 182 232 1209 260 70 215 294 135 194 560 91 75 962 1045
811 143 943 156 142 262 791 47 236 401 465 131 88
812 1421 925 930 96 1013 1469 1212 1025 476 786 873 88 142 818 257
813 202 794 853 82 889 463 539 920 404 156
814 143 179 876 107 693 47 686 150 74 216
815 81 1280 1286 248 1360 1460 1245 320 112 1022 361
816 4 465 1405 443 561 617 17 17 985 7 39 26
817 572 47 425 1206 30 391 30 1144 68 673 985 735 249 71 249 1088 892 708 460
818 561 687 630 808 19 67 685 845 654 445 763 916 302 106 202 126 130 194 137 479 802 231 481 952 243 596 315 73 1392 203 1121 656 168 138 224 1111 273 568 608 554 74 910 679 107 10 179 626 653 662 779 564 981 229 43 241 182 244 1013 504 348 216 225 239 867 699 575 782 35 906 1418 26 1303 85 118 143 467 301 1424 1171 1263 358 49 696 420 691 734 609 244 655 686 1288 949 194 1167 1122 1114 1151 716 709 738 33 623 702 1494 1053 173 193 1293 898 1066 308 232 412 833 421 475 737 236
819 853 403 234 232 684 403 440 1038 474 64 597
820 58 71 1393 213 779 315 985 334 232 440 427 523 780 430 476 38 720 920
821 13 99 170 88 932 112 250 248 413 1342 172 1130 817 490 504 634 662 1051 674 554 653 475 581 812 1117 609 575 65 244 746 712 833 838 1115 619 834 80 622 1434 901 121 1339 1336
822 620 831 952 1030 282 1117 10 65 202 236 47 692 65
823 310 114 114 114 114 1122 977 1122 368 936 824 114 284 260 1032 114 915 506 205 114 650 506 664 128 1233 934 205 550 934 1343 261 656 596
824 165 55 543 16 759 504 1174 100 1195 828 24 156 641 451 317 66 1185 343 1298 207 348 615 352 47 1141 467 108 109 566 196 782 81 479 1373 181 880 889 189 684 361 683 1181 1114 450 1413 143 777 143 106 657 526 177 700 26 980 1331 812 721 809
825 430 713 98 10 452 546 181 684 150 760 476 232 430 794 925 82 231 88 81 663
826 864 576 760 207 162 778 362 1210 284 794 1441 1286 1092 380 595 439 1277 532 1404 1176 362 764 81 1146 1202
827 619 21 782 248 74 10 539 189 713 53 801 131 99 75 372
828 97 489 89 70 96 864 966 819 503 96 1246 322 457 299 790 259 250 197 112 1313 413 474 268 54 250 115 457 6 1014 113 804 13 1078 1359 366 76 146 146 503 347 146 338 448 414 524 0 1442 406 143 277 424 236 366 981 133 237 311 424 125 425 146 296 27 178 1317 1069 386 170 508 1043 1444 542 20 44 518 44 66 883 572 880 595 803 748 1066 350 626 1376 874 724
829 338 105 268 550 474 324 525 397 1118 404 300 70 97 326 64 314 802 116 468 304 646 512 287 317 114 54 278 107 68 455 556 149 936 88 336 271 372 442 405 334 389 157 783 202 440
830 13 110 264 786 240 401 455 248 966 1082 50 515 1184
831 799 240 358 230 351 302 302 829 163 99 104 111 131 152 1014 807 135 274 351 452 64 173 127 1078 232 456 32 654 84
832 233 438 437 801 263 617 273 80 917 136 847 760 55 100 156
833 763 244 1080 236 26 525 195 667 440 440 1001 687 763 763 420 865 30 202 321 331 568 244 886 244 249 30 249 447 249 952 1328 1328 1328 1100 566 566 85 572 572 241 1336 202 249 106 1197 256 253 1066 445 869 250 960 519 1164 1446 217 724 708 250 445
834 91 930 794 81 774 908 320 427 232 713 415
835 828 543 909 1018 1377 957 778 976 604 818 930 1277 467 956 1469
836 975 63 197 60 250 106 687 684 1080 489 97 80 440 1166
837 382 39 1071 50 483 425 63 72 460 500 193 572 440 872 381 268 778 6 153 414 474 508 155 353 748 88 67 47 65 133 90 20 296 13 560 35 716 220 1213 112 64 518 819 148 1105 4 243 552 545 921 831 103 86 174 623 22 17 239 164 110 196 1042 1335 852 652 52 845 622 244 583 229 763 609 676 504 1319 724 1105 526 21 1231 773 316 451 916 324 609 149 147 575 699 1052 706 447 241 1066 269 199 966 67 677 241 678 526 1299 1113 656 147 590 399 1253 1213 1470 631 683 1050 460 147 887 43 1148 787 33 241 763 447 1043 1027 371 919 1329 215 683 1154 702 718 705 1228 193 63 48 724 1332 257 1418 953 720 834 727 412 1206 40 1236 1251 1109 118 746 690 268 841 1303 1302 1201 1117 727 837 763
838 406 99 610 86 490 112 1274 79 981 932 894 97 412 21 174 67 791 371 981 525 106 80 609 232 32 619 106 115 1109 240 240 115 240 1009 440 412 674 179 746 1113 577 112 932 801 33 686 33 686 1495 673 421 179 777 777
839 315 50 529 153 487 181 414 10 117 158 1068 746 181 137 193 763 166 1392 137 147 90 763 381 791 76 440 1017 137 182 315 217 137 1214 138 362 137 789 137 268 88 308 312 852 529 1440 1440 1440 644 746 99 679 265 35 598 137 12 504 112 746
840 1223 1280 1264 850 518 507 1123 392 1081 656 1401 331 768 1334 966 1051 1388 1412 1483 256 1141 140 728 1123 1235 1047
841 232 99 330 27 138 794 112 909 136 796 597 758 395 207 792 181 156 794 430 476 248 233
842 778 233 910 531 320 861 1018 268 236 1133
843 799 928 85 0 1149 1344 610 1109 52 129 362 459 1047 147 243 1496 162 684 1073 109 269 421 89 1093 214 67 205 269 1054 64 68 542 47 958 39 250 46 42 648 777 440 223 170 682 198 63 166 632 78 467 401 766 65 163 700 196 819 447 1243 21 928 425 773 216 80 199 697 1045 185 552 60 927 1206 169 460 628 1004 241 890 412 1050 892 798 1201 1375
844 630 1393 115 465 612 233 268 1137 88 467
845 872 353 525 268 713 997 478 242 818 171 1017 1017 153 80 5 104 428 465
846 979 1342 697 1275 278 440 20 198 196 748 21 7 770 1247 1343 203 382 248 71 308 43 232 238 463 88 224 751 786 1003 80 568 962 794 566 220 596 1033 362 952 10 653 1346
847 416 452 386 268 338 1387 959 149 10 640 114 260 455 316 250 354 777 353 50 472 68 1 448 365 520 107 440 474 476 432 966 451 611 322 421 791 873 1413 1005 630 146 993 630 697 16 268 302 137 63 381 295 1060 850 291 88 550 116 852 374 268 1335 473 67 262 667 195 311 682 682 518 252 236 713 70 196 650
848 322 864 819 794 713 1018 113 813 1018 230 879 404 5 44
849 232 207 804 231 98 106 10 1171 269 917 713 269
850 525 1013 1039 320 765 440 801 122 441 263 868 963 284
851 194 196 76 986 464 536 161 1269 50 1046 1035 925 968 198 520 591 1284 619 609
852 914 778 873 1080 1036 1096 708 439 1230 440 888 30
853 115 114 654 894 485 85 41 485 831 358 1118 346 1122
854 248 251 394 1359 269 304 345 137 295 262 817 455 268 111 356 329 55 809 156 786 280 573 250 819 152 271 96 59 263 219 389 112 1305 922 156 578 347 207 86 317 332 956 381 478 284 75 363
855 320 142 138 864 713 778 80 231 463 560
856 106 50 818 57 698 78 621 1486 52 141 440 250 112 21
857 224 202 1281 126 1102 440 1419 323 50 378
858 206 1367 274 550 315 94 236 202 13 684 81 382 354 1442 232 10 159 85 894 382 344 344 864 344 141 789
859 88 854 760 543 322 440 232 1264 847 362 1392 943 401 239 188 1137 290 7 239 231 1212 174 930 427 50 560 568 1171 185
860 194 959 9 255 1017 352 26 1372 653 459 880 1 433 52 440 841
861 1210 31 182 794 231 603 808 656 1135 156 639 629
862 96 232 174 597 156 917 1231 1137 1364 554 273 137 440 304 976 142
863 371 945 428 186 410 257 925 18 199 1119 1045 728
864 568 230 156 1175 490 440 84 47 30 525 1370
865 278 88 69 917 336 420 67 849 481 801 174 115 283 155 354 195 186 458 287 365 318 80 178 561 294 440 868 412 226 180 189 4 143 202 474 216 286 94 382 478 53 808 72 192 137 47 378 986 529 184 475 340 341 1404 261 623 1449 215 223 698 872 188 748 648 493 540 507 54 74 951 203 85 889 595 236 351 7 33
866 142 924 399 554 1469 656 560 549 1044 172 232 1092 1469 1105 864 34 919 97
867 1103 110 263 277 324 114 142 1177 922 115
868 112 1031 80 64 148 307 776 1246 106 801 1305 802 100 889
869 924 86 979 189 804 112 58 21 90 131
870 165 1326 177 106 232 794 1156 564 165 489 412 23
871 143 165 1249 467 1307 870 748 576 254 987 1323 1301 758 628 354 845 610 716 866 756 395 1270 17 297 9 927 687 1319 147 999 123 667 429 352 706 572 1266 291 417 435 455 657 1193 1479 323 50 196 1023 690 1206 1345 831 1316 447 337 747 239 869 1125 1446 1296 46 1256 641 990 1090 832
872 58 86 113 401 53 804 248 281 279 98 58 50 97 114 456 291 126 75 173 70 577 68 452 1310 550 150 414 320 110 303 451 153 116 214 243 884 466 129 64 91 349 106 263 556 134 334 821 794 271 669 232 126 468 371 113 768 376 98 53 349 208 246 112 346 304 133 462 248 684 977 10 274 250 415 158 336 112 252 64 96
873 202 107 459 143 820 328 466 79 110 463 88 481 113 778 97 982
874 976 776 554 952 873 764 1377 129 1309 241 10 798 182 256 233
875 88 205 359 142 208 304 965 289 389 181 958 76 10 13 359 734 450 817
876 928 358 143 110 1084 1075 101 684 303 150 54 864 102 512 115 47 422 78 1175 140 777 169
877 112 792 684 440 525 236 142 924 1304 471 207 827 761 179 1119 486 1066 473 50 686 338 412 607 526 832 258 13 879 595 1053 834 1155 23 903 65 894
878 1165 64 262 860 924 525 1353 142 925 156
879 193 224 193 315 277 1146 440 203 47 430
880 455 794 1084 91 434 917 794 687 474 292 103 112 206 521 159 162 1289 964 1287 433 383 1188 822 186 936 849 47 101 163 172 355 186 14 640 100 189 970 797 146 132 81 408 52 265 497 1270 802 405 64 1100 1079 189 1322 1222 864
881 1410 819 13 630 294 172 1221 675 15 1312 217
882 144 1177 54 85 0 110 520 179 171 866 44 52 382
883 79 910 867 84 240 150 358 65 401 351 801 577 79 69 118 13 252 980 232 118 781 102 32 147 808 111 864 106 21 269 47 86 103 179 789 415
884 248 861 427 362 590 182 112 231 255 138 231 930 940 463 231 362 590 476 342 476 596 80 539 174 1017 255 590 255 760 1017
885 1209 305 463 77 936 436 640 452 139 293 288 277 52 395 556 206
886 86 83 53 474 790 1219 824 75 13 153 68 32 423 151 794 98 921 1104 981 351 141 34 1352 110 320 112 451 923 331 181 588 782 88 821 641 80
887 911 1241 549 641 1276 430 871 342 255 231 284 1419 1449 871
888 174 525 873 142 265 452 207 708 572 930 474
889 124 1177 962 31 88 231 114 362 521 410 112 205 80 21 619 1165 65 185 815 1340 500 486 165 43 981 554 1364 33 880 644 1168 401 1028 728 1052 691 961 690 42 634 1015 40 1387 223 1303 681 739 196 886 890 506 1060 1227 1325 7 673 179 452 653 78 1059 767 191 232 1296 74 1357 1380 834 425 27 643 708 1014 738 1129 351 97 236 1147 835 580 242 557 737 1293 1297 49 842 203 1204 1151 5
890 430 1120 663 270 463 782 99 225 81 129 181 1195 782
891 426 297 1185 943 271 342 236 465 521 794 909 549 142 361 55 864 305 81 207 251
892 560 232 979 383 99 864 39 713 399 174 324 1335 1386 1283 904 65 47 408 208 450 1113 554 1426 1226 106 419 720 631
893 499 377 700 794 1017 187 90 7 1353 1388 391 391 1001 42 684 177 217 1472 724 1375 837 210 871 1452 194 1452
894 155 778 232 248 818 525 554 106 430 976 65
895 981 101 653 401 653 185 597 38 33 895 1047 270 516 48 1228 728 626 893 131 626 131 893 667 5 894 196 894 889 1199 569 185 1389 686 424 838
896 807 771 1236 349 474 635 8 236 85 182 47 1310 868 1015 464 77 132 37 512 50 1076 268 1262 420 118 1139 315 519 17 724 443 765 414 1384 554 518 75 815 1141 195 881 170 93 1047 179 88 993 177 41 1 1060 238 424 1387 5 1046 72 652 771 244 1226 648 424 248
897 280 167 869 392 215 179 270 177 806 791 318 1015 909 867 170 206 70 121 110 46 378 1238 361 250 979 47 1 447 1100 993 8 266 66 346 37 10 75 1030 425 276 1405 665 716 616 1071 626 233 566 1385 866 748 132 141 1141 1323 1154 13
898 331 350 331 52 1241 207 474 236 864 146 172 97 13 439 543 289 262
899 853 155 1236 362 617 420 571 1301 1301 284 84 91 355 493 564 581 607 244 1008 1423 163
900 273 189 156 873 106 407 1326 136 732 996 207 419 1017 1195 0 165 307 792 582 1194
901 30 110 255 863 772 525 401 917 1023 30 765 1374 1036 249 724 1497 253
902 214 64 1454 174 88 939 452 338 917 713 430 794 400 155 360 821
903 909 248 778 362 309 309 10 889 778 1082 476 818 656 864 138 990 47 1013 112 143 766 1465 699 575 792 176 639 231 909 70 223 1105 616 1177 223 886 696
904 134 141 362 981 436 397 922 427 122 635 793 47 1001
905 68 525 193 114 60 291 923 1343 85 202 1118 207 1135 429 966 612 1368 116 13 948 378 50 97 947 1420 70 716 349 47 110 982 141 143 76 106 451 112 401 351 103 56 268 315 57 196 52 362 296 89 84 88 176 1028 115 1367 294 1289 54 133 194 566 354 1015 284 170 148 639 232 131 468 566 195 237 787 192 59 499 242 1023
906 232 684 81 796 156 334 112 794 110 207 762
907 490 276 127 980 762 50 1371 774 711 1211
908 904 220 129 123 399 451 557 21 609 195 1028 874 619 1403 148 724 649 545 643 580 876 649 471 638 594 1190 1194 69 1023 1307 886 26 746 657 58 639 648 1302 245 254 1113 681 241 1010 1010 188 131 691 595 702 1056 773
909 445 1298 1075 1379 30 52 1430 275 1144 1383 72 467 63 447 704 216 109 684 1001 110 1421 1287 772 723 254 1008 1221 23 1077 29
910 110 158 122 230 930 794 156 99 232 713 248 1419 566 231 493 273 103 560 1038 626 436 1307 668 244 674 202 619 1468 136 207 91 0 1424 508 729 85 286 459 1165 74 868 1017
911 403 1165 320 1212 1406 79 1286 142 1211 332 795
912 1431 110 393 401 713 917 980 181 200 1286 857 80 207
913 979 762 194 8 280 577 1027 80 382 1191 987 616 1001
914 231 309 81 64 556 1485 143 514 391 156 207 968 143 232
915 182 861 521 127 99 330 1195 521 103 114
916 1286 147 1177 782 1039 1290 756 1419 136 278 230 801 463 828
917 490 864 112 794 263 325 911 248 55 786 1082 167 864 476 818 182 207 758 1286 804 1217 1211 1187 864
918 106 88 233 467 401 463 53 50 244 69 133
919 178 597 434 1224 1105 0 99 335 792 1185 1119 297 27 182 778 450 656 1234 640 55 235 1217 942
920 572 1072 460 866 239 342 31 239 241 1023 1051 554 1302 688 1328 363 1328 833 131 626 119 674 249
921 627 114 110 100 47 85 54 4 108 130 52 1238 135 434 355 54 354 878 318 697 245 52 20 106 183 216 248 475 79 997 844 512 532 549 106 1100 493 499 511 742
922 994 346 471 778 1262 1021 1165 1095 991 319 1032 1165 1236 112 928 1235 347 100 976 128 131 923 1370 6 1355 457 50 414 8 70 628 350 969 1247 135 819 455 909 864 52 381 366 447 331 30 261 250 223 350 245 861 536 1001 193 474 169 460 63 126 259 1312 1404 889 914 238 485 1354 250 1029 101 1169 708 853 217 725 973 265 674
923 621 195 430 23 573 1169 243 456 236 713 508 195 198 194 580 406 1284 1137 1006 712 401 371 174 688 730 688 830 1253 1003 1294 143
924 266 315 1078 52 525 96 117 4 76 807 13 295 56 259 129 457 47 802 466 23 175 44 145 596 126 90 1116 1323 928 1235 1015 458 44 354 279 79 106 980 282 143 232 10 121 91 265 713 853 779 424 464 489 550 47 314 979 115 298 139 279 1238 154 1188 194 112 80 131 415 113 488 63 274 31 110 269 302 243 336 1 932 566 656 148 41 304 452 459 577 351 94 53 786 910 69 780 107 687 440 382 386 420 194 412 695 248 137 187 962 1093 242 619 608 905 898
925 1189 129 141 63 275 13 716 1465 244 140 9 9 1190 244 701 1177 256 244 1319 503
926 684 47 53 54 170 141 252 77 179 4 867 542 566 216 244 499
927 980 112 196 153 482 648 474 166 258 1114 76 968 162 1382 648 185 188 346 42 1044 21 946 188 554 196 183 133 885 831 591 674 1117 892 1399 961 1165 691 520 907 149 738 730 228
928 176 54 1214 207 1309 606 467 1028 779 58
929 597 142 182 609 231 640 21 326 361 88 110 98 181 103 545
930 1119 1068 663 667 47 195 195 1071 1145 48 382 1105 106 382 1117 1216 702
931 443 8 37 74 683 595 1194 609 215 160 690 244 773 1148 221
932 786 967 427 844 142 207 81 909 804 233 1406 80 262 232
933 175 550 127 167 155 194 115 402 808 192 50 520 168 791 177 868 1107 513 243 734 582 1215 1121
934 168 1141 884 1015 133 328 199 287 69 268 1249 334 654 361 90 495 269 467 199 894 236 184 1182 1087 492 779 734 50 624 196 608 630 176 972 1453 649 116 85 1297
935 639 466 35 141 143 899 21 58 351 831 106 302 623 948 136 452 53 1301 595 831 73 1068 371 88 188 174 56 79 581 619
936 70 248 240 124 47 789 173 466 432 194 118 186 68 64 358
937 1269 1298 297 207 794 525 113 762 142 248
938 476 1176 39 641 554 849 954 419 103 786 1082 10 88 778 245
939 6 808 432 277 132 7 1469 939 550 165 148 491 172 75 135 331 1048 525 12 466 786 47 39 1485 321 410 202 276 333 311 868 923 465 268 802 562 411 324 1 1274 199 1032 197 479 381 872 310 378 251 262 393 116 14 467 80 107 114 76 682 50 63 68 194 1343 300 630 953 1031 899 949 205 958 831
940 207 864 924 802 230 433 122 142 1271 794 138 597 437
941 336 285 322 338 681 1006 8 1332 9 1227 65 1116
942 1331 1166 979 437 112 909 278 451 964 463 488 729 56 1114 399 971 909
943 871 447 112 656 47 1481 229 698 445 92
944 64 473 216 358 115 599 437 69 88 451 365 867 654 114 52 621 333 310 407 332 981 411 421 787 511 214 395 994 525 240 57 460 236 64 1 363 482 20 577 80 750 557 508 673 688 1060 33
945 232 1 154 53 232 214 1189 90 521 477 214 807
946 1315 389 464 1036 294 817 780 455 434 358
947 105 518 650 804 525 680 33 930 38 115 196 304 674 833 80 832 165 687 244 249 199 256 33 569 707 1114 898
948 78 82 683 236 82 572 129 1328 1270 1068 903 833 401 948 866 244 698 581 635 26 256 63 1229 691 513 842 33 757 50 1010
949 795 816 800 47 172 138 446 621 39 179 236 770 54 1 1015 133 76 619
950 380 1211 129 922 456 362 266 270 1187 234 1022 456
951 1405 170 64 1076 131 134 1246 415 433 452 363 144 321 117 345 274 80 236 232 79 791 829 347 414 721 220 697 518 624 187 239 74 484 616 503 746 188 798 1388 687 5
952 463 1176 864 623 755 980 554 1354 232 103 641 656
953 1001 630 440 519 697 526 1221 750 772 392 143 802 608 216 765 250 93 665 929 778 425 1024
954 248 1130 234 231 910 320 641 142 297 760 926
955 86 510 158 391 129 129 928 411 196 1042 23 162 521 312 1045 188
956 108 128 164 986 808 827 188 1001 626 649 961 1386
957 223 223 599 1206 121 599 80 61 1 818 707 815 1043 143 248 179 1181
958 401 474 88 371 304 32 264 265 98 57 281 129 123 13 53 232 684 269 149 466 90 1005 1034 70 966 295 340 50 414 427 864 492 94 1078 268 202 596 147
959 97 297 923 947 509 131 1212 871 75 248
960 231 175 4 81 794 10 193 129 85 236 99 97
961 778 864 684 276 469 796 97 1223 578 758 233 786 476 265 232 467 10 248 74 667 179 403 162 801 667 1374
962 1213 782 179 460 183 410 85 143 185 459 626 818 572 779 1 31 609 1307 398 181 154 1270 668 31 9 610 1071 770 1466 153 79 147 870 74 1206 674 864 678 927 47 634 291 436 149 297 1247 552 117 1319 599 1116 467 642 330 276 1141 1163 561 600 883 723 670 1004 71 734 315 1172 696 1154 261 35 246 575 1273 789 635 688 56 779 37 97 1069 1332 866 205 485 280 1056 193 1058 479 38 80 757 284 1232 936 879 232 876 1238 257 1387 8 1151 456 174 199 1346 932 103 747 518 1023 84 119 260 1251 252 834 950 29 568 667 666 1248 116 715 1343 44 240 333 517 415 36 1400 115 250 508 1254 1357 894 691 487 785 197 1293 1118 513 1167 217 107 26 789 712 205 974 1299 179 207 785 1169 336 460 1032 985 727 520 890 743 730 218 934 676 838 842 545 739 1010 1492 581 141 668
963 363 151 76 151 423 193 98 966 97 214 54 415 173 261 415 381 381 83 466 440 474 440 440 71
964 1277 864 860 362 27 956 1171 758 207 182 156 297 97 202 233 713 760 138 1464 776 201 794 85 231
965 46 561 932 269 10 543 459 52 446 1014 871 19 1401 372 143 352 878 985 121 1213 351 366 482 408 581 622 833 495
966 181 430 847 521 794 430 330 1421 88 403 1187
967 358 503 713 103 189 1003 1317 440 242 963 554 815 304 412 554
968 277 172 930 270 861 1219 207 98 370 97 88 917 287 912 142 474 262 326 284 434 276 263 612 1088 351 333 84 442 320 172 441 91 97 76 85 813 278 458 130 815 951 423 170 0 1038 517 163 599 143 993 361 525 428 337 829 129 802 318 100 265 206 925 360 118 355 464 1177 10 404 196 46 509 64 415 186 1213 94 332 566 458 69 181 8 452 349 560 781 459 156 635 687 867 169 458 56 1021 463 640 782 917 382 194 560 610 361 271 577 459 1314 207 491 291 179 304 190 96 520 1273 232 130 88 156 399 539 416 401 50 379 554 65 177 622 568 1372 779 126 121 1043 213 261 106 867 254 575 182 581 552 47 223 315 553 1194 557 867 746 566 174 35 499 80 1053 725 1117 1307 891 21 1445 444 830 50 783 687 812 734 415 838 1227 834 1400 707 191 961 962 1158 835 833 199 525 493 104 440 597 727 724 653 580 765 730 765 1380 730 1155 1035 30 734 830 738 107 662 906 702 1151 228 1227 743 657 754 65 691 1207
969 786 284 857 481 818 684 861 813 135 343
970 47 47 179 186 695 318 542 459 37 1451 254 974 688
971 121 315 215 355 99 1168 263 80 931 1232 358 330 56 232 488 115 1344 975 1343 786 99 137 502 582 791
972 964 1407 1015 421 333 331 462 889 917 440 406 572 474 37 106 452 626 129 244 440 154
973 47 1498 77 342 331 138 208 523 494 373 328 938 401 420 1014 50 640 507 447 425 504 304 845 72
974 1458 216 240 876 699 619 456 1003 1169 223
975 81 263 1036 456 853 1219 853 510 510 143 336 1165 617 510 1447 701 1335
976 232 778 864 476 794 684 1368 236 65 425 101 1084 1099 1486 1069 1075 110 917 1035 1036 551 700 51 172 608 909 474 1001 52 106 539 351 928 1167 256 1349 193 1029
977 1177 143 35 80 420 41 443 192 35 213 181 346 746 115 482 242 91 958 71 399 39 42 112 412 148
978 1310 49 150 879 223 476 773 17 52 985 566 141 32 773 616 26 268 268 238 135 425 819 128 760 1045
979 1144 772 1102 1432 47 888 999 141 1028 613 724 107 769
980 259 452 320 371 780 423 932 447 113 780 76 194 90 488 550 153 787 513 572 587 440 1037 1392 520 116 1157 464 750 15 315 116 424 620 116 506 834 899 577 718 1169
981 482 146 776 762 248 784 324 1301 609 233 864 924
982 196 1171 163 195 88 684 925 769 1268 121 1141 697 695 508 648 554 613 613 182 701 1328 38
983 335 263 10 966 525 214 623 864 55 823
984 106 713 314 118 351 236 958 184 1118 76 968 287 198 493 224 1017 1039 560 635 185 223 475 21 666 553
985 525 268 155 88 818 47 117 194 41 333 21 674 568 1015 4 188 143
986 962 214 1088 259 1392 1032 1026 799 333 577 1109 346 124 85 125 252 90 415 428 132 485 84 412 291 1069 77 37 274 331 865 117 68 391 786 388 467 815 121 515 420 178 771 829 167 867 216 179 779 103 751 363 1054 0 190 165 623 365 99 105 97 789 106 246 981 930 959 619 542 500 878 220 1119 1109 591 244 554 801 18 520 600 254 26 74 33 1008 21 92 748 223 113 31 626 382 1113 33 690 44 725 1227 1049 812 553 903 1366 653 691 733 1066
987 375 142 142 349 324 217 342 1082 490 362 115 202 50 147 421 311 97 410 353 123 789 346 59 542
988 1131 1286 1223 110 207 1185 343 1477 641 407 1156 341 341
989 1361 418 794 786 112 684 864 873 112 84 1036
990 315 363 801 463 554 232 10 763 21 239
991 713 823 86 127 362 463 248 818 1231 88 640 486 1230
992 240 106 274 779 23 366 152 100 94 1237 50
993 1035 4 140 37 160 79 794 170 259 114 202 157 406 74 129 525 313 635 181 455 927 466 746 92 815 229 269 169 8 230 684 54 103 367 283 922 110 467 868 751 137 115 88 443 185 1410 993 465 127 1328 244
994 186 166 83 713 4 336 148 54 351 932 457 52 489 779 63 985 80 11 194 118 414 399 50 170 243 333 794 789 123 386 57 934 363 103 420 499 177 763 354 524 31 362 1014 171 89 260 440 47 495 421 432 485 174 196 1214 136 199 12 258 252 520 280 115 265 214 35 452 10 193 259 1195 199 240 274 90 845 695 179 224 73 831 21 539 521 487 1188 42 177 225
995 1231 346 47 683 202 84 223 725 725 147 1331 676 698 685 1375 31
996 74 580 143 946 362 69 569 33 371 673
997 196 630 443 194 236 85 873 751 190 1093 107
998 178 320 543 223 170 448 1274 424 166 543 543 270 86 633 471 1499 64 779
999 97 152 820 930 786 820 656 97 80 232 96 260 79 298 113 10 233 521 80 91 69 456 186 218 525 237 66 495 233 196
1000 829 713 533 156 1113 536 64 440 120 943 325 893 476 554 1286 916 156
1001 910 525 44 843 106 31 282 336 139 152 894 428 42 697 148 1144 845 832
1002 463 794 590 713 1223 106 823 221 233 801 112 782 430 786 146
1003 559 497 447 257 1268 440 13 199 1268 103 749 13 1088 1103 382
1004 113 44 525 69 142 450 578 325 338 434
1005 292 917 391 1175 109 196 4 143 640 167 844 355 287 915 405 141 94 130 433 815 194 1015 978 509 54 360 77 1240 196 882 536 391 212 174 1017 216 437 807
1006 130 174 782 916 137 181 182 266 218 189 106 871 466
1007 864 909 1321 774 794 965 112 910 924 525 884 10 142 764
1008 106 268 50 713 214 232 924 544 88 525 91
1009 695 110 818 572 21 190 20 968 539 557 440 428 168 421 1036 33 10 613 1035 412 26 223 643 1141 362 666 896 691 254 1057 595 778
1010 1122 232 440 143 779 21 103 104 420 827 133 550 183 608 611 179 557 575 1 584 846 173 432 474 1414 613 674 473 185 117 932 115 554 194 1405 269 63 653 581 107 304 188 1258 962 591 880 310 874 32 739 419 757 1228 879 636 662 474 1058 557 88 1039 583 932 898 1227 653
1011 864 633 713 993 766 317 889 430 138 761 1036 248 1165 904 641 1075
1012 531 463 868 760 713 930 759 612 612 1426 1426
1013 917 1025 81 523 683 1376 1027 476 1453 1268
1014 1036 236 794 409 765 762 1038 430 263 684 232 143 619
1015 801 100 285 771 80 273 335 947 91 207 248
1016 58 206 330 32 1033 21 864 248 525 695 1274 486 686 73 330 88 898 950 580 42 950 1266 1258 622
1017 13 33 168 78 713 1244 591 57 61 1303 619 26 553 58 831 705 199 1186
1018 786 156 112 1017 818 50 548 490 639 782 568
1019 181 103 782 768 10 189 873 80 232 202 372 476 112
1020 1231 523 786 476 216 1051 768 867 112 1043
1021 81 362 525 559 248 761 451 762 1226 174 430
1022 1013 641 539 232 231 844 910 804 233 597 248 776 544 393 1241
1023 91 1454 697 1015 993 1232 602 1018 1100 39 18 787 166 106 26 690 1288 779 666 495 250 1228 903 690 720 141 1182 196 895 1233 1380 744 864 1152 708 1182
1024 794 99 232 142 106 440 75 182 232 181 595
1025 315 1424 1225 155 230 597 335 563 488 868 1255 233 98 909 864 434
1026 30 77 436 1310 164 87 132 1341 143 52 1036 362 331 17 169 773 143 552 785 170 244 66 324 855 1141 1151 132 114 526 675 362 641 607 244
1027 1144 1166 1008 1332 1008 1051 21 47 1342 957 744 871 181 753 1500 754
1028 476 1178 297 248 432 104 924 434 493 64 1105 80 91 103 207 500 50 963 271 525 21 174 112 407 419 619 99
1029 621 97 781 412 99 445 75 67 899 412 80 273 97 366 194 304 125 65 196 112 331 845 75 65 823 1041 157 808 133 143 44 146 1079 1015 1344 440 179 280 524 174 112 784 1068 190 1041 260 564 190 481 524 521 415 948 126 394 474 789 13 777 564 39 478 1439 12 894 218 519 155 137 199 96 39 39 443 872 779 148 21 300 658 381 149 333 19 845 346 223 414 958 1278 18 47 1278 554 21 1027 73 792 378 156 500 1300 460 1020 79 203 218 483 286 552 43 518 1156 1130 1364 257 401 909 414 489 42 244 241 1335 686 699 516 654 57 583 591 1259 38 691 600 643 591 927 1400 1027 699 619 1328 674 459
1030 1015 80 294 202 547 406 854 194 910 361 165 112
1031 336 72 50 596 653 104 420 194 619 220 21
1032 34 771 72 521 801 365 181 179 4 1206 748 554 1045 748 660 77 674 179
1033 786 320 319 81 1133 778 793 142 207 768 979 98 1286
1034 240 88 41 934 205 269 170 194 336 181 367 155 104
1035 50 504 579 440 69 43 474 590 569 407
1036 71 314 85 1122 9 20 542 802 653 1153 65 21 213 103 554 452
1037 6 411 6 381 474 791 432 381 440 572
1038 70 459 386 112 590 628 302 595 844 657 406 3
1039 483 42 41 53 945 1186 572 110 1043 103 199 577 899 58 199 899 831 155 948 302 301 364 339 243 4 327 35 289 290 779 258 421 884 401 252 553 1080 46 894 557 575 1111 792 401 239 239 112 568 153 473 635 115 554 845 620 750 748 1045 1436 1117 977 579 595 1258 655 39 232 153 499 683 1037 1328 174 674 31 674 236 1151 834 232 838 194 156 666 244 1194 33 539 516 206 1335 56 865 425 685 30 1152 757 560 121 260 464 974 49 1054 744 887 13 629 1428
1040 50 440 521 21 554 248 163 143 1080 889 263 577 1470 174 142 688 476 643 244 785 29 1307
1041 751 525 1137 572 70 440 192 1177 1248 708 1456 1001 244 461 526 554 520 613 20 18 568 1463 817 580 1072 595 1346 747 813 431 728 259 196 1501 1052 817 26 1501 951 1205 951 236
1042 88 112 351 163 270 205 269 415 304 240 232 1209 1104 88 104 100 64 263 345 782 56 173 86 10 248 930 452 363 54 121 358 143 596 993 453 1014 133 1177 194 0 1015 137 1014 236 835
1043 873 1073 1120 794 778 864 233 930 1153 14 81 818 162 587 48 715 230 476 430 865 630
1044 1015 80 81 265 121 104 273 505 338 301 194 197 1079 468 163 88 434 328 353 428 340 77 525 274 1177 521 80 66 334 894 424 420 272 116 829 789 76 1317 668 336 72 132 410 123 433 432 89 97 1482 41 1
1045 129 732 393 122 452 597 1039 400 437 335 440 184 248 762 930 556 232 575 241 864
1046 75 103 69 431 770 780 131 513 73 482 651 21 763 242 598 381 381 92 153 39 31 220 415 412 874 111 10 932 72 1017 351 244 203 97 582 713 406 622 609 591 96 1403 686 185 653 115 619 1192 773 660 601 117 141 57 133 545 242 1014 818 643 560 1302 782 674 38 22 188 232 44 746 662 1300 1145 634 218 670 734 852 308 662 590 80 241 1105 791 363 65 676 103 1226 910 620 684 657 739 709 681 26 1195 1117 880 1056 330 1 1087 817 702 691 739 440 1357 575 1303 712 1303 196 289 841 1333 43 174 950 54 904 1233 1063 1200 730 568 35 720 1015 738 840 1203 88 961 56 737 97 581 905 1325 118 898 842 248 474 596 18 68 1295 475
1047 505 1241 1138 307 1098 589 929 1473 221 969 916 230 544 1406 362
1048 427 1393 66 787 976 251 50 559 1044 319 632 14 1 849 309 829 980 233 519 85
1049 958 654 1122 82 794 91 930 790 818 41 1015
1050 232 1007 687 410 182 350 975 261 813 789 871 127 845 146 300 467 988 141 177 12 177 50 616 65 431 216 115 250
1051 430 864 850 236 266 95 69 1022 397 97 493 909 732
1052 1137 1329 890 440 431 1066 96 1274 5 297 1183 996 1413 656 1113
1053 270 96 112 790 656 127 1104 80 232 106 113 131 90 277 23 908 979 1135 394 131 119 355 414 1017 22 653
1054 979 774 378 931 1421 1212 1130 864 966 362 782 82
1055 802 861 4 199 239 391 391 688 587 861 1113 1489 391 31 752
1056 1179 925 68 399 572 221 1001 99 1113 892 961 1227 1227 188 487 1181
1057 778 641 138 1095 1353 1185 795 82 681 476 378 764
1058 44 177 5 1387 654 46 18 196 572 751 444 1009 811 147 10 928 1173 610 680 580 896 33 1307 1358 680 1049 868 734 1046 894 1323 813 728 21 1119 1051 431 50 5 440 712 40 1201 1389 1205
1059 778 1286 864 853 21 84 434 75 656 572 615
1060 113 804 142 452 440 64 248 925 493 397 101 706 110 1340 1172 399 572 732
1061 463 99 1131 864 74 244 8 87 683 324 579 182 600 110 285 595 236 304 304 103 1117 866
1062 760 1241 794 801 861 655 886 663 594 276 1431 456 727 1066 1306 64 232 248
1063 864 57 218 1122 246 1278 1111 44 239 500 31 890 739
1064 979 980 86 156 263 794 713 142 97 304 372 778 861 176 176 247 189 490 521 490
1065 10 126 53 215 202 31 302 392 115 315 910 80 143 452 81 320 47 194 50 1177 84 302 1287 236
1066 106 129 64 420 208 404 273 248 430 207 437 496
1067 0 594 440 566 199 525 148 52 890 832 1495 952 757 1339
1068 521 490 86 112 1114 143 81 490 1344 1344 174
1069 231 1235 1405 88 656 30 101 823 128 355 277 142 140 109 684 401 297 917 81 236 202 864 465 397 335 816 804 400 788 441 131 1212 1187 265 924 70 427 766 64 93 467 311 853 951
1070 152 112 1114 818 868 847 563 174 597 963 181 568 778 568
1071 236 264 434 799 70 153 216 355 1108 1004
1072 463 88 142 297 231 88 614 864 156 231 794 142 233
1073 463 110 273 792 554 1424 230 50 156 232 648
1074 794 273 845 98 1018 684 868 1404 434 1217 408 133 818 849 232 766 207 980
1075 202 291 550 143 236 13 135 98 517 269 322 70 53 301 135
1076 521 112 88 105 401 801 50 232 69 330 1017 91 980 500 302 39 1003 78 170 58 1114 347 155 213 1105 1111 323 600 1231 265 751 304 493 568 631 96 349 1300 225 595 63 609 634 1042 662 1051 591 686 525 1184 890 698 812 33 26 1375 1164
1077 430 1165 430 1178 231 924 857 1461 403 142 231 430 1165 1182 794 430 1165 795
1078 112 813 58 853 135 1171 917 768 190 979 930 146 476 427
1079 781 10 447 979 654 65 143 1319 398 47 398 561 84 561
1080 363 1190 525 1464 407 106 581 202 65 287 525 713 874 114 287 619 584
1081 597 794 88 956 149 156 854 362 430 248 964 930 729
1082 8 186 59 1496 162 802 799 527 66 920 800 86 18 457 427 391 266 277 135 981 845 270 1464 861 867 889 206 931 216 566 188 183 188 183 391 391 872 519 420 977 574 1496 162 697 163 1431 240 487 631 5 546 115 80 355 412 879 277 1212 126 101 91 572 1194 786 73 459 121 262 342 892 786 1288 405 1156 39 1501 707 1128 48 638 1435 514 1128 1418 132 552 1201 206 279 715 1256 173 406 856 649 228 1151 703 516 44 897 657 196
1083 1286 325 1287 794 142 81 233 335 91 864 930 804 320 110 864 98 778 348 1477
1084 980 399 1224 1392 138 1301 11 713 641 226 432 33 424 1448 1141 557 420 557 1141 789
1085 32 107 208 37 208 951 126 199 959 730
1086 549 909 525 643 214 569 184 873 766 476 854 778
1087 65 1481 806 331 932 1102 724 31 788 8 910 84 382 781 378 37 279
1088 109 229 86 154 336 1015 16 520 16 710 1325
1089 823 794 232 596 218 713 818 864 801 112 430 225 823
1090 554 794 863 964 189 136 500 930 924 176
1091 1 517 181 153 229 56 382 58 399 382 346 346 103 410 1247 1389
1092 158 105 917 172 70 279 112 79 986 782 1014 196 141 433 592 1502 917 1019 862 169 930 80 1014 968 281 279 248 259 163 81 186 452 161 181 166 214 910 18 183 415 443 520 75 648 420 224 1300 1031 279 697 845 611 1373 42 245 1016 1045 942 528
1093 476 233 1302 1075 1370 1066 873 699 1186 631 276 554
1094 778 476 1488 863 335 794 248 850 742 430 477 232 796 142 112 909 859
1095 1242 1481 1316 480 1085 352 110 27 112 362 991 533 217
1096 214 320 142 53 1005 151 280 68 648 188 381 254 1307 1385 886 47 518 254 554 747 690 971 254 84 971 773 148
1097 92 985 993 250 72 89 6 389 236 731 601 103 450 1471 1394 315 817 543
1098 765 99 143 1272 53 1485 488 155 706 32
1099 1138 312 882 919 657 715 1072 1279 203 961 1114 721 721 217 450 1424 156 744
1100 794 91 640 1075 760 136 113 760 248 440 434 597 233 399 1216
1101 695 106 874 763 27 37 221 1216 779 188 1418
1102 474 414 437 148 132 401 64 346 72 792 440 1111 419 432 126 155 1503 548 684 76 21 63 112 88 220 477 179 278 981 355 440 148 783 521 287 1075 150 160 1 154 381 239 345 135 440
1103 864 818 1342 75 276 463 713 910 362 549
1104 182 910 335 394 138 232 713 713 590 909 233 182
1105 324 376 799 94 260 161 186 105 274 767 1044 14 13 474 52 507 481 1247 183 721 279 516 695 162 475 815 84 488 1166 879 42 879
1106 525 967 499 318 258 196 175 232 109 17
1107 193 277 236 462 107 537 248 463 640 405 389 135 91 466 541 1240 146 784 355 588 433 263 348 400 926 441 472 14 625 308 400 328 884 275
1108 91 452 149 393 105 759 452 525 399 996 864 979 1156 181 713
1109 967 81 295 81 505 292 405 829 774 309 395 434 98 464 809 335 277 207 379 388 70 270 868 263 13 268 932 354 302 76 107 589 0 333 304 89 153 326 577 355 114 556 265 962 280 731 287 474 515 269 494 293 351 767 779 948 100 305 487 336 530 527 262 271 659 116 54 933 340 1344 115 64 537 157 599 135 123 366 163 802 80 1269 124 621 139 290 452 143 236 301 90 4 363 104 369 339 59 104 292 376 528 844 136 541 925 308 481 99 277 64 336 361 121 767 452 968 306 1015 540 328 1232 1 916 347 338 103 334 159 149 431 44 431 338 81 212 491 285 1240 337 126 360 521 161 209 391 442 411 273 100 283 509 985 492 317 984 91 270 320 308 355 279 829 463 196 967 162 318 404 1321 146 159 292 44 1088 79 282 922 986 640 166 984 342 108 599 843 359 210 1135 372 930 414 232 389 206 64 250 1498 420 431 346 394 732 438 1040 421 525 346 172 281 507 419 44 815 289 414 632 432 589 997 491 975 213 1 61 365 777 507 463 215 878 5 211 183 69 564 1104 1439 283 486 304 475 183 1190 452 44 65 196 106 493 520 986 199 177 21 536 829 186 879 69 178 1013 266 493 545 553 567 557 1387 562 1178 520 185 697 828 521 315 533 1173 646 591 14 1046 1194 7 213 42 715 500 1387 581 287 460 493 692 932 266 395 268 92 338 1364 892 17 1327 44 21 552 132 120 1183 156 1100 44 405 572 894 680 1331 1283 879 474 196 263 732 1448 1501 161 104 1155 1057 33 889 1141 1438 729 691 65 185 1194 622 1347 879 1065 532 463
1110 638 452 88 156 889 1104 230 112 729 782 1405 864 248
1111 371 781 153 1169 216 406 463 630 224 137
1112 828 97 273 103 791 55 806 91 437 807 572 452 1171 502 98 407 262 287
1113 1048 1 192 167 381 1005 1137 72 445 354 1020 412 50 1029 265 1220 1023
1114 234 776 142 1286 980 230 252 1313 235 270 490
1115 142 1130 362 466 794 912 853 926 297 156
1116 287 355 687 269 328 474 88 989 1237 100 404 380 966 135 265 1209 106 234 129 85 481 248 231 1078 117 1036 44 332 222 190 223 879 42 42 619 798 256
1117 314 244 112 1373 463 156 80 556 623 1272 88 779 560
1118 52 415 205 70 143 524 107 139 82 550 131 106 596 94 115 47 401 123 54 133 23 794 521
1119 226 217 112 331 790 1027 855 1355 526 1051 1371 518 519 471
1120 91 335 560 152 947 320 918 924 138 156 297 55 233 308 762
1121 88 10 143 525 351 76 229 31 31 705 951
1122 56 80 169 985 713 596 85 1045 653 1126 650 1388 253 48 1244 140
1123 845 197 443 260 346 1411 260 224 946 1118 197 363 50 304 236 170 366 485 440 620
1124 304 146 156 774 136 76 338 448 334 1269 1135 116 116 85 292 292 15 126 401 525 70
1125 155 845 396 44 16 1221 48 867 48 806 897
1126 72 282 485 44 525 630 794 1142 202 928 932 489 268
1127 199 866 654 165 845 91 304 49 179 189 493 1463 1031
1128 760 818 909 156 684 1051 438 818 1051 207
1129 54 1407 795 1073 523 857 1370 909 284 230
1130 503 949 5 257 473 412 630 428 831 68 508 473 648 330
1131 75 329 524 378 481 347 308 393 635 394 918 414 76 347 1103 361 112 302 416 1304 194 274 922 146 396 1355 304 346 167 342 65 148 157 354 181 857 133 181 1 44 66 1042 365 713 511 287 47 1184 491 174 684
1132 231 136 1321 1022 918 273 138 403 55 521 1179
1133 1264 802 816 430 1021 129 913 909 656 930 853 412 137 979
1134 215 196 518 42 831 21 1039 930 185 177 894 1168 192 155 899 424 17 109 1190 229 1190 60 782 452 103 179 75 986 110 275 91 440 419 467 133 965 439 1035 465 214 115 268 126 67 749 780 97 88 1376 199 287 1302 358 371 1015 687 47 70 925 962 176 410 7 1194 308 691 841 622
1135 415 524 168 831 520 421 466 199 104 1043 1169 932 252 684 71 39 1402 444 431 959 697 112 423 1178 1300 554 361 1111 240
1136 283 88 137 167 0 1224 1041 317 872 320 1300 619 631 112 406 103 181 455 1203 174 1068 675 841 460 106 116 631 1304 879
1137 806 54 107 129 196 1319 410 50 47 1034 1008
1138 112 232 34 434 687 263 300 88 1028 980 142 471 762 1358 1130 864 929 1309 819 106 414 423 322 116 448 818 1031 1177 945 114 1312 468 314 194 304 0 639 525 455 170 815 656 401 981 115 336 68 1081 113 61 10 236 246 157 174 362
1139 13 392 849 135 932 80 147 285 930 463 13 135
1140 338 525 326 474 233 98 990 297 1421 457
1141 300 609 977 831 21 1213 609 73 443 1023 72 672 1156 609 118 41 691 137 841 832 948
1142 779 353 381 155 132 1116 952 202 577 41 299 348 47
1143 322 50 684 445 440 471 688 699 525 30 47
1144 1039 136 1183 1165 105 80 64 213 1013 155 502
1145 334 44 663 374 440 1015 1343 46 452 194 128 483 977 188 84 1043 401 202 525 889 550 431 19 1343 1075 585 314 566 199 65 831 315 177 50 421 512 577 1258 36 5 165 1387 651 239 779 601 147 119 71 72 63 410
1146 338 1420 112 1404 274 96 338 274 451 474 338 232 304 202 303 332 34 142 794 231 864 323 338 601 459 119 921 88 323 512 289 304 260 1135 122 314 114 316 317 57 262 359 208 101 287 269 369 325 284 76 207 333 474 335 263 293 277 88 95 625 540 328 635 377 300 264 250 490 70 923 156 136 1392 214 126 259 389 149 1078 44 446 341 340 129 64 537 342 344 230 61 292 336 265 172 155 210 347 1027 297 1317 154 8 1 573 301 529 143 128 351 363 59 290 337 272 295 1405 481 326 327 429 551 370 44 70 53 130 219 1286 271 369 157 361 6 1234 236 364 1214 354 273 525 855 379 97 365 366 448 367 390 286 368 170 376 385 85 66 278 318 371 372 857 380 373 374 381 382 358 131 99 387 320 54 386 388 251 596 421 1061 397 396 294 412 577 394 127 763 194 472 7 432 1269 116 302 440 1021 465 268 52 407 1026 467 173 550 208 84 129 214 983 867 198 12 787 991 103 179 804 1035 460 484 9 192 20 143 687 534 192 452 1163 626 244 1191 869 26 241 553 69 673 773 541 28 398 193 47 587 552 960 1030 722 362 712 82 613 1067
1147 291 199 366 260 781 981 177 406 133 504 406 500 619 1105 580 1243 620 513 620 443
1148 84 986 133 381 698 216 695 695 1122 695 1238 846 626
1149 590 634 1034 47 499 363 467 499 460 1385 581 609 286 196 683 352 241 1247 1010 248 7 37
1150 788 1449 1264 80 1404 794 302 193 1133 910 176 194 454 980 65 50 577 141 635 86 427 346 146 75 47 39 221 475 32 4 257 131 88 407 21 572 568 609 713 698 53 76 534 637 917 930 1014
1151 684 1176 244 687 1073 1075 864 551 192 1023 973 1456 928 747 101 750 1475 777 65 116 253 1048
1152 110 648 1071 20 10 783 473 1307 467 236 77 311 205 802 78 802 467 257 504 667 304 168 280 657 195 1060 1178 321
1153 425 894 177 486 554 1178 118 777 77 352 1119 675 518
1154 112 1078 248 867 658 30 130 268 482 47 143 132 496 318 65 269 46 177 170 1054 88 114 930 476 794 244 244 244
1155 142 362 373 624 176 1179 82 494 231 138 713 361 603
1156 1015 84 202 794 778 358 460 114 1030 1085 170 601 713 41 54 258 41 909 85 254
1157 147 770 1270 1071 440 932 179 1206 459 866 190 566 278 88 683 1303 410 575 149 29 738
1158 302 116 125 194 654 13 948 482 362 1107 1079 351 383 1245 1048 70 97 346 106 440 69 787 168 421 199 831 22 410 566 620 553 1028 179
1159 23 783 572 50 338 324 1184 165 280 6 421 440 440 404 448 1317 406 1178 569 440 44 1283 1043 1051 568 568 44 568 630 419 65 269 13 631 1127 683 460 92 679 114 567 1079 1330 248 655 1151 684 643 287 363 1306
1160 597 639 176 1176 864 112 713 79 1117 202 106 304 174 821 10
1161 425 1177 1343 6 1486 1088 107 728 50 1486 6
1162 91 207 786 544 55 91 786 80 371 156
1163 216 1122 1163 765 684 572 1054 162 30 401 1033 304 22 72 138 353 194 419 1033 30 182 927 1231 526 1225 63 735 735
1164 64 174 304 194 351 80 349 831 575 1158 961
1165 186 452 10 391 194 101 1130 917 425 401 156 1001 171 802 232 196 174 14 687 993 112 216 69 979 1080 440 201 261 697 179 245
1166 426 268 669 1038 956 864 273 80 1026 923 142 207 1459 84 1037 3 47 1468 675 146 794 165 1182 795 853 558 554 641 1042 665 778 441 335 979 64
1167 471 315 323 299 52 170 300 1342 763 10 187 440 654 115 216 148 440 172 320 110 194 644 401 930 80 724 351 137 1017 199 196 1101 287 280 129 100 295 192 236 461 481 1068 112 12 564 1190 1190 452 1440 787 1156 831 166 493 765 451 85 872 165 491 260 63 483 269 330 1015 554 1300 487 88 74 244 78 213 245 155 203 188 568 224 1015 1006 112 47 244 1148 875 691 698 1441 1227 712 619 30 833 841 38 65 662 1375
1168 491 511 1369 775 124 96 541 401 467 524 1316 281 67 685 1319 126 1242 899 1042 62 453 364 6 424 561 243 445 133 63 1242 561 768 67 155 291 67 349 168 126 173 868 1 274 154 154 291 789 193 90 52 71 414 275 183 165 260 196 831 406 483 876 504 179 129 600 1316
1169 54 844 50 1013 482 1028 260 515 781 79 112 116 65 421 13 793 353 15 471 1342 909 284 751 106 133 366 296 250 520 89 456 850 495 606 179 243 1165 852 501 177 455 194 1087 695 468 77 137 476 295 236 194 94 49 20 667 647 1017 667 667 412 33 1060 664 673 1407 1117 620 959 1399 48 698 84 114 1068 1504 239 699 655 203 1226 71 1028 246 399 1334 194 33 520 246 15 1474 554 63 228
1170 1202 280 170 349 898 900 676 545 974 114 265 38 65 691 1168 945 179 1428 260 906 61 174 460 108 1056 673 188 52
1171 13 248 246 276 110 219 414 1206 381 69 1206 46 246 1323 1343 1323 504 282 5 410 412 112 261 684 459 976 1243 115 240 791 196 504 406 414 945 85 1003 656 765 22 290 244 775
1172 131 31 232 423 521 520 88 336 572 42 1072 582 1186 634
1173 1020 493 539 169 1177 499 26 17 729 827 1157 295
1174 980 121 1 170 520 72 1247 1278 619 405 1363 846 746 1192 268 1226 1243 1226
1175 463 917 196 297 440 1466 88 450 1075 572 684 764 98 476 794
1176 5 1 224 508 601 99 619 173 1113 346 1068 330 985 32 841
1177 527 803 42 81 50 39 245 80 183 391 76 23 163 452 802 88 879 1174 129 697 185 291 166 243 188 881 676 254 546 121 18 525 150 695 1174
1178 778 361 1373 230 269 320 699 857 1051 131 25 1450
1179 320 1262 401 1037 687 166 985 1076 194 1248 769 177 626 648
1180 19 568 568 19 143 52 440 239 88 609 688 98 115 1 525 85 244 35
1181 88 794 335 525 684 362 97 106 1176 112
1182 187 31 189 979 1025 1013 920 596 348 695 889 320 408 1212 1464 201 1464 613
1183 1105 1210 156 255 778 189 864 98 233 1370 726 592 494 980 120 126 184 1302 1156
1184 333 789 240 1169 423 1099 215 107 85 236 260 290 934 474 34 313 936 63 282 310 460 310 404 517 518
1185 980 782 924 404 979 230 64 163 1174 8
1186 135 265 1449 167 267 525 117 240 84 1402
1187 80 50 76 349 794 248 261 1316 910 107 112
1188 14 378 136 292 44 156 324 127 807 813
1189 79 291 106 50 1005 259 349 143 70 780 367 10 90 126 232 1213 866 363 786
1190 686 20 959 17 90 1141 26 1233 665 1166 1013 932 1108 1094 879 236 250 667 29 651 491 30 424 242 613 254
1191 112 103 106 112 415 86 181 525 575 315 181 1113
1192 871 1395 226 56 281 62 54 22 118 118 831 686
1193 815 96 196 520 1301 467 360 334 868 250 66 168 473 129 157 452 1054 443 354 337 428 333 1014 72 45 1026 538 648 917 518 807 1246 190 552 889 425 179 255
1194 156 1365 1468 1217 761 1461 861 968 247 491 856 1183 937 996 665 82 202 1277 202
1195 806 295 47 808 52 137 384 244 317 481 286 698 1110 156 219 232 794 318 512 132 323 290 221 78 629 1036 613 78 866 254 826 6 110 328 924 518 579 488 244 326
1196 110 917 129 10 684 143 268 10 110 129 348 1309 230 233 270 794
1197 52 85 142 698 322 455 109 765 1247 349 128 401 252 69
1198 847 439 80 232 112 525 801 88 440 156
1199 773 194 318 1032 520 336 76 518 1385 485 1341
1200 609 616 521 852 1084 425 667 50 1137 1137 852 518 249 202 249 699 1075 92 823 589 250 600 616 1120 253 834 702 333 107 1161 1094 23 416 1162 572 1139 38 1505 897
1201 392 1454 9 896 518 110 392 461 667 626 30 461
1202 1255 818 638 362 234 1401 245 47 1308 549 342 317 378
1203 182 194 103 248 232 142 231 440 478 287 304 157
1204 34 54 456 467 235 150 138 1232 199 781 194 440 114 1090 424 112 65 1028 320 823 701 465
1205 1176 807 1113 778 308 476 605 871 1137 804 875 794 430 930 818 112 233 317
1206 132 1385 1220 559 325 559 258 1053 516 1259 1015
1207 713 266 786 430 609 68 622 713 178 490 1386 713 641 98 80 864
1208 765 794 819 865 687 47 683 249 708 1023 392 1034 248 256 1029 65
1209 819 713 110 79 86 236 401 114 172 315 281 143 406 53 1334
1210 1075 687 183 344 189 229 807 171 189 185 131 648 827 927 127 981 414 182 713 1414 491 471 681 1060 1355 981 595 185 18 791 807 710 710 203 702 710 774 1117
1211 150 244 549 236 3 187 280 110 966 683 1112 1262 41 1129 143 223 174 80 232
1212 1017 216 600 1023 1023 999 1120 1120 1448 1349 311 93 217 1349 256 256 834 988
1213 924 232 1223 207 813 156 273 297 98 925 308 142
1214 578 343 864 141 969 576 1182 762 325 84 1286 230
1215 910 305 328 802 292 207 1005 287 1405 105 1005 322 1236 338 309 360 415 921 54 292 848 194 808 196 88 297 103 695 1126 183 695 213 245
1216 162 657 715 257 110 811 1171 1426 997 88 1448 481 832 259 1335 265 695 324 1057 1006 256 174 1003 718 217 991
1217 472 671 335 1455 818 273 441 230 437 91 81 434 1469 956 816 248 403 794 864 297
1218 320 1212 789 440 129 249 861 30 1452 818
1219 420 365 149 641 260 59 262 525 1286 155 232 438
1220 779 779 418 298 358 88 214 103 351 1078 56 104 336 131 788 58 560 382 336 99 621 167 864 315 367 170 186 137 229 443 19 216 520 96 106 483 502 1017
1221 361 207 305 255 917 110 405 355 376 233 291 334 10 404 389 202 514 507 273 800 868 588 137 100 263 129
1222 107 118 930 779 194 654 10 333 310 1275 41 240 260 202 517 789 958 936 1343 1218 453 321 520 54 57 118 197 410 252 949 52 474 85 179 467 362 350 224 118 246 205 485 98 794 1311 18 23 1266 908 42 959 546 1216 232 813 890 1017 1084 173 626 169 708
1223 207 370 325 794 969 142 427 112 1286 1396 1185
1224 688 801 597 1179 165 88 861 651 110 1105 0
1225 53 804 207 232 947 794 207 268 112 302 721 938 938 721
1226 156 98 623 136 27 407 112 684 713 1038 765 1135 136 871 1075 202 493 174 997 1176 1082 184 106 189 871 847 128
1227 102 112 99 285 345 116 947 75 394 167 490 232
1228 930 521 174 0 50 131 577 371 440 76 864 43 790 828 91
1229 364 1042 544 684 433 383 143 433 81 108 452 112
1230 81 450 273 320 231 803 372 361 860 543 794 828 604 1187 796 407 476 574 792 142 762 797 297 335 889 207 0 795 184
1231 143 4 8 985 1262 141 37 993 80 130 1262 1075 94
1232 386 85 244 47 141 52 424 481 266 640 287 966 311 50 208 115 415 363 1141 42 447 622 19 949 188 831
1233 112 934 315 10 1215 1031 1032 865 97 517 97 418 112 103 440 783 50 68 818 148 338 630
1234 713 248 930 232 207 202 864 760 142 404 88 110
1235 925 361 248 1478 847 758 1421 1212 980 943 671
1236 4 80 1364 85 785 1066 1436 398 406 47
1237 476 1114 81 248 848 263 378 929 100 493
1238 155 630 1372 331 39 740 643 780 685 898
1239 476 802 1165 482 640 1309 767 309 93 939
1240 639 58 153 930 112 300 52 517 234 50 80 232
1241 393 1321 55 142 910 909 760 549 372 1309 852 393 1298 778 91
1242 264 110 265 985 57 60 273 571 242 275 74 535 80 196 88 133 281 630 1017 928 185 103 174 1172 500 73 867 488 39 526 13 17 35 516 188 179 169 217 690 1016 1045 681
1243 404 1485 142 684 801 263 1217 230 924 507 639 818 88 120 200 138
1244 37 77 452 525 10 517 47 1177 967 917 363 107 169 415 170 80 179 94 123 216 64 782 143 174 67
1245 1095 721 231 796 64 847 808 154 1393 110 320 925 263 129 452 207 335 1013 767 142 434 194 236
1246 143 179 430 85 223 425 342 778 748 236 1281 408 332 492 143
1247 913 1354 929 1290 663 113 490 873 675 990
1248 370 794 589 525 240 328 801 560 1095 794 430 1419
1249 683 349 683 683 1225 1 812 945 244 932 607 644 1203 920 575
1250 452 440 787 684 698 415 194 202 1015 243 17 115 845 566 236 476 206 1014 331 864 129 8 13 153 880 946 189 493 132 112 52 416 156 280 443 721 407 192 502 964 1093 1111 1068 1045 609
1251 47 994 749 1381 724 1073 129 109 143 5 1345 1268 1197 88
1252 194 141 143 1035 236 217 63 770 130 460 526 512 765 518 110 110 244 8 599 499 331 256 1158 1177
1253 601 70 106 151 644 641 88 1440 311 440 131 554 831 31 112 170 230 141 81 258 238 150 634
1254 1016 609 679 117 927 1192 801 415 802 699 181 100 176 460 1043 886 196 613 249 355 1113 1129 1076 974
1255 142 1286 305 320 1290 640 1482 922 1211 343 427 778 956 172 998 979 135
1256 430 1039 684 88 176 142 112 794 467 136
1257 889 853 778 930 105 325 671 818 804 796 297 441 767 1022
1258 917 867 143 401 765 1165 10 666 106 440 239 525 864 248
1259 460 155 412 67 469 155 69 11 164 409 471 331 748 566 791 167 37 1122 630 346 827 250 827 1163 280 985 866
1260 768 314 554 408 1355 966 1372 574 1027 550 1387 353 1384 165
1261 259 471 424 452 640 455 963 338 169 656 653 1488 10
1262 794 641 1383 112 1114 713 792 742 818 1102 812 1146 81 930 407
1263 326 724 97 819 572 63 65 1432 525 873 35 554 887 1151 1 798
1264 156 980 100 1298 207 679 1321 732 273 419 732 493 328 493 656
1265 110 370 1143 119 1039 750 908 77 590 809 328 33
1266 432 1 44 981 392 11 14 185 18 113 1060 71
1267 1 792 113 273 131 167 248 361 142 328
1268 159 74 984 166 174 148 159 72 179 179 666 880 1012 642
1269 107 154 451 432 184 338 68 165 268 831 357 106 242 71 114 983 473 265 4 595 432 265 49 110 917 204 568 634 486 338 196 33 1143 1051 1 569 674 154 674 241 595 1414 656 39 128 924 683 1233 643 708 114 315 1054 452 653 1288 177 88 21 697 757 74 1151 812 1151 1053 839 483 709 1303 1467 722 691 710 35 456 1059 823 351 1129 184 244 211
1270 297 491 230 956 233 935 521 91 146 248
1271 81 79 423 158 207 286 264 52 94 268 156 1317 302 63 362 316 278 1209 277 292 917 243 155 589 374
1272 986 414 39 1071 52 1 76 552 280 334 878 41 495 47 6 883 676 1075 1169 674 890 595 487 1027 1158
1273 112 172 233 764 80 847 113 1027 182 786 525 477
1274 232 205 1171 207 1435 790 679 1386 148 191 707 1181 1062 189 1104
1275 39 676 533 430 866 879 143 699 1109 88 696 460 838
1276 554 748 119 446 678 716 610 1108 1332 17 1154 748
1277 232 192 9 318 194 46 331 806 320 261 195 799 928 425 155 1028 30 196 452 923 149 358 929 30 278 467 381 806 192 76 334 141 561 765 284 510 869 177 315 865 41 16 928 16 1015 871 695 518 1047 1188 508 452 347 143 215 20 1502 232 1382
1278 976 560 554 695 881 1225 695 31 405 487 188 188 904 626 698 917 709 985 185 4 720 58 545 1024 415 74 56 131 188 75 1499 702 1471 961 229 138 1158 149
1279 427 768 1309 1022 976 1455 640 98 849 181
1280 864 947 53 713 684 128 371 525 371 804 248 103 88
1281 819 476 69 791 748 250 1001 47 195 122 985 1106 30 1102 425 724 1149 667
1282 1468 231 53 684 439 1039 88 923 554 572 297 1104 762 143 794 455
1283 324 917 804 430 110 182 43 39 378 248 614 1340 138 617 143
1284 174 525 392 801 438 202 76 5 280 613 18 1216 18 249 50
1285 909 80 273 457 476 233 207 864 525 100 979 1271 1506 297 122 395 776 588 1018 524 1210
1286 947 113 376 397 233 922 55 764 930 156 330 966 355 304 320 136 176 847 207 491 419 232 174 523 828 804 619
1287 79 818 490 330 349 782 64 1104 138 167 872 174 80 727 554
1288 314 515 281 346 301 894 47 1232 894 751 504 504 281 867 1232 246 1266 621 188 1129 725 1069
1289 124 99 336 282 548 932 894 410 5 482 42 1387 21 74
1290 269 76 112 121 137 229 83 138 910 466 214 298 276 240 474 1405 271 457 10 56 99 525 207 279 114 779 507 68 75 355 658 248 95 287 53 280 208 289 290 243 463 684 152 90 687 112 799 415 88 415 466 232 131 113 415 466 214 378 80 1078 525 112 80 99 304 248 76 229 248 145 202 779 58 782 1209 115 32 115 115 115 1015 465 320 330 414 231 930 166 186 90 150 1118 1016 118 1035
1291 932 815 968 979 1195 239 653 0 412 1051 113 801 113
1292 728 1122 256 609 1235 1203 600 182 196 26
1293 823 639 232 490 786 232 229 684 490 823 99 639 58 864 112 297 236
1294 103 75 596 639 415 1135 981 1116 236 97 143 248 112 243 110 281 265 231 1032 10 362 232 351 240 525 779
1295 232 103 333 806 772 196 73 802 1043 216 963 152 486 1364 45 499 653 609 503 455 54 1054 1178 634 715 162 718 882 1147 782 1291 961
1296 648 358 216 1071 695 1222 1270 491 829 138 845 391 1122 215 829 879 196
1297 414 864 172 202 302 474 143 480 566 50 69 352 506 54 1028 352 951 695 1032 19 610 9 50 496 1226 554 626
1298 381 1 388 226 70 61 1267 128 174 309 67 1472 574 1425 631 689 648 1343 832 1181 545
1299 171 122 724 930 82 910 762 1245 795 559
1300 79 101 100 406 129 807 236 351 97 406 50 151 107 13 65 684 269 464 115 363 85 121 577 474 277 167 468 89 70 57 794 116 336 304 123 366 81 423 4 68 10 88 1078 1005 524 4 596 103 353 315 782 939 606 148 787
1301 1 804 977 42 187 106 66 179 94 205 976
1302 127 440 439 331 445 216 724 831 41 35 1075 156 554 757 97 206 80
1303 295 128 438 95 980 122 142 804 393 864 317 397
1304 647 653 818 42 425 64 525 985 132 600
1305 786 75 1212 231 263 10 182 328 389 54 171 106 440 1017
1306 778 476 1 476 142 623 910 155 932 794 554 656 112 236 80
1307 979 713 786 1271 136 926 979 786 804 401 466 1105
1308 135 476 920 713 1393 199 760 679 525 135 1024 156 476 868
1309 425 1108 1023 140 991 1273 50 516 64 467 552 446 202 170 413 1130 60 263 85 467 1334 867 254 646 581 1296 985 1141 1475 642 1226 1202 148 315 229 538 129 1314 401 581 972 141 599 560 702
1310 231 864 207 156 334 121 112 332 430 336 195 269 466 406 88 948 281 1032 386 289 320 362 295 157 946 1013 273 317 125 96 240 386 53 1028 852 1 635 194 1195 221 182 997 1156 871 414 127 440 106 611 630 1402 807 314 554 905
1311 909 129 142 590 924 70 456 794 230 393 762 143 926 231 232 792 774 1230 148 430 142 476
1312 223 985 463 7 241 218 35 1023 1300 971 1332 971
1313 504 291 81 864 925 1 80 167 355 202 550 732 106 232 112 818 440 430 248 872 21
1314 44 125 346 1014 981 932 186 302 530 68 654 485 635 131 211 550 281 80 389 328 997
1315 1 626 1466 688 629 99 47 106 699 73 763 691 1299 1226 1194 239 595
1316 10 421 443 259 281 47 106 88 561 320 1 878 179 517
1317 4 456 80 248 794 167 751 10 818 440 232 476 232
1318 762 255 778 155 465 374 819 956 792 762 434 889 1498
1319 768 979 954 1082 1018 362 1018 759 794 641 1321 1082
1320 876 1114 199 679 21 330 904 609 73 196 76 147 181 910 622 463 1114 182 560 590 678 539 1145 710 864 182 560 678 466 1012 727 692 609 232 490 1017
1321 173 291 240 300 213 346 1156 23 572 554 1072 595 782 440 76 1017 123 609 890 674 1229
1322 269 421 236 333 716 751 952 779 561 688 182 662 577 196 580 170 440 225 239 773 1014 1054 1380 33 191 730 520 712 894 539 733 1505
1323 171 639 80 10 79 560 713 487 181 99 67 21 284 70 7 91 443 801 131 88 1225 1231 182 1105
1324 1104 430 88 423 112 80 139 1014 44 133 163 349 23 57 100 782 79 548 145 1104 174 651 1014 1043
1325 427 976 540 395 804 377 215 450 277 1370 1030 778 1023 1114 630 1376 915 424
1326 156 136 292 860 469 14 324 640 1396 813
1327 552 452 808 184 13 17 80 1233 112 47 1029 439 206 75 323 407 76 50 295 269 504 68 414 155 258 69 513 780 381 1005 174 818 287 871 96 1192 104 388 609 579 568 355 872 347 575 521 239 1117 37 42 244 52 1377 672 878 554 1050 582 619 577 746 698 1051 1 1328 106 181 1057 739 1011 727 1158 1056 241
1328 423 959 353 312 363 157 42 542 767 401 1003 18 1385 1259
1329 463 189 998 1288 921 1104 1364 97 1228 232
1330 574 526 867 112 535 362 476 254 351 734 655 686 217 374 643 1151 903 287 757 26 847 217 657 240 748 216 239 241 132 88 529 1291 894 1297 1201 432
1331 769 406 889 186 355 163 1240 648 201 640 1506 697 927 201 320 162 109 804 697 419 917 403 1126 279 1431 419 209 245 1355 1001 872 451 800 348 810 1462 170 633 1079 803 572 1123 1025 992 350 350 695 224 794 143 1001 824 572 355 64 230 166 20 806 225 277 1136 18 14 1386 107 1465 88 609 892 21 1257 848 879
1332 864 236 314 81 207 70 635 287 248 930 415 79 75 88 362
1333 1047 67 976 504 240 664 647 634 525 21 315 1005 622 41 410 1436 818 315
1334 910 853 110 864 231 335 848 854 218 351 1132 910 98 1382
1335 231 794 925 654 924 307 1013 88 1187 434
1336 391 864 684 912 236 231 234 525 233 794 829 97 257 151 88 248 1170
1337 1370 91 778 1370 616 889 1202 1370 1021 1417 13
1338 1238 363 399 162 985 57 511 193 107 397 1169 61 304 100 174 143 415 66 13 65 72 248 243 215 977 1343 317 698 35 769 263 207 335 1073 1151
1339 231 818 112 338 861 47 412 1017 525 554
1340 577 713 600 65 1186 440 143 1029 197 112 71 460 818 996 888 600 1009 487 1440 1147
1341 1022 818 1271 1022 871 1404 930 391 1298 239 207 55 1255 1298 391 695 920 1128
1342 1287 62 193 1005 968 213 382 0 419 878 602 1288 811
1343 381 58 823 50 265 86 218 320 56 110 167 232 174 32 525 467 684 231 229 1068 236 925 917 88 202 374 1039 1079 452 149 330 560 698 21 440 103 1278 198 196 194 985
1344 471 143 250 99 698 985 865 463 86 930 114 323 300 592 269 414 910 167 138 117 447 363 1342 320 866
1345 41 47 414 566 561 243 440 1015 88 141 952 685 7 535 84 478 236 748 605 452 460 17 1080 37 239 65 1307 526 39
1346 795 430 816 1131 943 325 1298 297 207 1095 233 1013 624 721 1406 759 320 380 373 603 450 909 795 476 795 794 913 612 1212 1138 395 138 774
1347 410 1232 351 194 789 50 414 192 196 42 216 143 554 52 580 47 244 415 278 566 84 20 831 412 1 443 259 25 182 54 97 440 945 199 188 107 572 512 37 243 879 236 697 165 39 185 354 571 802 246 407 205 131 300 552 114 64 21 206 179 481 286 287 573 389 1343 323 5 85 504 59 269 791 815 420 262 1079 577 916 80 1307 250 96 600 280 928 1093 1192 579 526 581 324 148 889 779 568 872 71 79 609 521 115 1066 106 366 41 583 23 516 634 1117 347 619 583 409 1050 1105 746 252 346 622 672 1060 486 355 75 643 88 65 43 620 653 681 104 1156 690 683 691 757 504 718 1056 707 254 1062 972 727
1348 202 1093 110 577 794 331 1101 1104 447 223 852 392 626 1365 683 459 1137 1374 1489 1024 1147 644 1389 888 717 1348 253 725
1349 520 929 1028 194 1017 1169 250 174 1028 620 1117 33 667 412 664 909 1032 1275 656 699 239 1226 1504 763 609 203 1028 1032 71 1060 730 137 84 840 228
1350 194 1051 1307 910 107 85 773 1023 47 412 662 1316 106 566 39 244 680 63 609 674 1017 1226 250 685 84 1328 4 1056 667 686 33 203 254 1105 26 1068 699 833 812 610 736 568 250 702 600 399 1164 901 842 121 741 1229 985
1351 65 626 724 203 650 461 1353 819 413 1221 30 3 735 236
1352 214 853 774 862 1305 793 214 305 1132 95 922 233 143 372 1404 529 1210 640 305 98 1013 305 899 844 889 143 231 47 404 143 85 496 136 765 335 1119 263 47 765 270 1149 1107 675 805 143 1272 1210 433 1013 1149 141 1175 536 886 666 232 556 150 1153 695 492 1047 241 134 708 988 397 366 30 877 895 44 121 140 290 806 161 463 1150 707 1141 682 26 235 813 743 1288 254 1054 65 401 1015 412 1012 607 30 528 196 38
1353 79 1075 853 106 1135 112 81 276 326 521 143 1036 801 914 112 174
1354 1105 440 239 174 172 595 622 526 216 1253 1024 76 1294 244 181 904 837
1355 85 1018 1 88 966 685 106 762 277 44
1356 53 74 486 88 963 1038 234 794 864 684 231 248 30
1357 129 172 768 1171 1132 112 81 14 1316 130 192 133 336 190 423 121 44 1047 37 17 50 867 1183
1358 980 864 1075 476 88 112 232 801 684 818 430 1036 808
1359 687 177 1358 1043 17 179 85 975 82 321 236 52 197 829 170 440 1177 257 802 525 818
1360 623 149 559 255 467 1308 470 82 317 1269 297
1361 864 1286 207 81 760 762 1083 297 305 505 1473 325 88 1224 1166 1426 576 447 603
1362 487 351 1078 135 412 41 125 192 590 1040 958 224 945 205
1363 550 401 170 577 268 322 264 246 354 1073 1323
1364 871 167 218 463 131 5 808 1195 478 96 1105 1300 1300 127 674 631 424 699 584
1365 370 1043 78 250 50 1386 254 1100 1144 683
1366 461 299 1032 819 751 865 555 313 1440 1130 471 1440 551 217 378 324 1264 644 342 965 1264 172 485 1440 342 461 179 850 975 695 587 381 587 518 440 1084 593 466 554 1135 523 949 342 534
1367 959 1153 1034 773 5 927 1154 1071 927 667 1307 952 1389 806
1368 81 430 1499 523 761 335 231 1211 1185 357 911 671 403 297 1378 767 1255 50 864
1369 976 189 713 202 112 776 232 136 924 320
1370 1217 807 980 406 1100 810 917 231 684 348 143 930 358 309 266 731 623 864 1036 1209 713 320 10 81 80 129 804 176 908 105 100 140 917 455 768 917
1371 780 784 214 582 291 1453 1453 1329 813 716
1372 1166 1023 137 1148 116 718 504 1130 27 991 21 170 1051 135 182 471 172 349 1364 932 50 1328 674 734 519 1416 38 1504 241 687 691 564 563 304 613 832 581 839 834 1302 1264 839 172 712 839 1364 1072 412 763 1068 401 1117 833 1164 619 837 526 241 757 13 1375 754 188 738 44 174
1373 10 626 156 1378 189 249 639 612 318 930 806 156 128 765 463
1374 378 215 1032 1219 818 888 683 569 987 1260 1151 188 15 811 228
1375 233 75 915 201 80 1021 34 751 112 39 439 231 165 1185
1376 421 76 682 133 440 473 1044 17 815 436 986 532 829 607 196 772
1377 794 864 174 641 393 248 112 539 88 684 521 597 430 498 203 782 307 554 879 178
1378 127 794 813 81 248 786 112 1286 233 434 1421
1379 290 326 153 269 112 110 81 1404 341 107 70 466 823 468 278 232 358 320 284 301 556 309 351 474 122 327 248 175 771 314 302 112 802 140 1310 1116 1175 23 1035 1262
1380 773 586 10 90 925 1233 586 244 224 143 459 254 620 181 30 867 1045 483 639 595 117 1117 575 239 831 560 1122 315 143 465 1137 283 253 1388 725 724 699 930 609 930 227 33 459
1381 782 112 521 930 233 207 801 794 864 91
1382 363 89 1368 864 110 50 170 1032 202 977 268 116 459 64 537 206 823 27 114 369 1082 1083 1405 246 68 112 454 462 644 640 418 85 98 236 989 264 355 1310 193 295 461 644 555 1015 141 59 347 155 300 434 1214 98 402 323 57 13 1408 172 819 350 1440
1383 467 467 467 781 467 639 807 14 314 878 20 212 1392 542 103 268 196 229 164 526 1141 684 676 623 31 710 867 1057 744 741
1384 208 958 474 172 361 1353 630 601 41 115 376 503 198 323 1131 1126 819 850 347 792 602 493 993 26 347 861 440 136 592 241 865 1282 1020
1385 97 142 27 794 297 98 70 134 684 1286 207 156 560 1361 924
1386 778 572 520 866 240 975 243 9 425 250 440 525 338 1066 73 684 1466 751 653 269 239 250 254 903
1387 169 38 757 1148 304 336 533 473 310 420 553 100 831 898 727 812 1357 834 730 718 74 1494 228 13
1388 244 485 115 620 620 1279 205 1169 26 1047
1389 250 2 194 58 196 1027 1020 1335 165 347 241 482 631 930 269 84 626 112 634 569 609 1225 963 132 196 165 432 629 1051 1 647 203 166 33 568 490 349 904 321 525 672 236 177 240 425 399 223 817 346 894 687 680 674 1415 1023 686 801 345 1017 873 833 47 486 84 812 107 46 875 188 347 600 727 832 834 1010 1155 1296 890 653 1302 312 1375 182 1003 593 739
1390 232 132 244 699 211 196 579 490 349 114 552 1051
1391 1217 490 774 237 778 778 847 181 152 174 930 925 112 679 53 463 560 782 189 684 1223 187 103 521 199 476 1039 828 182 1113
1392 588 334 389 103 207 998 910 131 404 230 263 131 794 208 326 10 131 121 1370 150 864 374 202 633 421 473 550 577 133 182 269 654 68 106 106 473 174 420 133 520 112 84 103 415 75 780 421 248 86 58 489 500 173 1300 181 192 133 1137 263 1145 961 1446 192 1011 1152 1420 539 653 622 1333 1256 595 149 727 194 1330 5 823 905 579 840 248 653 495 746 1229
1393 202 930 560 110 1393 919 1068 1290 88 483 910 112
1394 190 679 199 782 861 346 167 106 183 619
1395 297 182 1211 954 232 131 1092 762 357 268
1396 199 927 112 1300 71 186 440 15 1266 170 509 754
1397 1182 618 1371 491 1302 854 795 759 232 523 823 189 521 156 136 358 64 861 895
1398 476 521 909 871 218 181 619 162 1370 1374 30 568 663 491 47
1399 358 230 1223 781 240 248 71 977 174 4 150 143 74 584 581 1084
1400 686 362 1137 1470 639 1328 593 352 680 513 699 64 203 203 643 566 50 181 236 653 552 1210 554 170 832 566 17 99 133 763 21 112 842 106
1401 185 248 550 179 719 268 322 394 892 991 232 343 1001 30 143 1006 1006 1291 1007 209
1402 823 27 362 656 688 525 1082 315 679 861
1403 169 1262 1084 170 259 993 1044 685 433 407 826 328 1029 482 1262
1404 13 268 232 977 4 232 179 21 143 1166
1405 216 17 46 288 318 85 435 794 400 1141 1088 867 425 1318 948 165 773 107 51 1088 1069 435 867 1089 51 116 116 10 1043 1243 468 302 777 51 231 580 143 215
1406 1060 927 114 1307 28 637 815 1243 1060 667
1407 818 503 778 181 430 122 314 141 910 925
1408 113 85 785 947 656 767 802 91 138 112 1171 1311 80 354 639 922 815 428 354 46 1109 354 1177 807 433 930 977 177 176 179 997 993 1238 136 112 31 157 867 1031 1047 154 700 467 72 437 164 77 1268 997 190 454 467 263 3 1169 74 269 596 276 376 192 521 77 174 37 243 792 1111 724 927 878 1290 1111 504 452 878 463 879 765 666 773 580 516 1345 681 880
1409 147 566 447 8 425 678 519 1071 864 430 143 112 1478 30 440 1148 1154 696 1504 919 716 463 1293 823 138 182 1113 1012
1410 183 349 174 154 424 137 503 525 626 1424 917 21 1171 1194 487 163 867 648 695 135 189 640 203 143 712
1411 596 639 232 351 295 941 243 116 214 713 287 214 243 243 912 27 781 823 269 1377 658 63 376 374 263 268 328 75 4 106 1135 986 940 101 361 1285 351 488 334 398 326 10 490 807 1485 76 89 351 84 439 320 305 1305 910 60 300 762 917 1393 1177 354 524 639 176 86 64 770 785 459 1206 463 271 355 1028 159 60 751 80 186 1177 1118 437 878 69 685 866 214 33
1412 100 188 500 619 554 136 80 771 112 174 21
1413 70 547 575 520 89 1017 782 173 103 296 70 185 183 468 106 81 1334 440 452 702 46 852 1318 60 106 97 1030 4 487
1414 81 110 465 255 1210 1241 976 929 311 20 319
1415 177 746 50 41 932 110 198 420 386 54 351 358 65 70 199 88 945 572 109 20 566 195 63 443 751 129 203 238 904 170 84 1060 518 685 33
1416 1051 579 520 1012 38 65 10 182 739 103 33 440 236 21 1201 232 905 838 779
1417 165 12 248 174 443 179 12 242 452 141 1014 452 182 1029 21 239 23 508 619 74 1111 688
1418 414 913 295 656 787 975 873 795 976 889 69 291 318 574 571 474 194 908 580 778 1182 239
1419 63 284 142 447 1286 773 200 627 1035 1220 291 291 244 561 177 312 438 93 629
1420 81 713 910 930 1187 713 156 142 255 328 232 181 171 273 81 864 182 136 854 924 335
1421 996 885 452 543 381 440 81 156 560 68 262 239 50 97
1422 1177 243 687 143 815 121 8 77 160 635 436 94 10 88 566
1423 1342 823 698 518 136 560 88 315 215 129 345 590 930 476 1042 808 24 445 871 1145 1452 114 487 1196
1424 137 317 1479 430 1419 1431 889 638 450 603 88 248 187 372 408 873 1478 938 1461 998 476 809 783 909 1490 1166 55
1425 794 325 853 362 118 232 233 207 234 1171 779 1211
1426 947 656 81 128 148 112 786 248 641 81 174 631 88 1082 490 861 609 1050 112 818 110 818 791 44 1225
1427 56 259 54 65 687 319 118 114 53 410 88 751 619 165 984 410 85 789
1428 278 132 194 758 1211 323 496 1177 177 85 52 365 20 1043 46 867 54 566
1429 1264 47 425 1141 19 782 699 240 109 50 7 244 54 244 609 324 63 286 310 831 181 155 1154 261 688 727 1129
1430 698 713 979 1086 979 80 1163 1068 173 223 847 1071 177 561 668 73 952 1109 1279 401 1279 244 84
1431 1187 1289 463 825 851 343 969 831 297 1459 801 200 965 318 230 470 101 1095 403 856
1432 1419 82 864 1419 50 440 251 88 142 239 210 148
1433 794 207 639 463 924 231 142 1321 522 1082 1255 559 1290 684 143 818 284 847 639 980 155 1301 523 761 156 476 755 1279 430 1165
1434 1005 23 430 145 801 231 167 145 70 76 69 148 432 96 1105 63 174 71 423 244 181
1435 482 452 56 229 653 355 634 952 734 351 44 463 1003 662
1436 525 564 382 609 328 845 792 850 412 721 721 1066 564 763 500 1117 88 248 1145 1178 1137 430 867 746 1231 972 155 1013
1437 287 302 50 114 89 110 68 768 286 262 76 1397 401 407 275 966 88 451 194 1015 115 474 489 1404 60 155 54 128 420 196 52 47 30
1438 47 80 69 166 112 106 440 37 630 554 269 1324 447
1439 21 318 581 194 84 609 59 845 286 108 103 76 676 422 460 634 699 1232
1440 244 666 47 248 595 21 88 626 143 31 47
1441 378 181 80 490 786 362 1342 463 713 127 818 210
1442 243 78 232 79 129 112 786 684 867 544 106 47 79 229 148 286 10 318 246 864 208 286 314 244 179 182 443 443 563 412 192 495 17 548 81 554 932 185 500 1169 143 26 26 21 131 521
1443 684 58 861 231 248 794 764 490 1405 924
1444 167 864 88 91 81 474 88 91 371 167 335 10 232 713 786 925 807 925 889 813 181 271 488
1445 135 586 1342 447 90 639 844 749 1268 1247 142 1187 90 980 515 109 1268 85 1173 196
1446 861 697 1464 1424 846 26 85 679 32 131 366 818 21 424 1117 44 653 415 1042 838 1064 727 739 37 410 648 779 598 235 779 382 37 977 513 65 174 111 285 902 779
1447 525 415 143 83 56 480 79 351 1075 145 47 88 131 144 315 274 58 1316 90 84 802 321 111 103 786 560 32 981 656 229 490 823 52 85 31 10 232 107 951 152 324 362 641 27 924 869 141 283 202 463 910 452 980 127 99 273 1086 248 684 1177 713 801 415 639 320 1068
1448 813 271 232 68 229 322 248 157 799 802 787 751 170 787 117 170 1035 1005 30 214 964 81 69 14 268 10 1272 512 215 268 242 269 542 508 959 672 642 406 154
1449 847 1017 32 847 182 873 713 430 847 656 112
1450 845 287 164 148 746 365 481 179 20 71
1451 351 80 129 280 97 1075 232 1028 140 788 299 54 379 172 474 363 194 31 304 778 202 89 333 362 1084 321 1454 319 236 813 266 693 67
1452 468 129 1 41 66 129 221 1 1410 864
1453 129 362 312 112 232 440 1154 218 861 1335 182
1454 924 400 1265 889 91 990 441 913 864 563 110 447
1455 50 389 292 214 295 126 488 262 100 129 801 76 90 934 193 248 415 418 131 115 194 295 154 1078
1456 248 79 86 979 298 801 853 110 912 263 81
1457 248 476 531 998 142 112 976 320 794 909 864 930 525 88
1458 236 90 57 1422 123 96 166 168 554 478 691 961 739 789 511 459
1459 794 767 762 925 996 684 231 713 715 1421 853 910
1460 84 0 5 473 500 1480 1378 1226 812 420
1461 58 68 401 236 153 52 280 466 392 75 114 406 85 525 248 193 315 229 252 60 232 202 167
1462 1030 770 459 342 155 966 135 129 424 787 1070 311 50 244 323 142 581 110 966 777 562 620 33 647 1275 452 30 1381
1463 996 1165 434 1137 605 546 433 412 750 248 728
1464 208 304 335 297 377 248 100 374 924 157 415 155 110 207 10 262 325 452
1465 910 358 641 378 864 248 930 1322 354 330 370 427 182 232 358 531 216 823 794 182 639 232 27 330 490 181 232 864 539 639 792 362 1111 609 50 97 1360 91 440 297 980 43 792 1075 430 143 476 792 182 990 217 1111 864 713 1024 796 1042 182 590 491 358 358 182 755 864 297 43 80 864
1466 525 474 129 1005 163 894 577 1041 186 723
1467 386 187 181 85 237 96 221 478 186 171 763 319 139 56 248 127 39 1010 841 707 1145 44 1012 685 916 182 727 112
1468 314 496 278 1407 624 549 929 142 804 248
1469 142 487 768 930 236 103 75 297 181 248 353 818 97 194 202 85 372
1470 150 46 1082 318 278 358 463 460 781 47 65 577 289 447 341 495 117 130 801 771 31 899 214 1045 26 232 310 1266 1141 1151 676 284 643 1015
1471 430 231 801 248 792 112 554 410 205 440 1165 232
1472 966 110 1235 917 129 970 355 1088 109 415 277 309 322 140 298 52 109 749 109 993 265 52 1237 1031 687 274 1175 163 129 124 684 985 54 278 263 1240
1473 234 930 684 85 910 776 864 126 214 97 248 81 639 641 1177 467 143 786 80 233 231 1371 371 88 236 112
1474 794 801 112 487 232 181 64 786 916 713 801 1158 1490 595 554 674 149 149 136 905
1475 88 808 232 419 684 1421 189 91 1 248 32 156 1286
1476 330 230 596 110 427 818 362 141 152 625 47 452 1001 419 521 143 441 4 266 904 622 362 131
1477 590 488 794 930 926 860 818 764 248 362 525 801 849 34 813 1311 488 362 605 113
1478 80 520 1169 65 323 262 474 407 778 346
1479 556 930 98 801 76 156 297 525 273 1104 142 207 64 295 490 262 214 924 521
1480 143 371 268 74 99 76 202 1098 56 236
1481 415 317 278 163 109 251 114 274 320 96 635 140 54 86 44 1015 496 354 366 802 724 195 751 19 168 1078 420 118 878 216 90 481 520 1001 1 532 246 495 73 619 123 1236 382 1031 19 32 843 272 495 229 407 177 902 1402 750 74 407 517 570 697 734 440 1402 1266 734 453 616 641 67 352 580 634 93 620 254 580 667 467 643 1233 41 110 248 64 241 1157 1258 959 1299 894 1399 1016 591 1415 73 229 487 1226 179 812 647 421 1476 1129 650 485 662 1028 315 1155 65 1201 36 282 887 1117 702 835 31 1244 903 737 1049 1474 1205 950 244 753 932 1492 1492 738 823 974 1227
1482 181 782 794 864 167 1021 148 75 74 1037 112 396 248 232 88 1114 382 478 415 218 189 331 781 182 685 103 174 847 158 174 179 482 283 1190 463 684 564 910 80 471 483 991 137 823 34 519 801 39 519 86 131 713 1195 656 490 66 1017 518 119 467 141
1483 1232 698 423 599 654 936 59 282 499 114 41 80 372 304 874
1484 861 588 588 871 1090 172 864 324 127 1241 142 231 343 248 113 1356 915 88 590 1356 909 543 113 1371 86 825 112 1219 362 81
1485 78 571 1003 1003 779 65 644 712 593 163 644 887 686 572
1486 1095 976 174 861 521 1219 847 910 656 362
1487 162 391 767 245 400 146 917 45 209 768 792 1370 985 648 1173 807 1002 623 30
1488 106 128 801 231 106 291 525 331 165 97
1489 1213 474 648 1411 980 8 243 1141 440 89 1163 85 88 44 76 1177 864 1035 432 630 31 1020 201 1402 910 196 80 443 687 401 20 21 1323 214 182
1490 847 478 318 748 460 143 129 47 422 1156 846 566 979 459 554 182 415 611 549 452 620 699 831 674 410 643 1050 232 132 595 683 47 696 1445 833 112 1105 188
1491 590 954 236 137 330 106 31 698 399 243 1212 255 217 122 490 378 354 656 482 1477 871 127 92 463 1079 344 447 864 202 786 372 88 99 178 617 1320 475 490 555 493 1068 478 70 521 572 452 346 199 1017 116 606 1020 397 853 763 865 549 1455 24 1186 520 1111 732 174 1041 167 1121 593 794 262 308 679 27 407 19 641 539 232 156 142 50 184 194 129
1492 846 123 1122 699 33 906 181 734 656 504 661 36 47 72 1258 831 1476 88 1303 903 1151 642 459 1011 420 867 26 831 1113 1194 834 1266 757 718 712 1288 1497 1343 560 284 626 1060 69 643 115 1227 240 232 440 363 880 43 445 188 631 577 1419 868 242 662 683 1258 54 1258 13 752
1493 10 349 525 550 112 182 23 1362 1 411 178
1494 823 463 138 207 427 976 782 156 1132 320 469 280 520 304 1015 90 399 956 202 889 544 590 88 407 98 787 208 456 379 359 262 69 70 55 1309 103 639 768 539 1111 1165 347 713 173 76 381 232 581 619 311 239 126 301 625 801 1181 702 1227 1404 361
1495 931 302 1028 131 240 118 23 577 975 1188 65 823 351 155 1046 163 5
1496 644 469 248 985 217 969 414 460 67 221 242 242
1497 794 1404 248 110 472 276 976 549 509 1165 438 408 393 917 588 415 88 136 81 104 106 231 925 361 142 69 388 233 100 430 1340 868 64 452 174 1165 209
1498 521 414 362 162 319 656 138 794 1114 698 490 330 248 440 362 631 1328 688 518 626 757 256
1499 526 202 112 50 179 818 440 554 193 143 864 690 338 338 757 10 244 467 121 705 174 1058 26 683 830 681 1010 904 953 1328 686 100 757 981 568 1325 674 1227 880 473 898 1244 17 626 45 591 1063 599 1043 637 1303 42 33
1500 415 379 358 488 97 56 1369 635 112 114 114 179
1501 792 713 10 684 764 1231 385 904 88 362 1378 609 925
1502 414 338 967 123 782 124 64 277 912 279 986 250 105 1171 8 280 146 147 280 336 268 1048 447 386 291 432 1040 1156 533 1101 90 1068 545 359 748 702 1152
1503 86 113 231 276 924 91 232 187 233 230
1504 232 1005 131 1449 341 1404 529 265 336 154 6 167 280 363 269 349 155 87 143 864 50 525 162 275 126 588 849 427 172 208 603 278 295 112 274 94 1104 210 909 320 110 456 492 389 374 334 521 181 81 54 27 206 114 365 135 297 481 304 452 302 521 823 1177 407 414 243 382 808 361 979 67 548 930 779 1101 99 799 434 23 573 347 433 475 354 262 791 1320 71 1156 504 69 407 160 42 876 21 748
1505 713 142 110 383 207 794 98 176 762 917 864 436 297 325 523 544 924 81 1165 156 263 91 1022 1212 231 88
1506 917 440 297 69 78 88 197 84 112 199 1409 957 1224 854 930 43 490 1225 430
1507 54 550 84 765 268 239 1374 1015 129 794 476 248 684 440 778 474 456 316 284 89 275
1508 1223 1039 1022 233 165 640 828 801 105 786 803 792 112
1509 463 1479 641 182 713 273 1377 873 539 182 713 399 182 1377 130
1510 794 605 1219 713 778 523 873 146 362 778
1511 232 138 463 1104 152 415 504 178 69 474 106 131 732 1156 504 220 1045
1512 143 780 783 627 77 119 156 829 928 231 1163 81 1270 110 275 112 1075 196 281 196 196 1080 196 433 930 129 785 815 1209 57 108 1110
1513 967 1001 476 255 1038 615 188 135 861 348 179 533 121 1453
1514 910 786 112 1018 861 980 531 476 80 88 273 818 909 1245 713 782
1515 846 476 132 47 280 78 959 1188 203 629 616 1243 1504 699
1516 156 956 864 818 794 794 64 362 629 554 401 324 66 66
1517 1118 790 485 112 721 1195 22 177 1188 80 917 634
1518 182 88 609 75 1176 138 1354 1090 1217 136 656 335 297 889 641 399 248 778
1519 713 980 1377 138 82 99 818 335 656 679 755 1181 930 437
1520 269 42 243 1372 568 591 572 580 579 872 872 143 1219 674 727
1521 589 260 112 150 108 236 106 13 269 640 930
1522 153 351 419 1045 520 37 242 206 172 620
1523 215 1027 849 313 989 314 318 517 13 79 807 1130 1209 455 406
1524 985 525 196 1033 631 137 952 985 648 110 47
1525 86 947 76 113 236 79 70 371 639 232 463 980 99 85
1526 338 88 132 74 282 323 867 177 1084 827 123
1527 260 153 1206 392 129 566 88 265 169 333 1088 366 77 1006
1528 113 764 107 53 314 116 276 328 404 297 435 428 879 932 1387 5 894 1272 18 284 917 334 27
1529 232 152 713 112 1135 263 774 131 490 476
1530 804 819 1005 427 843 172 1407 968 684 165 236 236 518 894 5 57 818 864 15 54 78 868 14 68 57 18 172 1126 311 1250 278 195 400 1386 647 23 1501 311 1045
1531 232 371 440 673 336 1436 371 1060 464 1436 898 35
1532 362 566 420 399 80 463 511 61 65 66 170 1236 72
1533 405 326 64 230 21 1231 88 143 53 112
1534 182 181 778 913 230 463 142 156 82 136 778 786 539
1535 823 58 173 232 248 794 138 234 88 598 231 1098 236
1536 687 749 1268 988 1144 1073 1120 362 1197 1103 818 988 994 1067 1035 889 162 1191 232
1537 131 1213 286 131 279 419 304 67 257 414 486 21 554 873 80 1424 954 163 1282 1403 258 734 686 690 1053 674 583 691 1016 1117 42 1328 815 640 64 142 155 781 239 562 420 538 655 191 1051 581 269 757 65 107 1081 503 545 355 961 829 421 683 1329 280 161 552 579 33 419 47 600 1151 1100 188 602 405 68 968 1195 1345 143 1159 517 98 622 1194 1339 38 259 5 1161 452 100 894 1351 906 133 1247 727
1538 290 301 371 468 429 1028 259 269 103 463 466 418 83 869 97 401 64 262 304 116 505 246 50 115 302 366 156 366 565 274
1539 10 1073 771 244 19 1435 731 818 574 1379 89 67 566 630 280 687 949 847 530 927 446 610 323 866 667 1319 814 244 254 694 1110 568 206 52 1127 1144 1117 1194 162 1017 763 838 701 44 656 1388 382 1467 695 1105 539 1507 728 1008 725 459 1205 1457
1540 794 439 909 214 64 91 687 202 1034 265 1237 143 362 172 782 129 966 248 713 283 235 113 441 988 237 687 804 1371 751 1036 414 118 358 452 418 791 1036 88 414
1541 967 406 918 336 1188 512 787 431 852 566 591
1542 654 878 724 177 118 1047 653 500 42 220 548 244 1084
1543 174 232 831 73 1137 257 43 21 963 254 106 789 33 88 1024 691 1375 560
1544 871 871 98 864 804 395 788 202 93 1177 194 169 277 275 170 422 396 150 32 399 517 16 141 85 1141 777 467 666
1545 976 1340 361 1182 790 917 430 569 909 262 732
1546 976 864 112 910 233 248 590 235 321 280
1547 440 1224 1119 399 1043 1066 88 1072 973 973 973 973 115 461
1548 134 695 525 311 1001 889 628 616 701 249 1268 232
1549 873 64 80 112 230 440 41 1258 1104 192 907 1056 554 407 751 26 1010 834 232 452 1201 199 1199 771 812 312 239 886 1155 1203
1550 867 802 960 916 59 452 80 64 440 924 85 186 236 872 791 50 1135 143 243 273 284 286 13 263 54 952 1171 107 1119 177 65 1323 846 1104 598 85 244
1551 129 279 596 1362 265 1046 414 0 1007 172 1268 196 1358 806 482 1420 245
1552 818 235 350 807 270 847 1219 523 80 824 1392 531 721 1371 914 921 165 633 854 1337 759 1138 1340 639
1553 1017 248 194 88 143 596 609 781 232 684 778 112 595 827
1554 663 804 1176 1013 233 760 476 142 1107 995 1090
1555 609 630 259 613 1335 771 818 932 1073 861 147 189
1556 843 953 44 912 1240 212 196 843 185 230 431 11 155 172 163 721 376 1501 648
1557 233 1039 476 427 930 112 792 463 794 64 1113 1416 156 131 248 734 174 609 207 554 1364 864 362 521
1558 330 362 778 909 143 818 112 1370 1131 1131
1559 106 207 385 1104 248 463 490 131 521 871
1560 578 864 207 1211 796 631 521 1137 965 66 663 491 233
1561 91 1285 1464 1013 546 81 224 1464 1455 563
1562 308 325 794 156 450 941 980 81 361 930 778 853 98 684 30 230 861
1563 490 99 639 92 463 487 98 248 404 88
1564 404 334 335 134 397 405 389 153 143 53 351 361 544 434 379 400 110 320 395 418 263 355 304 288 780 472 442 57 271 129 766 418 54 236 243 91 397 208 413 194 433 46 917 433 288 318 288 968 360 968 81 129 360
1565 401 232 193 1405 214 322 50 688 539 440
1566 177 177 499 30 1088 88 170 778 1108 315
1567 1047 174 557 583 609 789 831 78 192 269 244 662 661 575 129 240 1465 410 415 1113 662 904 677
1568 69 232 924 663 801 234 476 88 808 860
1569 976 943 760 786 142 818 233 1378 207 795
1570 94 77 69 585 310 518 1001 9 1099 249
1571 355 97 86 525 153 271 107 823 151 430 248 210 391 767 362 273 802 54 14 460 172 11 179 216 482 18 265 386 5 1290 16 242 986 572 42 687 424 1269 619 1340 1279 561 399 440 803 199 148
1572 177 71 440 751 177 401 751 634 471 833 1458 1164 80 593
1573 641 233 69 250 760 319 778 439 350 172 861
1574 1090 1359 427 1393 221 430 942 868 849 794 795 1477 684 715 434
1575 983 410 118 420 177 177 619 165 600 686 1233 148 38 1303 239 754 228
1576 263 95 801 113 641 476 142 112 924 847 813 1038 802 640 182 1013 233 96 155
1577 156 80 437 794 335 343 578 864 232 889 64 182
1578 724 174 1140 112 78 19 518 1117 691 746 833 839 974
1579 569 90 230 475 287 248 452 184 614 207
1580 463 143 85 1080 430 917 1246 844 764 234 233 362 1171 924 335 263 864 248 231 232
1581 491 232 355 213 279 216 183 110 101 509 909 697 822 521 336 1105 474 213 232 917 300 86 1036 64 984 1217 1030 129 222 360 471 433 801 186 65 138 162 536 528 505 1462 560 185 112 325 183 823 1105 572 188 399 695 355 526 879 883 751
1582 414 1121 552 177 597 521 328 464 31 260 148 591 666 483 583 1318
1583 590 1286 951 10 656 143 47 97 202 65 88 778 813
1584 88 476 233 112 802 91 419 287 801 56 10 521 554 786 248 910 50 174 106 61 782 1107 114 189
1585 794 207 128 297 395 823 430 1044 980 362 1024 75 1289
1586 81 243 474 468 291 468 81 456 259 411 1408 81 456 455 780 81 300 311 948 819 89 236 193 53 371 143 417 93 69 50 448 1168 1439 97
1587 32 174 794 81 420 72 86 148 229 4 56 248 232 131 590 80 1017 823 75 560 10 137 103 102 173 1014 54 133 195 366 520 135 474 13 64 186 166 196 789 213 794 456 53 864 143 126 433 88 202 768 194 115 1078 110 76 85 236 333 68 525 550 1116 346 1 336 349 97 104 218 106 415 801 156 231 601 304
1588 962 240 598 765 525 72 356 386 42 500 949
1589 410 520 554 648 196 827 1176 114 320 69 10 72 75 195 812
1590 809 1219 795 1406 778 1396 1468 1277 357 82 864 641 910 612 430 1185 142 1370
1591 579 779 199 520 440 453 1193 451 351 269 692 1476 13 504 1112 1155 513
1592 85 713 156 230 98 176 761 202 53 639 112 233 539
1593 150 482 899 440 19 548 183 123 206 483 242 958 106 21 1043 963
1594 556 64 794 362 143 114 252 401 265 232 471
1595 30 455 966 248 992 1080 140 1000 1036 860
1596 605 214 440 452 1165 493 232 401 685 525 258 1266 818 1286 879 1003 1068 1495 823 567 1051 1114 794
1597 1241 794 976 760 1027 330 55 1426 549 996 330 786 425
1598 18 177 165 483 0 875 500 1060 518 1242 1480 533 681 719 1337 915 425 1021 1016 1302 1299 13 1499 767 1327 1200 1328 466 709 188 1247 143 1458 778 708 864 1476 898 839 880 1125 722 928 36 1294 946 1053 140 1165 487 435 1375 932 1291 1160 1201 697 894 223 754 1157 228 715 867
1599 364 780 351 356 1095 70 460 24 575 1112 475 677 206 1200 780
1600 333 432 179 485 421 477 464 58 440 420 1 88 35 474 452 662 595 1112 38 194 953 382 177 683 33 680 832 832 739 1328 961 1303 707 1227 1151 1200 1057 1158 898 838 670 1167 985 626 1258 242 839 907 1180 44 1229 1471 1012 900
1601 1144 366 889 927 232 88 523 366 366 1136 88 202 254 734 1297 1139 830 1408 85 833
1602 44 889 335 434 684 815 257 84 88 42
1603 794 112 273 55 909 325 1286 864 292 81 857 774 348 297 248 1104 1264 273 21 136 304 828 189 493 75 619 285 232
1604 146 1287 105 112 1469 908 441 91 335 263
1605 827 74 697 1014 360 648 64 827 4 265 166 782
1606 853 110 363 783 389 397 857 404 70 434 289 323 260 969 430 263 549 1236 68 1138 202 1080 1247 1319 271 41 110 30 626 1030 685 1151
1607 517 246 789 766 847 440 908 654 113 977 742 371 232
1608 1370 966 1051 944 1241 976 630 1241 297 615 1050
1609 589 521 713 88 1468 64 908 136 142 189 786
1610 1005 1 766 244 392 634 300 1029 896 609 1463 254 653 1263
1611 232 823 88 81 53 138 976 10 488 64 463 755 1113 138 156
1612 233 792 441 1039 230 979 873 1183 440 1043 1165 917 828 216 10 235 648 88 351 802 525 41 1364 391 7 1484 1066 49 401 567 1079 783 23 252 632 464 1183 1178 932 686 271 1 18 338 798 353 1097 971 789 1070 802 894 76 736 42 690
1613 75 273 395 233 30 314 84 100 440 126
1614 466 19 115 1231 111 699 600 876 575 1116 924 29 1116 131 710 106 38 674 244 58 447 781 838 837 1445 1479 382
1615 129 76 1078 172 54 195 452 684 275 110 130 141 917 268 525 268 371 12 198 53 806 223 791 695 39 575 773 899 642 657
1616 953 953 167 953 370 81 819 381 946 154 780 1005 932 154 813 154 154 513 513 302 1353 766 94 20 1048 471 915 780 154 154 468 547 185 1229 730 1474 566 744
1617 778 795 1365 30 1450 663 755 1452 873 114
1618 1047 441 37 286 889 52 20 630 1424 179 680 1128
1619 894 77 216 188 564 295 452 181 239 342 721 243 315 338 440 347 76 112 430 183 42 74 88 285 575 412 572 22 591 103 566 143 1302
1620 794 684 526 925 229 112 854 404 864 10 88 979 765 143 665 619 232 401
1621 47 552 132 363 1247 480 460 794 17 85 241
1622 91 287 106 10 150 404 208 248 588 532
1623 202 556 853 10 632 556 528 578 427 1396 632 357
1624 786 716 864 768 75 112 362 129 283 917 549 393 248 276 135 263 864 641 1104 34 10 252
1625 474 259 215 319 1018 81 751 1242 802 197 170 337 169 78 794 781 300 457 89 410 31 482 968 354 1078 112 824 1032 946 94 202 766 57 880 542 60 867 10 236 216 65 194 85 401 6 20 440 1221 213 336 17 819 179 133 169 467 695 130 452 238 548 1045 46 358 1174 118 74 880 951 106 1005 606 698 587 1003 461 529 684 674 352 1351 26 1440 662
1626 853 320 10 684 488 1393 106 786 1055 854 488 633 143 976 1393
1627 440 547 96 20 76 802 283 521 572 554 652 1153 630 533 254 791 381 1341 1484 123 1282 634 520 412 1 600 987 43 1496 183 670 890 38 44 550
1628 420 21 10 699 169 600 985 74 1227 7 834 718
1629 679 184 414 91 399 1 88 481 475 872 232 486 794 525 106 474 440 330 76 155 268 424 518 325 287 96 50 1301 156 564 66 136 960 207 630 142 262 521 100 619 328 304 236 230 1233 535 174 535 204 22 113 786 554 21 445 64 203 703
1630 760 207 935 926 1126 1498 113 1321 146 980 563 957 53
1631 765 336 336 1221 41 927 1102 724 987 465 1235 1235 1387
1632 232 802 414 121 413 10 268 99 170 698 79 106 131 864 555 466 117 698 112
1633 146 229 294 80 864 463 990 362 818 232
1634 1100 1051 88 684 440 636 195 833 78 1155
1635 864 525 259 1271 930 853 233 1361 786 825 427 503 311 265 947 259 727 976 1176
1636 656 362 440 414 542 601 362 203 443 461 746 28 206 684 782 27 250 778 928 349 349
1637 401 525 827 546 575 674 406 1 143 71 196 166 1196 1057 1391
1638 1044 186 163 162 105 434 335 263 802 989 333 202 64 196
1639 230 794 1036 476 297 112 1039 766 80 525 486 248 81 82 64 440
1640 232 32 99 86 1241 156 947 27 786 820 231 639 823 32 976 176 158 142 207 173 1090 308 956 463 1309 305 1305 804 88 794 146 560 760 103 1471 746 21
1641 112 233 909 86 847 684 577 456 816 103 363 505 291 248 437 437
1642 1289 230 818 233 472 1245 146 207 91 943 438 979 235 488 765 361 1219 913 335 762 966 434 441 328 998 297 231 146 1187 1165 373 862 1482 142 427 761 671 532 563 549 756 477 868 1217 21 106 569 612 1113 419 452 1504
1643 634 382 52 1110 526 619 609 65 171 460 106 771 1302 1114 47 232 1216 30 1084 63 1075 696 763 1332 834 84 691 29 1105 174 37 593 30 217 253
1644 916 332 780 206 1024 683 961 438 172 556 1293 106 232
1645 1269 1078 10 1442 566 84 194 47 133 170 324 117 781 194 1478 1081 774 157 910 162 187 179 268 471 137 349
1646 1085 888 249 253 1248 1218 194 1349 1149 1295 1295 1268
1647 302 260 1028 194 66 133 787 466 243 1078 324 126 899 224 586 667 1335 30 1266
1648 634 1466 896 699 596 174 1031 962 859 831 568 1066 76 21 88 554 41 232 39 440 242 489 42 1186 410 485 520 667 97 864 608 1009 734 197 194 620 118 26 959 948 196 47 236 1340 27 746 517 890 605 240 430 225 69 321 577 118 894 73 757 691
1649 663 860 172 801 732 181 589 232 248 234 91 239 1216 1225 465 1036 1335 765
1650 930 232 490 273 1090 142 713 440 283 1061 138 490 713 112 713 490 539
1651 94 674 50 1051 1029 634 236 440 653 650 751 19 447 520 250 238 708
1652 207 430 760 713 778 248 449 393 263 1185 142 924 490 307 47 723 1454 567 572 430 136 156 207 861 889 697
1653 10 76 474 151 269 10 351 54 262 1267 88 684 13 65 326 194 365 236 1040
1654 1440 572 401 236 443 447 63 879 410 107 203 751 65 241 80 520 680 50 244 33 1051 833 833 1151 256 1247 609 834 106 1226 74
1655 207 762 1241 1426 138 847 5 1217 597 476 639 232 1165 110
1656 504 525 401 539 99 156 1176 521 575 734 630 39 1194 421 351 655 622 476 207 598 372 801 813 372 1113 1145 44 171 1451 645 1057 595 21 727 463 778 554 641
1657 248 596 80 391 981 916 1029 64 106 91 699 699 44
1658 274 1269 1018 1082 762 861 1132 590 297 1321 622 358
1659 1078 504 880 572 620 118 118 205 600 173 1148 432 896 1201
1660 287 236 196 156 64 41 207 1015 474 365 415 363 304 195 131 63 186 57 958 542 504 194 244 18 147 695 968 206 241 165 129 500 648 271 185 245 337 1376 184 492 908 1047 894 1 415 196 632 802 939 595 1235 1010 254 360
1661 52 853 864 155 81 10 787 336 129 831 213 488 474 630
1662 854 1364 609 475 486 88 830 963 568 483 43
1663 1370 592 14 1101 1055 1123 1023 1123 616 311 1149 1148
1664 415 1122 338 525 434 263 67 240 49 354 932 282 1117
1665 640 270 354 233 363 945 110 997 119 777 137 440 1262 1018 112 1238 47
1666 474 246 922 352 566 252 271 768 275 114 404 496 328 354 54 340 800 512 208 1030 286 79 146 789 521
1667 214 909 55 523 110 362 91 232 1084 202
1668 794 138 235 1450 847 100 182 597 230 726
1669 190 456 1 265 1084 928 195 647 28 28 1129 410 196
1670 263 112 96 641 767 276 208 271 802 323 404 105 341 361 844 589 427 149 759 1219 405 335
1671 687 440 84 215 76 697 41 520 701 244 879 716 128 748
1672 469 56 96 91 219 415 70 481 23 119 125 354 1014 1015 55 152 274
1673 231 1165 656 142 924 639 189 388 399 1165
1674 240 236 362 623 684 817 103 133 143 497 339 930 174 148 1231 440 554 606 789 557 554 84 252 948 179 883 873 141 553 69 33 746
1675 248 88 10 525 136 1313 794 81 525 778 478 1406
1676 476 463 348 112 285 226 695 656 547 1364 595 183 539 487 1429 500 270
1677 182 232 80 229 90 525 150 143 63 240 223 428 199 1039 751 1084 1111 47 554 1178 808 1319 230 1020 199 358
1678 61 1026 420 64 358 194 174 166 72 354 354 1235 931 504
1679 786 186 540 768 230 467 794 917 1171 234 505
1680 47 93 133 1015 814 483 480 763 686 763 420 686 420 1027 686 107 675 229 142 699 33 422 48 188 1154 133 199 863 242 80 676 1492 232 886 744
1681 147 1372 147 66 623 207 768 377 156 1 424 1301 526 254
1682 557 665 1401 412 734 440 670 39 112 597 476 172 172 33 285
1683 801 60 981 1037 525 100 448 794 68 81 72 47 433 958
1684 284 635 216 608 81 652 6 1327 951 1249 165 1023 397 449 662 951 511 667 686 128 271 554 639 434 538 1023 1009 143 680 1463 1056 1358 1202 1446 834 568 859 517 674 1433 1031 1505 1249 628 683 26 871 952 1003 1164 886 886 121 236 1011 886 842
1685 86 800 91 210 324 802 1005 162 695 405
1686 402 155 288 47 987 13 787 1281 561 129 452 517 827 242 47
1687 315 115 185 20 148 195 203 107 94 568 1307 554 26 685 28 626 748 1120 595
1688 260 406 50 864 868 106 300 219 1213 170 309 799 463 147 566 50 19 799 879
1689 341 143 463 441 525 474 481 1038 925 939 486 815
1690 229 232 909 853 684 490 864 556 941 231 142 10 713 407
1691 1340 818 189 230 138 760 156 437 307 307
1692 118 54 194 50 47 118 794 202 254 568 466 466
1693 1217 1178 523 559 1425 849 82 248 1230 768
1694 1157 930 684 126 683 854 128 1217 82 200 549 88
1695 155 865 112 39 63 1068 19 488 504 179 181 1017 806 1213 1068 232 283 147 47 609 610 394 239 21 504 47 1332 818 174 554
1696 765 1235 297 778 1035 1272 613 941 941 616 616 1094 1120 1120 1221 134 777 1379 1149 249
1697 264 2 115 1042 954 808 997 6 89 177 186 12 109 229 192 216 8 155 91 121 564 550 763 3 542 872
1698 231 490 684 452 639 232 864 88 732 493
1699 816 917 309 88 929 778 232 106 47 181 309 816 234 850 146
1700 354 445 1215 845 146 1078 1188 852 845 1317
1701 300 889 8 822 518 662 738 1292 172 1001
1702 112 864 248 899 619 862 338 440 345 493 248 467 88 595 232 231
1703 80 1076 482 65 520 107 190 32 459 1238 182 1270 155 170 169 250 170 687 564 112 1 401 525 975 653 205 105 751 1066 634 244 170 38 38 73 315 254 673 734 600 473 930 742 52
1704 91 163 452 572 1082 399 331 977 41 378 388 282 676 214 103 248
1705 452 163 206 129 196 986 868 1114 113 639 823 782 135 713 931 112 141 806 13 79 10 282 979 88 143 232 315 121 698 217 590 985 58 111 916 86 75 910 110 930 1018 107 133 236 141 452 283 175 781 143 106 401 274 1018 877 1015 843 1014 806 127 194 979 1240 310 283 212 163 103 109 147 146 79 1240 1114 266 931 90 92 804 698 984 181 18 1439 831
1706 8 115 115 1080 401 302 147 298 351 746 260 259 194 1188 504 1070 224 653 47 445 282 513 557 596 65 215 786 667 884 1288 1436 33 196 40 32 57 1031 754
1707 1236 958 346 170 478 54 190 141 37 1137 410 368 352 80 202 1314 549 241 241 789 1003 608 1015 23 97 378 1030 299 1331 945 357 1157 127 626 577 517 325 1399 70 107 5 1343 143 219 148 886 634 333 1056 415 242 239 626 57 473 332 626 1056 170 773 78 78 1129 1307 704 1032 1151 202 153 1009 834 239 533 50 650 1263 1400 836 1347 41 242 223 182 1009
1708 689 792 1066 452 762 82 248 142 801 778
1709 371 786 517 474 302 265 333 313 453 415 515 240 621 53 466 56 57 13 88 321 68 265 141 142 1035 123 868 815 4 454 115 54 358 81 281 97 684 363 133 205 97 112 287 1014 282 76 10 64 79 304 50
1710 663 142 325 1090 864 112 10 234 297 362 1230 1286 66
1711 260 932 1213 774 550 554 630 5 300 54 1351 115 1169 1063
1712 432 338 11 91 967 212 640 829 163 18 1044 18 697
1713 539 490 476 112 248 786 156 142 502 913 691 1017
1714 1407 1185 873 801 189 181 641 438 1146 232 521 91
1715 879 554 488 845 88 619 483 111 878 1300 904 22 415 575 697 801 502 782 244 595 672 691 188 38 232 560 35 1216 676 1155 834 1017 218 487 56 678 103 1012 1357 905 173 746 248
1716 129 236 207 966 361 669 343 806 778 340 510 644 236 13 129 378 943 172 357 770 979 335 397 268 441 498 236 1355 80 143
1717 788 58 713 27 382 899 782 463 763 500 13 399 1168 232
1718 724 724 609 861 1264 885 772 147 948 684 166 283 819 249 249 1145 253 1221 255 691 243 1197 1206 1295
1719 112 633 476 178 195 838 21 1168 256 174
1720 226 1421 442 543 433 112 434 525 910 794
1721 849 799 1132 1095 469 335 434 1367 474 844 990 1442 284 1362 1361 319 523 438 207 816 544 8 1018 397 879
1722 65 452 47 143 50 209 432 899 17 464 697 1039 338 1244 1056 338 76 1 1241 595 363 236
1723 268 152 527 487 930 1195 135 100 546 308 345 1171 96 22 622 1178 452 143 554 440 568 801 32 189 84 1012 80
1724 234 207 207 236 67 88 193 196 234 688 343 588 407 568 463 199 236 252 801 234 688 1015 206 236 401 695 229 702 1024 695 764 640 755 1375 831 463 106
1725 456 17 1 445 475 1218 932 831 224 864 513 69 177 476 242 684 76 440 1250 112 88 917 430 68 172 827 697
1726 794 910 979 684 476 979 476 713 362 818
1727 88 917 214 233 656 418 236 465 452 433 163
1728 413 119 349 1369 363 299 320 250 281 698 1368 10 217 127 143 1034 392 775 447 215 81 1247 170 232 433 1140 1367 320 1177 330 50 248 57 85 459 913 332 1442 319 588 560 1030 126 135 1316 1270 99 243 869 129 354 194 550 358 274 951 566 469 396 1026 31 187 324 137 367 806 4 1246 187 378 96 66 366 170 41 47 141 281 196 390 601 174 420 115 173 779 19 413 989 566 561 1075 181 199 248 443 115 78 39 65 56 20 414 190 542 17 229 61 460 440 223 1342 504 872 568 1169 257 132 960 622 244 241 634
1729 1212 452 355 274 979 917 853 463 233 786 106
1730 641 760 138 1210 522 864 794 370 656 762 954
1731 208 985 521 1103 460 622 1151 1057 248 837
1732 669 1406 544 182 230 142 110 947 207 311 1442 910 943 498
1733 56 818 34 640 302 889 1082 440 789 129 232 1122 639 764 702 351
1734 684 1223 438 1374 200 441 335 397 853 1286 224 110 956 142 928 1365 1277 311 794 556
1735 490 427 456 81 236 778 713 88 10 287 917 320 909 786 91 129 174 466 362 58 182 99
1736 762 86 863 181 88 864 182 232 801 760 1111 979 782
1737 818 1441 778 794 792 796 554 684 1477 55 1223 864
1738 170 69 236 684 239 833 38 256 1164 248 133 568
1739 440 477 193 559 91 633 646 98 549 266 604 782 572 64
1740 240 656 524 54 76 1005 281 464 13 90
1741 1407 765 297 277 765 276 523 142 937 860 335 297 765 505 956 806 447 957 1230 1090 954 863 1370 847 976 914 851 172 203 765 868 1212 574 276 523 574 851
1742 430 113 376 521 994 1017 245 1397 26 179
1743 258 133 224 65 518 88 415 1014 133 196 766 468 732 197 443 296 19 47 958 65 1444 133 65 223 443 146 133 423 76 524 170 468 299 170 311 787 513 299 170 333 473 987 170 197 1087 311 1264 133 1015 65 78 258
1744 104 1188 181 517 587 1071 561 1307 600 1206 634 580 444 41 1004 1490 36 1263 1201 974 1160
1745 7 424 582 236 1508 723 165 867 768 476 1450 945 646
1746 248 482 869 520 1100 454 1015 421 107 64
1747 233 801 156 269 112 466 1171 640 58 236 263 277 248 349
1748 10 231 107 819 466 363 262 110 358 79 57 240
1749 523 64 1392 525 762 778 873 106 424 930 244
1750 88 179 482 521 19 801 174 930 80 218 1195 21 575 734 572 188 1
1751 1013 156 409 759 474 362 1 1037 142 430
1752 682 370 209 687 1240 79 921 766 750 358 508 704 485 854 526 1072 248 34 56 517 875 265 621 653 70
1753 606 304 359 248 88 285 788 404 10 371 124 233 98
1754 234 34 850 97 88 99 230 232 864 234 403
1755 525 50 1431 476 154 1340 503 549 233 852 949
1756 778 81 319 794 150 456 430 285 10 698 214 713 488 194 30 684 917
1757 542 656 123 85 143 119 110 196 460 1177 1014
1758 459 91 173 32 1290 566 146 687 163 391 129 917 549 47 391 188 656 177 162 879
1759 825 1216 871 88 232 467 675 43 181 99 97 248 1137 99 1472 297 490 539 860
1760 684 162 924 255 142 271 182 802 208 1165 760 430 156 767 450 405 648 64 917 232 980 1138 549 472 207 873 864 794 852 804 233 688 539 925 1453 407 638 925 1 1128 98 284 129 163 889 185 452 408 805 684 768 1340 88 639 822 207 142 233 794 1165 475 1455 362 184
1761 336 794 81 623 65 641 352 654 302 1242 1481 52 54 1085 381 932 406 365 289 301 685 52 554 358
1762 818 732 979 34 208 930 112 804 861 96 239 55
1763 156 122 924 909 523 848 266 297 813 1130 341 956 909 641 230 276 1179 818 122 1360
1764 297 930 82 1287 1038 230 761 1393 694 50 419 1216 1223 861 684 873 786
1765 779 179 177 520 1302 674 203 1117 1415 653 738 1225 837 605
1766 330 768 1223 207 804 851 233 1396 1245 138 234 217 1092 1179 794 762
1767 1090 794 820 965 762 1355 98 871 656 80
1768 67 1072 631 97 1247 248 674 670 143 1303
1769 794 525 1080 30 854 491 430 523 1096 1504 976 1370 871 235 864 854 491 778 1370 523 1504 1378 143 1219 476 804 665 864
1770 1001 457 155 424 165 457 1068 1095 250 460 629
1771 864 804 463 452 930 233 909 563 521 713 910 463 794 801 778 233 930 864 521 801
1772 713 174 1230 1225 143 244 248 696 809 709 235
1773 355 967 1171 967 8 196 212 527 829 196 815 108 1206 459 212
1774 463 849 230 1497 230 774 761 1176 463 861
1775 232 760 917 88 684 361 404 112 91 476 393 207 937 55 335 233 1179 588 320 439 556 143 105 528 782 64 1017 1 526 165 208 88 619 713 263 802 925 143 129 612 162 74 196 206 806 854 419 103
1776 57 35 366 575 112 525 232 10 304 1232 363 440 734 112 904 181
1777 147 181 864 178 106 1440 587 330 698 65 1114 466 763 1003 1042 883 874 185 391 686 195 686 520 420 217 143 640 779 58 981 232 609 72 972 1414 421 601 490 229 110 1232 972 637 38 1014 724 464 199 780 838 973 1157
1778 110 1153 226 135 64 233 52 206 533 185 961 188 889 52
1779 163 110 330 208 260 10 304 802 1240 60 292
1780 1171 979 266 713 801 868 767 91 202 86 679 924 782
1781 1335 864 155 930 428 1082 1022 465 853 778 873 148
1782 361 1431 980 230 930 233 92 438 889 979 476 925 207 55 801 976 463 807
1783 248 279 779 274 177 259 520 1020 1143 1016 33
1784 794 334 873 614 91 397 437 440 162 129 142 476 273 997
1785 778 1122 1285 196 768 1001 76 3 780 1102 821
1786 110 865 31 172 698 181 371 46 152 148 47 361 99 635
1787 1286 796 142 1130 794 234 965 1396 1036 297 82 75 687
1788 86 1342 330 248 112 127 804 53 463 456 423 231 96 315 232 521 698 656 818 529
1789 248 598 232 64 112 234 521 539 440 136 720
1790 760 255 91 64 1 786 248 393 232 97
1791 639 590 765 109 84 311 240 79 264 352 246 1343 349 97 57 280 1081 302 85 362 232 129 928 50 107 1342 194 1043 177 19 223 1034 1054 890 1116 739 728 30 773
1792 871 451 337 1011 406 382 839 839 239 199 126 545
1793 362 77 336 1069 66 178 64 425 932 280 440 440 366 1248 286 1273 146 1360 325 287 751 269 445 97
1794 320 81 1005 401 928 265 1 71 787 268 1489 81
1795 485 175 85 260 118 945 977 177 107 600 676 47 789 42 549 244 42 87 1 746 1008 1151 77 725 1 1124 74 121 833 710 40 812 545 945 1387 1262 974 46 487 1291 1493 739 1471
1796 916 713 1217 633 909 522 794 88 631 112 307 98 930 861 248
1797 71 11 831 224 508 508 4 846 681 106 241 772 23 853 702 734 239 840 905 1129 1129
1798 818 189 463 58 88 518 304 179 74 667 699 1194 746 767 76 43 1073 4 966 148 674 182 794 440 1105 1328 304
1799 309 81 270 802 802 91 488 143 209 232 527 352 391 391
1800 771 93 401 110 468 252 106 53 262 85 378 143 287 93 112 401 456 759 474 252 455 68 977 172 320 490 116 63 404 116 455 1215 1215 283 10 302 115 802 389 126 487 299 124 115 1028 172 205 313 118 298 936 809 1085 1240 208 1215 894 894
1801 1055 172 81 526 761 861 1424 873 558 1066 1409 1022 804
1802 106 521 193 1176 206 383 868 91 88 1183
1803 99 472 335 232 79 404 207 804 143 760
1804 111 56 466 291 123 363 371 103 83 406 596 351 153 58
1805 79 490 623 82 141 531 236 363 58 160 590 175 106 135 977 639 1371 716 236 153 414 97 86 361 143 61 27 142 215 85 335 170 601 1482 370 1114 362
1806 165 318 147 107 19 483 65 550 852 407 141 88 215 853 21 716 899 39 179 31 1300 985 986 192 686
1807 231 449 98 951 451 395 141 768 202 143 277 309 146 342 88 612 910 274 588 463 110 399
1808 539 1279 804 1111 699 560 1113 760 1370 525 879
1809 790 525 10 1 88 259 240 440 261 85 50 162 486 513 601 566 110 346 199 295 67 414 281 952 416 169 555 1119 791 1119 1043 74 963 1046 224 568 634 47 5 401 10 252 894 685 1023 1003
1810 248 137 281 315 327 243 780 264 268 175 59 342
1811 1286 232 476 590 142 1406 407 207 278 361
1812 778 381 1080 807 195 688 84 928 708 959 619 17 40 421
1813 641 232 861 142 207 1211 430 1280 1090 786
1814 406 588 780 336 928 476 466 248 342 344 456
1815 370 549 172 1131 233 120 801 370 266 120 774 957 460 425 1287
1816 110 1485 64 322 115 751 894 337 282 554
1817 1237 658 30 496 1250 1125 560 1202 647 1424
1818 270 1017 189 521 416 242 170 520 1105 39 21 244 1195 281 622 483 1124 593 580 42 232 148 174 647 609 1385 179 250 19 566 466 626 781 1071 593 608 1117 132 30 241 1004 595 716 786 1231 1051 598 131 265 221 982 127 1113 181 33 182 634
1819 76 440 324 1137 88 684 415 450 304 100 1294 33 10 236 106
1820 42 65 362 406 107 656 1130 713 608 257 182 697 148 1164 85 747 268
1821 214 981 476 239 582 611 1190 90 932 751 1233 634 634 791 218 99 1229 730 961 71
1822 521 297 1363 548 787 451 346 192 808 787 782 174 1189 71 455 1439
1823 684 643 196 258 654 259 65 688 262 195 15 898
1824 99 85 47 88 802 138 248 207 818 488 794 156 325 88 231 110 501 156 99 641 349 818 980 641 847 440 114 818 349 324 859 440 203 778 493 440 792
1825 223 876 19 781 179 166 791 240 39 90 401 420 206 244 1188 181 619 189 782 39 242
1826 62 188 782 72 801 222 1300 872 1017 166 1156 487 653 500 21 631 894 1171 1178 80 381 440 330 123 185 697 165 137 490 220 619 242 44 414 1119 88 21 651 872 44 96 554 285 73 1020 490 1316 651 1068 86 631 280 782 963 1121 90 22 452 196 508 500 801 351 182 872 631 1233 35 1017 182 619 622 675 112 865 872 831 609 609 554 79 99 874 1111 619 66 1117 1051 232
1827 1068 181 1105 876 1436 951 626 137 147 676
1828 131 1214 97 112 1133 794 430 388 786 463 481 283 1104
1829 81 848 577 320 290 452 328 149 10 864 248 232 262 378 64 129 84 693 107 575 746 655 473 287 440 407 133 65 889 638 649 1288 143
1830 202 490 605 847 663 818 794 778 1105 854 864
1831 662 21 106 71 351 232 818 864 440 91 182 488 131 50 69 199 76 1108
1832 415 641 801 794 88 112 847 371 55 239 99 53 873 88 126 794
1833 269 781 107 315 170 687 52 656 110 57 85 284 713 277 60 406 308 4 363 924 525 281 232 560 823 34 311 977 114 966 375 235 112 262 790 945 817 794 105 1116 127 1342 517 250 138 771 268 779 1358 414 173 932 152 323 786 868 113 171 75 129 367 54 485
1834 633 778 873 142 605 969 1137 1370 755 865 758 663 590
1835 232 713 463 70 133 549 979 770 10 135 1177 126 196 156 1114 476 76 54 577 786 925 127 207 107 277 196 137 1319 452 129 217 57 321 47 112 286 327 538 195 510 434 163 765 50 69 37 115 420 1281 445 639 1014 308 199 386 269 831 7 143 342 19 542 490 349 526 79 179 216 162 566 561 872 39 695 590 147 244 885 24 1108 600 304 655 475 568 447 203 232 667 239 425 886 609 96 690 1104 583 46 64 552 52 401 699 643 407 1419 1141 262 1453 251 98 620
1836 778 913 233 430 794 795 138 1421 430 913 913 1365
1837 75 240 815 912 123 452 106 330 932 163 263 771 529 341 1078 88 76 351 10
1838 239 732 189 848 138 734 421 60 847 778 1165 1024
1839 99 928 786 141 31 793 1235 977 315 156 109 684 794 447 460
1840 50 424 467 518 1106 321 424 295 392 852 1480 773 204 1284 1125
1841 568 1051 1105 1017 1495 990 1073 686 133 959 945 415 33 952 739
1842 543 1290 467 1090 230 847 889 0 605 919 82 231
1843 1374 182 1365 181 10 10 765 1509 1139 249 794 284 1094 1268 1328 704 30 1268
1844 515 107 782 112 382 118 186 80 432 304 351 986 419 449
1845 143 281 1088 328 452 281 715 201 47 7 879 387 269
1846 597 64 619 493 101 232 163 1331 223 828 88 925 331 21 441 273 768 1194 80
1847 669 778 343 786 656 1271 430 471 590 380 762
1848 233 786 233 684 917 47 150 1340 348 940 30
1849 560 314 67 133 19 85 194 107 188 141 133 899 188 899
1850 78 296 194 101 217 791 552 248 778 440 525 107 631 613 8 46 818 88
1851 248 525 1268 464 10 54 65 421 577 165 789 362 831 106 143 252 236 1225 1195 53
1852 855 778 88 1481 314 1037 932 1242 78 244
1853 791 126 214 713 273 156 361 55 372 142 1286 207 388 385 867 288 323 132 30 314 248 481 475 208 818 10
1854 110 786 248 868 97 137 265 328 277 271 457 75 293 152 415 457
1855 330 424 658 329 1082 363 304 181 274 639 83 131 13 149 218 349 79 283 113 99 549 808 808 218 137 362 125 483 39 1300 1190 179 1190 1429 232 1190 619 10 699 702
1856 819 1094 1221 1144 1068 763 128 348 254 1050 873 917 239 987 129 572 980 248 439 977 609 26 1105 391 757 170 231 318 441 437 980 648 73 436 1252 43 436 73 1418 837 563 647 1457 1338 752 254 437 707 702 657 385 1145 699 21 715 165
1857 10 90 967 284 88 97 13 153 935 64 355 155 194 243 104 287 61 189 1135 95 9 182 589 192 967 571 596 916 791 382 199 284 566 326 290 340 136 156 142 262 149 304 269 248 21 475 460 787 1239 828 149 962
1858 684 320 525 867 966 450 1313 297 320 864 88
1859 86 1017 112 1005 582 786 639 27 330 763 718 1028 739 106 834 834 1134 382 1471 174 1165 1077 419
1860 426 1246 324 640 1022 929 854 531 639 560 801 0 142 786
1861 981 351 246 412 344 131 31 218 129 799 815 173 490 86 46 102 174 190 1047 32 5 443 121 802 47
1862 81 488 276 924 232 490 1138 156 55 263 804 442 794 99 1104 405
1863 1290 8 443 80 609 787 248 643 1137 972 195 686 655 64 1117 76 1015 254 166 432 1117 239 683 69 197 518 667 626 244 690 706 725 554 1418 770 1071 256 1066 1376 526 1374 841 752 840 753 741 1141
1864 695 577 1120 613 1043 921 243 554 928 1243 1120 1043 606 61 1147 724 879 620 475 1061 1125 628 650 654 1261 1328 959 832 1282 896 888 670 622 697 1474 425 622 1489 282 362 699 1054 114 362 628 1151 723 807 1496 620 600 1073 1235 569 174 1100 841 1144 643 268 1389 1118 1162 1129 1167 647 256 728 137 740 1229 1161 1293 1297 1216 1454 754 215
1865 441 697 121 425 563 715 169 196 182 1022
1866 64 146 14 126 138 1278 622 809 405 1438
1867 98 207 786 142 1022 305 980 128 930 273 395 99 335
1868 474 411 214 440 287 155 236 434 490 786 432 290 491
1869 97 236 252 313 170 94 453 515 489 197 333 57 13 389 250 232 260 208 262 423 281
1870 351 231 79 232 77 1177 440 68 84 411 588 854 0 721
1871 287 474 684 918 152 311 503 640 304 989 105 96 113 503
1872 395 966 623 804 851 388 309 1219 55 625 588
1873 641 156 34 234 493 138 207 758 142 476 460 539
1874 521 181 1018 0 1039 182 1377 345 80 560 80 713 112 821 106
1875 146 142 864 112 926 794 430 778 88 980 1036
1876 1083 1286 1234 98 10 236 140 53 85 434 335 684 778 207 142 27 441 472 768 385 908 150 1171 924
1877 85 236 962 801 281 864 1171 1343 333 97 291 193 10 97 107 202 829 351 762 151 815 261 103 358 123 232 240 886 391 415
1878 232 174 1431 521 361 1165 1171 419 640 930 14
1879 611 474 455 513 412 651 1317 1029 39 353 1070
1880 232 523 372 819 1137 182 1279 66 1051 1491 727
1881 201 924 81 1022 782 236 762 143 996 297 845 231
1882 287 1 265 1039 433 259 443 6 232 486 174 1078 21 129
1883 266 917 853 1455 408 279 768 231 940 146 309 1018 807 128 81 217 110 507 713 206
1884 413 374 981 474 698 13 153 291 966 232 980 97 60 292 819 264 236 947 263 932 112 1367 623 932 273 1442 354 153 193 274 276 54 474 1362 6 336 864 448 611 724 684 474 60
1885 1017 174 75 1392 212 467 698 23 47 240 894 1439 216 406 177 866 44 1177 687 190 1014 131 927 520 137 318 179 117 168 381 76
1886 273 248 864 427 768 505 91 142 939 924 233
1887 1343 474 864 278 288 286 459 1185 194 240 147
1888 463 910 639 362 490 865 930 474 232 980 762 947 207
1889 234 713 778 53 440 10 801 684 231 525 656
1890 138 192 577 371 302 948 53 70 474 779 414 175 142 263 64 404 103 831
1891 713 230 879 746 838 103 1064 487 315 248 1201
1892 684 1095 474 807 338 941 457 794 1407 334 142 81 924 383 669 853
1893 103 342 1298 938 55 207 849 142 774 233 871 156 362 1138 713 231
1894 363 280 79 52 783 88 64 107 1247 163 1014
1895 366 698 1481 495 1481 7 174 179 185 223 185 653 533 628 46 467 160 773 422 626 155 647 1125 26 1385
1896 430 794 966 910 763 1029 287 182 846 126 239 50 70 262 246 455 280 1193 295 128 90 65 579 675 932 1060 440 76 174 73 595 400 64 154 424 684 1005 1048 948 6
1897 864 981 13 302 467 925 129 1015 405 853 404 116 635 52 954 327 441 252 325 334 153 1120
1898 848 230 910 55 346 789 804 202 476 112 794 346
1899 88 587 47 42 1449 529 1190 542 469 872 223 587 43 244 1169 88 243 972
1900 10 1135 298 86 263 315 182 81 779 37 359 54 194 4 129 931 277
1901 476 88 142 81 804 277 844 335 207 156 100 263 930 236
1902 371 142 476 525 1217 1018 287 794 358 126 474
1903 277 560 380 305 800 293 474 930 156 782 801 916 868 713 799 113 320 110 940 768 98 276 279 823 1290 233 917 206 603 912 349 91 266 908 868 112 207 263 767 137 433 560 1171 248 116 146 942 1234 91 277 172 383 452 302 505 463 373 434 337 930 328 405 640 400 97 259 1461 277 1431
1904 106 434 563 521 1309 523 663 909 405 818 112 778 1013 476 976
1905 792 142 801 270 307 1424 1055 786 233 861 669 811
1906 713 1114 976 44 397 1104 91 80 121 660
1907 230 463 232 786 156 0 265 55 560 36 80 903 92 112 49 61 1155 781 812 691 1194 773 259 77 401 898 1243 147 358 751 415 840 1389
1908 440 630 44 112 112 399 386 183 5 420 1047 19 482 695 609
1909 554 248 976 333 324 330 107 521 19 1117 44
1910 112 99 248 1042 119 232 700 687 622 827 1307 1268 530 1157 47 1080 281
1911 653 80 721 1138 572 88 925 782 837 707
1912 1014 243 358 100 157 779 133 823 302 194 354 167 118 363 521 466 84 948 627 382 301 1323 186 149 196 685 164 161 1116 32 91 166 459 269 1135 763 99 467 117 538 439 160 84 420 986 986 54 1084 136 1114 19 985 491 382 130 99 1320 190 111 1114 130 352 198 118 0 179 37 79 572 76 809 42 1300 221 679 748 46 1108 774 782 482 846 846 244 1 674 600 626 1280 1332 188 696 74 539 696
1913 794 828 1031 970 684 430 199 440 519 630 1374 1081
1914 794 786 713 81 525 97 801 112 297 248 88 639 138 182
1915 1363 639 131 801 713 156 80 324 1190 349 44 47 239
1916 430 156 138 930 362 916 778 794 1021 483 112
1917 335 325 44 379 196 269 186 338 984 180 271 213
1918 172 790 921 1027 786 818 88 818 99 471 979 98 684 156
1919 174 430 142 813 782 525 440 207 112 156 67 354 233
1920 414 229 698 131 1367 106 50 76 80 1209 32 401 75 111 106 474 6 99 70 100 817 131 1238 923 194 158 214 0 88 273 784 148 131 157 975 336 32 167 336 103 344 1 312 930 1 194 347 1014 366 751 155
1921 930 525 925 181 34 100 112 434 405 207
1922 864 490 231 786 97 403 273 100 924 1506 112 362 232 794 1013 156 782 207 233
1923 596 648 443 129 879 984 891 827 128 1176
1924 267 381 1 410 485 338 248 864 174 1045 482 653 224
1925 231 465 794 266 260 418 456 423 76 214 684 902 287
1926 262 823 794 440 143 525 976 748 85 1060 1117 1
1927 977 346 311 934 76 478 157 240 1154 1154
1928 371 734 53 432 287 262 327 68 214 510 327 465 359 287 390 384 1285 101 26 68 68
1929 255 917 142 1138 110 207 309 639 765 804 162 452 438 189 1030 1025 1022 851 221 848 437 889 964 640 81
1930 29 763 777 47 147 269 481 904 1238 75 687
1931 118 1100 908 501 172 641 577 181 555 22 304 546 0 1440 43 76 1060 47 196 244 508 1231
1932 639 128 1290 490 50 786 996 266 871 760 549 232 1419
1933 539 1105 567 1112 634 1231 778 794 156 773 112 924 142 713 173
1934 1073 518 647 30 1117 199 1144 1068 763 1139 467 628 232 65 1174 106
1935 233 309 142 1396 138 1406 1356 940 127 926 794 81 1276 560 656 490 778 979
1936 1319 57 112 147 88 876 283 1145 39 227 683 1146 74 33 1068 1171 1128 601 865 679 575 685 1333 256 221 137 691 554 932 203
1937 175 4 415 977 229 79 58 31 112 410 282 315 106 10 56 173 344 330 23 415 382 141 32 58 639
1938 393 32 909 818 335 276 868 502 452 924
1939 166 30 568 254 666 77 460 249 249 1388 728 1105 728 1194 631 801 1231 1397 1105 683 30 30
1940 560 930 232 656 523 1217 818 1042 1393 1219 427 232 476 1082 490 1027 763 373 75 656 231
1941 853 560 434 623 1311 27 910 782 232 641 187 182
1942 795 525 10 236 162 338 95 889 415 1014 440
1943 330 225 34 232 713 568 182 230 864 794
1944 909 207 373 698 96 426 233 1044 143 88 777 801 99 698 120 207 142 146 156 452 965 110 756 143 1013 64 236 10 1309 1109 233 1429 55 486 66 777 328 323 331 1117 1166 49
1945 118 185 653 697 877 166 1173 1 886 877
1946 170 250 336 13 50 1079 1032 10 58 517 300 23 1168 327 621 654 76 6 1157
1947 560 816 980 824 912 142 1286 231 207 929 434
1948 810 525 113 129 64 259 304 292 320 263 289 163 550 135 912 802 141 556 290 441 452 129 270 131 234 52 85 84 312 289 46 1135 278 112 23 441 77 142 50 135 1217 441 276 80 251 455 505
1949 873 915 559 762 230 437 930 1287 1146 1 297 112 794 110 976 638 82
1950 641 793 276 229 182 1105 86 138 488 148 21 533 801 4 42 695 415 1404 1100 22 232 1403 1060 173 46 80 281 244 699 107 712 188 241 483 575 560 871 99 121
1951 656 864 794 207 403 1459 909 476 804 889 541 808 171 156 640 348 81 126 525 248 362 88 182 273 778 786 792
1952 99 646 563 868 395 684 563 467 732 207 663 801 1377 762 794 156
1953 52 954 523 236 172 447 135 351 133 778 804 782 81 713 174 194 915 641 352 88 818 169 39 112 107 50 917 248 74 866
1954 794 10 765 684 129 234 766 79 819 525 452 975 205 143 1178 241 418
1955 67 69 133 667 141 1015 601 872 456 47 236 1343 746 21 655 783 977 554 899 867 399 110 630 85 467 678 459 1070 433 561 199 52 401 70 1014 609 13 636 504 440 582 126 1228 1122 564 193 780 1463 331 108 196 475 17 322 980 342 449 1005 1011 194 1058 404 483 239 566 53 315 241 1157 4 358 6 252 80 415 229 215 1505 74 831 72 244 143 1030 639 65 781 129 248 318 681 596 10 1114 182 68 880 1412 643 649 897 37 174 407 245 207 1297 282 103 1350 202 699 465
1956 1300 639 520 220 631 137 1020 1300 872 231 619 88 169 560 269 241 129 244 131 701 121 1201 841 746 662
1957 88 230 64 128 450 142 207 126 287 442
1958 1039 917 106 248 64 801 794 112 181 684 335 864
1959 355 932 1038 1217 438 953 894 300 169 983 932 52 986 170 18 5 169 443 14 1043 44 1387 894 1043 1387 1174 821 1046 510 533 1053
1960 864 794 10 88 1075 823 138 930 85 27 127 231 560 463 156 171 148 794 1132 560 641 103 138 917 589 1219 86
1961 482 303 1005 410 96 90 807 787 169 104 550 1411 188 444 419 440 1016 68 474 697 42 703
1962 349 561 362 110 1316 564 320 538 127 24 98 352 440 50 808 10 343 940 521 65 575 568 206 629 232 525 38 382 504 1017 476 702 114 639 683 600
1963 277 525 406 980 818 476 983 151 353 210 362
1964 779 131 548 1344 997 878 1262 693 154 108
1965 1420 1119 554 521 751 952 1191 748 662 1381
1966 864 915 69 65 1078 236 97 53 440 595 662 412 199 739 734 831
1967 505 270 794 776 549 388 230 234 849 98
1968 266 1032 236 202 334 392 392 60 294 311 68 363 525
1969 144 248 917 142 52 214 129 684 765 433 54 214 771 74 928 881
1970 868 452 910 1469 305 1005 873 30 135 226 147 21 930 460 459 447
1971 81 427 430 1131 762 804 151 1241 68 7
1972 804 965 393 1138 774 853 97 263 825 441 804 794 917 82 850
1973 864 1473 656 476 378 523 794 861 847 1473
1974 82 853 348 816 165 110 768 768 778 110 853 909 1224 297 684
1975 412 80 521 232 0 1 248 75 818 478 782
1976 868 316 112 521 148 274 65 525 474 786 336 779 217 260 243 351 88 471 274 1042 958 351 378
1977 152 759 1038 146 236 136 57 324 784 369 1 424 66 481 287 338 797 589 474 324 337 109 746 6
1978 732 569 106 486 129 244 194 184 1 156 1364 440 407 1039 794
1979 196 268 948 129 243 698 137 1422 329 158 802 57 13 10 229
1980 88 202 75 1075 521 232 162 248 554 864 684 818 112 21 248 639 490 103
1981 88 97 96 945 1422 52 240 57 275 278 323 76 301 85 304 59 219 1358 1088
1982 932 519 170 250 777 579 346 932 504 751 554 991 265 44 96 653 243 282 179 463 232 632 23 148 304 1279 189 181 420 1116 98 135 21 1 172 779 19 50 163 259 23 406 823 674 177 1051 613 1327 1166 265 718 1023 1166 136 1115 172 471 34 1328 1508 1056 554 1508 241 904 177 639 1072 812 75 833 519 739 687 39 991 839 834 656 349 904 733 92 697 1105 712 699 1201 412 21 475 839 170 837 1096 619 727 1164 182 1438 1375 812 730 1510 174 898 754 1229 609 1063 890 39 1207 1295 13 901 401 1012 1017 702 1357 1428 713 1257
1983 456 533 949 115 155 182 634 121 579 913 691 355 1051 27 85 456
1984 1025 320 319 625 430 804 1022 917 560 1171 844 930 335 774 767 640 1309 768 81 864 825 399 878 695 813 847 1146 640 574 561 328 206 792 135 828 1044 811
1985 1370 133 52 654 57 1124 185 879 521 928 815 30 1150
1986 996 721 663 818 976 590 847 437 438 434 476
1987 926 778 864 110 232 362 463 1371 794 654
1988 112 174 399 918 62 791 979 791 138 188 103 979
1989 794 576 684 278 713 231 64 232 778 917
1990 476 172 427 439 976 818 123 54 262 1078 1032 485 318 652 1015 521 239 1138 133 455 307 699 1194 272 568 10 936 1236 244 252 443 347 674 1233 951 650
1991 485 85 548 452 318 443 248 641 362 112 84 1118 80 174 197 687 26 205 17 131 88
1992 852 1038 131 248 10 76 1039 721 262 1078 440 1342 432 808 606 70
1993 795 1241 853 980 549 1469 297 546 156 136 794 231
1994 128 113 125 96 112 88 248 362 320 349 137 125 349 137 1133 490 193 1422 347 194 1068 331 54 1026 331 1026 488 112
1995 789 889 742 147 1030 802 829 1066 236 1049 205 330 440 499 432
1996 52 474 1212 68 46 624 640 354 440 452 143 508 581 216 269 88 150
1997 88 85 158 163 0 236 167 1039 829 124 930 432 440
1998 328 320 55 543 491 356 1469 96 713 476 207 88 1165 832
1999 560 131 463 12 19 640 88 568 206 206 150 697
2000 768 320 493 441 493 441 441 861 476 188 778 189
2001 500 1178 525 879 609 569 1178 131 1178 1066 251 88 143 818 930 729 792 736 727 727
2002 1039 822 597 828 231 713 156 136 142 308 804 774 427 187 1195 679 856
2003 818 1431 127 44 1179 297 861 0 99 113
2004 136 474 287 280 404 81 98 537 207 231 276 317 131 143 784 969 327 433 328 248 4 802 151 527 64 1362 405 868 156 1285 80 338 172 98 206
2005 264 1138 426 97 1168 778 389 970 210 338 525 280 6 434 287 50 474 630 457 68 1070 467 14
2006 861 765 30 84 708 863 129 430 1223 133
2007 695 1009 683 1023 649 827 1303 1152 568 4 481 228
2008 786 762 1171 232 112 331 794 925 149 394 182 214 234
2009 863 232 320 231 794 924 861 525 1036 864
2010 1060 1455 1050 1409 202 65 430 968 778 10
2011 370 325 847 234 112 128 439 1498 1130 297 75 1395 207 623 91
2012 633 55 778 469 207 910 924 434 1105 285
2013 299 458 46 260 1368 52 1242 1369 314 70 1247 352
2014 85 804 423 68 284 786 818 112 440 1177
2015 268 79 106 966 248 88 110 290 114 63 10 358 1088 272 107 10 313 252 789 76 525 1035 80 167 894 566 208 85 109 946 240 112 55 361 951 773 773 80 1017
2016 415 88 481 137 621 1028 131 68 153 979 922 351 864 13 106 278 105 1286 261 395 966 455 259 1317 57 462 1394 336 60 771 64
2017 979 715 196 99 552 879 1051 889 1015 203 657 533 961 80 812 391 701 1502 179 179
2018 476 440 193 214 875 919 873 1217 1424 97
2019 389 149 324 142 208 59 770 332 1187 57 323 286 262 370 54 268 50 97 1100 157 481 401 1270 356 13 459 287 280 6 91 304 844 365 610 471 378 324 126 566 606 269 440 9 326 333 390 80 866 693 1273 250 132 212 425 147 1206 179 97 1069 94 610 451 1088 932 278 64 194 519 1212 206 190 1041 275 872 421 1293
2020 231 490 795 266 760 929 1396 1469 193 794 768
2021 810 113 1387 792 406 572 959 1224 1069 777 116 107 258 1015 634 334 680 1014 686 179 236 23 1 282 949 410 196 42 1255 5 85 268 1173 18 932 580 440 468 97 682 1088 353 431 894 412 680 196 33 1470 1353 880 827 520 1244 746 1266 690 667 831 807 981 1015 948 33 1266 832 197 648 46 802 146 1340 928 44 76 68 36 282 784 689 890 894 525 1072 257 577 336 401 1008 652 252 1495 734 565 723 1006 896 1400 1343 205 1066 1328 1336 1501 1240 1186 254 1024 1045 972 565 723 1273 1400 52 47 1177 17 1137 728 1129 692 770 984 1063 1291 1332 1307 1009 21 691 18 736 1375 1059 421 686 754
2022 794 343 207 81 476 82 292 463 325 430
2023 995 1302 1113 864 609 1137 88 1231 218 232 980
2024 231 640 230 156 1184 112 157 1038 176 202 864 75 148 99 684 490 399 317 395 233 255 193 481
2025 202 864 1396 1092 965 156 142 348 10 207 1286 343 99 149 395 79 343 176 210 1135 56 910 112 490 782 181 136 324 106 917 100 713 419 361 521 684 590 1231 221 920 532 86 786 500 554
2026 346 74 112 765 920 791 482 1190 786 782 91 416 1075 80 1111 215 179 177 223 42 653 21 679 216 1116 697 115 660
2027 1116 353 195 1323 265 47 1188 115 97 133 1014 590 695 1005 561 431 414 216 1141 17 234 177 734 49 1100 993
2028 232 864 112 21 568 439 88 595 713 88 131
2029 467 143 194 110 202 275 467 275 687 701 1144 1153 1505
2030 7 88 440 490 804 203 143 85 315 684 185 112 21
2031 549 929 430 804 233 284 370 1210 825 910 98 762 1219 794
2032 294 456 170 236 517 281 156 10 1404 466 779 259
2033 194 236 554 945 452 143 1171 281 440 68 720 362 21 691
2034 427 493 1421 1113 103 138 1311 27 1017 55 27 27 684 595 1370 564
2035 951 231 639 229 1171 27 713 97 232 423 947 786 56 503 930 112 99 202 21 236 1177 415 1035 233 622 823 440 525 490 1231 818 248 80 53 86 831 1186 88 174 75 10 606 216 106 416 568 181 802 201 684 143 910 1111 554 103
2036 156 768 794 998 641 328 825 383 207 142 1090 909 463 721 81 326 549 1365 494 10 543 711 110 362 98 588 521 864 1308 1298 1096 1165 354 713 1138 1309 940 805
2037 476 75 82 362 976 539 713 1113 189 98
2038 297 864 233 475 449 232 0 21 75 828 760
2039 6 1131 94 50 1342 354 127 1177 466 128 1015 88 566 319 215 459 47 1014 440
2040 1140 363 97 460 30 1075 463 119 460 31 10 608 205 702 244 709 696 474 63 1267 519 1072
2041 174 19 80 977 138 597 554 440 88 670 1023 1100 1332 533 1056 143 932 362 30 881 1172 280 590 1172 1180 1437 720 708 82 827 812 361 64 147
2042 663 952 430 230 864 605 7 1216 65 459 617
2043 208 107 68 315 115 977 268 240 459 1015 208 273 713 216
2044 106 232 1165 112 63 94 110 821 819 374 207 525 135 319
2045 979 821 430 1013 1107 1246 529 861 930 962 0 233 393 797 335 818
2046 1173 695 172 233 795 1424 638 673 1021 1287 1125 1328 1336 572 812 873 0
2047 254 686 28 635 1173 639 764 655 674 286 493 521 1307 136 419 868 304 142 236 156 1061 572 54 770 554 1283 518
2048 126 47 525 80 119 1261 70 202 983 1093
2049 1449 989 13 172 322 54 492 110 818 250 135 389 514 528 187 100 768 1153 476
2050 466 234 165 828 466 232 5 964 813 98 1224
2051 861 88 684 98 99 207 540 156 768 81 794 273 910 493 143 525 847 206 10
2052 106 557 619 1122 904 595 873 569 419 328 81 143
2053 142 1269 155 232 1255 156 430 861 699 582 307 65 539 924
2054 947 99 248 27 823 75 232 656 910 273 156 176 231 351 58 589 924 521 864 98 86 399 202 4 32 801 363
2055 765 778 794 1036 1022 1176 1374 860 1340 373
2056 476 605 1223 742 467 761 760 122 767 463 231 804 297
2057 427 388 184 239 773 1060 173 440 550 1036 214 751 33 407 1346 389 13 609 69 280 231 64
2058 10 549 515 590 378 350 129 966 54 1312 844 349 1005 474 921 137 54 1005 248 641 112 99 155 320 235 864 1104 1177 69 137
2059 963 1066 88 174 557 525 258 265 831 976
2060 142 98 207 55 864 1286 819 142 81 853 797 1107 233 1090 232 255 81 248
2061 474 773 688 216 185 579 508 845 336 724 47 177 244 106 1423 64 728 579 249 1435 232 440 757 253 613 613 33 1226 662
2062 1076 529 1476 443 1144 1031 683 832 47 249 798
2063 523 240 6 165 250 68 69 193 852 852 866 1343 949
2064 196 240 58 39 410 1 894 17 595 39 1063 720 118
2065 1042 611 65 70 156 142 651 504 154 71 1060 1470 683 974
2066 310 153 1371 226 65 324 451 428 207 145 1044 248 165 378 342 10 196 634 300 36
2067 65 575 583 67 794 232 440 554 74 656 106 609
2068 560 577 71 192 106 930 118 691 412 1056 485
2069 403 1172 146 1240 230 684 233 234 1506 231 248 112 1107 467 10 572 297
2070 1365 1269 201 362 248 229 656 864 112 856 990 1230 863 818 79 297 230 930
2071 463 1290 980 142 263 930 97 207 80 797
2072 937 786 641 853 1286 142 297 383 797 822 207 231 436 261 88
2073 114 546 419 625 72 732 493 545 543 1
2074 7 190 872 1301 14 440 198 1429 879 76 1001
2075 284 1185 794 343 578 372 112 768 911 818 929 233 430 641 1084 909
2076 925 232 794 330 910 430 415 156 801 248 112
2077 64 1454 112 229 196 192 280 99 474 67 98 840 837 596 887 727 174 80
2078 1404 233 263 146 477 146 924 273 80 910
2079 818 39 929 80 760 543 523 476 430 663 1452 1450 1021 1491
2080 325 559 542 1248 132 914 1179 604 1270 1206 325 377 69 343 889 325 930 756 1015 463 30 1220 1298 586 143 948 1125 875 497 516 325 796 562 233 354
2081 142 804 1298 441 328 909 1223 231 1406 1185 297 10
2082 349 1497 729 634 325 361 1286 343 525 792 832 142 156 963 1051 403 732 847 297
2083 1393 1033 133 447 1066 236 443 760 259 430 99 801 275 521 1416 683 174 757 21 833
2084 1176 954 1224 1174 1349 657 657 196 877 129
2085 309 142 112 156 136 248 231 1171 81 794
2086 362 864 847 864 343 452 794 430 80 362 1370 1419 778 597 255
2087 91 207 1130 794 1469 297 476 142 395 433 813 850 75 1305 113 1287 801
2088 81 91 1424 801 1195 554 131 539 1111 832 1194 539 131 980 674 609
2089 768 408 797 142 818 1404 230 377 262 556 372 427 603 113 142 292 100 373 328 625
2090 1406 476 1461 1013 207 805 1185 916 801 156
2091 277 1285 794 355 802 276 80 207 405 391 419 162 924 81 765 541 156 433
2092 1172 1300 962 486 557 568 73 412 492 474 41 619 894 1364 287 223 239 521 600 179 333 42 746 602 830 609 1258 244 647 254 1340 653 78
2093 401 751 1 634 667 33 1060 78 41 812 260
2094 790 1360 504 975 280 566 518 1444 20 1069 845 525 1178 579 127 1425 519 1072 662
2095 1131 944 370 786 13 732 611 649 184 569 638
2096 803 577 156 236 539 684 335 807 764 97 831 917 456 106 361 794
2097 554 519 165 1072 265 564 684 518 39 64 482 185 674 342 19 1020 872 53 1051 653 629 1480 1480 904 909 112 1370 608 1034 99 331 179 662 331 218 678 609 864 71 1282 807 1181 833 707
2098 454 386 443 520 1169 366 112 150 141 143 64 129 42 1190
2099 761 232 761 297 792 873 142 924 467 778 1311 1230 1153
2100 523 926 1095 588 656 861 864 523 1219 490 864 1309
2101 566 133 323 287 129 560 126 1015 107 979 6 1177 117 56 146 302 330 986 525 1085 770 288 195 566 467 1323 7 878 666
2102 172 1502 205 194 1039 132 244 780 169 504 284 179 503 846 154
2103 268 525 684 16 695 23 1014 520 412 73 33
2104 488 81 98 349 921 170 1316 406 1206 799 512 270 277 275 268 979 423 1171 1075 4 780 474 207 807 75 128 130 143 141 236 85 52 525 1088 864 248 77 121 815 88 265 1394 121 52 141 928 304 170 275 102 323 302 355 208 458 110 349 300 206 269
2105 190 240 1373 451 155 1221 1141 130 1195 29 74
2106 463 522 1421 864 112 1176 232 924 1105 568 778 335 138 980 88
2107 430 236 196 214 6 474 362 432 1072 382 71 568 885 16 26 33 662
2108 762 99 864 786 794 81 1130 463 490 248 930 713
2109 70 794 909 488 207 156 88 10 864 979 136 229 304 784 297 143 490 273 114 79 233 230 151 231 99 774 656 97 713 75 287 100 1135 521
2110 823 98 142 786 79 947 935 1241 98 292 294 490 521 156 304 92 176 97 609
2111 867 561 244 787 750 484 244 179 88 244 1112 246 410 778 687
2112 102 138 762 597 531 1190 138 233 778 181 372 131 99
2113 980 232 463 430 99 82 112 801 639 248 273 156
2114 762 794 297 129 804 255 761 231 794 82 202 804 146
2115 121 1048 167 174 782 916 13 474 143 525 72 107 64 186 310
2116 713 486 622 444 149 815 572 133 38 619 904 823 691 1158
2117 713 88 760 142 231 370 804 823 794 430 233 980
2118 786 32 713 786 713 430 0 239 1217 112
2119 117 358 415 382 352 685 1316 112 382 110 463 415 147 275 215 467 74 217 566 635 641 232 142 1270 447 170 1247 1319 785 490 207 467 1247 85 354 47 770 19 1316 1247 748 466 869 143 626 13 76 595 115 244 985 65 762 687 1017 49 330 131
2120 542 324 250 422 96 72 311 177 849 521 868 1300 678 223 438 1296 420 1051
2121 274 96 327 371 276 281 269 1232 123 274 1114 56 981 115 194 118 90 281 96 781 990 148 0 772 402 63 724 940 248 1122 11 534 572 318 782 381 299 1015 220 583 121 681 690 595 499 601 447 17 119
2122 320 105 97 112 452 1018 76 287 426 262 434 80 10 54 1015 195 405 196 439 543 867
2123 143 130 150 358 451 531 246 30 1427 70 771 108 81 993 100 169 909 132 310 108 549 169 946 430 1236 458 252 129 135 110 320 376 621 23 1222 1169
2124 966 297 1255 477 193 335 263 1361 560 149 976 922 95 231 138 868 397 449 793 853 488
2125 695 348 309 639 348 774 772 695 399 91 244 1154
2126 112 399 39 469 399 86 786 80 1279 925 110 378 609 21 801 609 174
2127 371 420 949 89 224 118 831 205 948 118 750 499 33 750 1011 1254 737
2128 794 864 1340 765 873 335 207 778 297 440
2129 1187 330 231 1212 778 1025 590 957 434 400 233 794 207 1095 917 55 318 543 828 612 399 1373 854 1020 1371 348 792 609 263 818 1138 232 633 929 930 665 106 182 247 656 491 600 861 476 230
2130 742 804 234 976 403 97 758 794 864 266 255
2131 1035 1175 362 928 1102 577 769 139 929 927 30
2132 34 99 795 202 459 1213 927 1206 930 459
2133 426 81 523 797 114 81 233 911 231 762 813 1459 1211
2134 352 13 113 79 868 80 781 1038 107 354 1015 487 304 194 91 1014 54 133 50 295 104 114 273 76 420 381 808 157 114 1042 10 386 195 456 195 270 207 878 958 289 1411 958 590 894 70 195 407 868 400
2135 1171 1146 231 1013 463 230 686 207 924 778
2136 440 42 41 286 84 1104 85 244 626 486 1307
2137 416 248 818 440 10 864 554 525 952 867 229 1332 560 744
2138 231 85 765 794 142 864 324 631 88 232 84 795 362 251 963
2139 43 684 80 273 286 143 136 21 732 287
2140 600 572 904 904 500 564 619 412 188 21 76
2141 1045 577 401 19 236 684 787 103 648 65 697 440 1177 464 333 1 85 197 64 320 110 452 135 311 295 566 179 128 188 1324 1122
2142 619 338 65 1076 6 1017 52 554 634 978 667 674 30 586 760 930 39 628 683 1300 179 21 206 129 26 244 131 707 1012 728 268 50 545 656 1182 1201 746 1434 265 739 1196 730 227 106 1303 133 1150 44 1105 698
2143 1017 1243 855 513 1105 513 457 546 580 595 244
2144 115 147 194 173 779 47 74 412 748 674
2145 389 208 1118 1218 114 351 401 332 272 39 1047 71 189 308 789 1409 21 1017 54 232 30 362 554 712 412
2146 806 472 268 114 240 259 816 236 474 909 287 309 6 172 236 424
2147 378 108 132 50 147 143 132 773 130 143 1432 132 98 425 9 275 512 682 1088 334
2148 910 110 793 98 142 114 380 1185 1241 1321 911 844 463 232 393 943 207 801 230 1039 233 1013 437 88 141 640 505 95 764 400 55 768 441 438 328 925 521 361 263 544 615 81 639 335 91 910 721
2149 1137 1017 471 181 113 1305 1279 112 1376 539 871 255 1305 1304 864 207 5 1194 21 1178 890 746 1364
2150 418 1005 126 414 846 497 846 448 90 1195 611 482 568 1424 619 96 675 295 611 427 248 1424 579 295 917 780 539 729 427 683 397
2151 1409 1468 1290 236 91 335 917 435 403 1506 776 1468 85 1035 452 231 233 762 956 1408 430 554 675 257 801 401 440 656 864 924 201 97 248 88 232 794 802 1111 297 148 143 112
2152 112 633 1210 713 182 760 10 70 801 909 463 695
2153 215 47 415 143 466 115 381 194 41 74 806 872 1112 232 349 39 600 47
2154 250 277 106 115 54 621 277 176 1015 54 106 50 303 485 80 61 481 47 133 1392 41 440 454 258 485 30 440 781 949 485 621
2155 63 909 873 403 142 490 864 819 311 202 279 1034 596 806 392 110 255 1120 156 952 865 1277 1211 297
2156 131 274 121 452 930 300 413 127 304 31
2157 685 685 202 1030 1281 749 480 480 1481 1029 1319
2158 1506 1287 1469 474 88 284 230 64 967 954 521 297
2159 1079 925 518 503 550 106 218 331 351 174 546 1414 440 952 595 1119 751 1055 595 471 1051 1046 241 595 890 718 852 634 1056 1181
2160 831 884 198 494 98 214 1219 925 1290 550 105 493
2161 1312 985 460 331 639 985 63 85 696 701 698 141 601 217 1202 899 128 401 172 1434 790 119 119
2162 1171 801 782 786 100 1165 75 174 232 440 105 762 99 80 1195 231 183 415 91 713 0 794 684 88 419
2163 575 791 104 504 414 13 269 10 149 554 22 74 65 88 232 791
2164 515 910 806 414 47 66 223 626 676 680 699
2165 161 469 772 695 186 509 885 802 156 719 643 1298 2 767 452 694 694 689 1038 283 807 452 245 802 896 1417 545 239 47 575 129 697 697 754 861 1499 509 1447 1293 1174 1419 1005 897 1397 1349 1397 75 39 245 765
2166 232 214 88 233 801 273 156 794 684 112 440
2167 268 79 112 214 488 371 864 358 115 233 76 194 1035 415 10 100 248 73 520 51 169
2168 97 828 430 1223 930 232 1171 778 463 112 794 523
2169 50 10 406 112 414 333 115 403 64 257
2170 1309 98 330 463 1286 805 794 395 142 230
2171 476 612 308 778 847 794 1018 776 234 848 1309 1286
2172 57 112 366 1236 169 180 50 148 1236 64 1235 1079 420 19 41 535 21 173 232 104 61 443 269 258 789 1054 363 890 653 904
2173 807 799 291 52 57 993 160 1028 751 435 94 1088 512 194
2174 932 236 79 382 1169 131 74 248 181 504 97 330 229 85 99 817 831 39
2175 966 531 427 818 930 523 311 81 232 1311 853 910 55 395 1132 371 112 801 588 106
2176 818 639 502 549 786 65 389 471 335 1386 1225 794 801 631
2177 550 783 131 106 452 930 802 414 158 131 639 240 273 103 309 1078 783 383 54 463 277 485 554 713
2178 1239 1071 459 1323 1071 143 443 958 137 110 220 76 194 1068 1014 823 148 1020 1017 141 224 185 220 748 460 716 595 79 78 119
2179 31 504 876 269 351 1017 99 39 732 493 354
2180 677 946 106 993 60 1118 704 170 970 21 1001 708 680
2181 802 232 56 64 279 114 490 112 110 452 988 1014 70
2182 355 537 941 442 472 509 113 355 314 537 196
2183 1066 236 65 196 568 634 401 875 257 667 751 748 57 254 31 109
2184 153 407 5 432 31 71 414 131 414 106
2185 280 96 190 167 112 923 401 152 65 520 88 872 864
2186 1232 39 240 199 202 89 910 847 21 831 894 141 85 68 619 187 53
2187 91 1247 193 236 311 323 135 144 142 114 1454 928 765 1068 219 84 1135 86 864 13 37 116 777 1069 63 684 80 819 475 57 425 230 50 1082 304 174 452 254 234
2188 1135 490 466 687 189 174 979 291 1114 619 502 560 223 291
2189 440 254 64 240 554 42 600 188 697 880 779 93 550 33 26 831
2190 232 80 89 61 91 104 1078 205 4 113 287 124 550 196 124 112 106 0
2191 1271 1289 639 549 954 778 98 120 778 1271 1277 823 1237 355 427 1000 687 801 687 1382 866 1107 687 235 1044 684 9
2192 47 304 352 865 1001 63 504 699 17 30 39 1313 1015 347 1068 1067 601 31 985 1071 662 656 217 678 737 1065 132 713 725 1021 1204 69 1147 249 842 1164 1511 980
2193 1090 54 143 129 194 284 635 263 335 556 196 140 400 110 214 101 115 196 510 278 433 292 334 404 494 780 359 986 114 917 925 361 272 360 341
2194 512 993 491 412 113 351 993 42 697 827
2195 440 34 1195 539 362 521 930 1107 248 764 403
2196 362 138 233 430 794 792 760 47 270 47 70 861 1424
2197 810 248 458 561 64 148 174 181 469 1015 1226 1145 1228 1057
2198 135 917 255 804 81 328 640 112 129 1176
2199 174 50 932 112 202 562 63 92 521 861 1318 147 65 1368 630 1318 138 629 611 331 1023 1283 865 605 189 1105 346 549 581 904 605 919 1068 871 525 47 460 738 244 26 193 97
2200 476 112 778 1039 430 828 335 1107 434 917 437 873
2201 1312 599 116 55 395 1088 777 143 308 439 795 52 526
2202 202 5 778 698 13 300 1117 1028 1399 886 1334 699 667 269 350 244 702
2203 54 1108 143 76 952 133 760 626 223 49 241 463
2204 746 415 127 80 274 713 259 133 127 981 141 266
2205 16 414 512 165 47 517 195 496 177 250
2206 924 801 684 399 821 996 539 1075 232 864 488
2207 954 143 763 561 377 147 362 561 253 120
2208 844 91 1309 684 230 142 98 1360 505 849 774 844 441 156 142
2209 794 559 1363 942 1185 273 1406 956 55 138 597 80 669 232 684 362 99 207 1421 964 1184 873 307 248
2210 762 956 794 430 774 309 786 760 1038 813 234 684 1426 112 1286 873 297 156 248 97 231
2211 596 98 1310 88 815 126 320 76 70 274 194 112 491 1274 431 754
2212 114 233 463 414 88 133 609 10 702 713 1045
2213 161 986 348 135 1246 1039 1170 588 808 80 894 768 274 790 697 7 964 240 732 1462 812 1462
2214 580 636 660 338 287 660 724 7 118 130 1035 35 336 108 963 724 36 503 636 791 193 702 709
2215 1013 477 523 1354 863 792 861 1245 656 256
2216 913 598 112 194 174 909 230 526 112 971
2217 248 864 758 778 110 828 207 329 631 445
2218 47 1241 818 55 995 467 778 231 472 95 335 233
2219 427 177 878 5 64 122 5 434 91 118 412 563 1041 432 1014 304 72 504 188 1029
2220 981 981 112 623 158 871 282 91 925 118 342 265 14 58 196 140 875
2221 804 284 774 248 765 476 774 590 794 1417
2222 163 84 143 94 130 144 42 778 232 440
2223 207 623 796 917 55 98 792 81 758 980 889 136 758
2224 44 525 563 919 450 207 156 84 1013 692 702 405 338 683 861 440 893 757 50 283 718 549 687 1242 925 572 49 1453 337 464 712 262 1151
2225 63 84 525 89 1088 966 425 286 873 143 347 129
2226 216 216 199 787 196 259 1188 634 886 1512 21
2227 336 248 763 182 167 173 21 619 1051 218 1105 817 1299 75
2228 861 976 847 82 801 1039 1039 801 976 861 847 82
2229 1279 701 1122 452 88 595 112 440 10 80
2230 254 794 630 1108 587 172 577 497 491 1074 388 1488 640 1379 792 1000 460 592
2231 41 347 224 909 1075 1017 140 771 1119 1035 401 1008 1155 630
2232 1270 476 8 927 244 5 84 567 708 594 626 1294 1160
2233 1247 282 450 230 232 243 97 412 242 76 231 358 818
2234 1071 24 1029 459 13 331 1440 1023 579 932 64 833 898 115 259 315 833 192 667 242
2235 917 280 107 759 162 802 695 391 476 47 141 899 1423 909 196 657
2236 954 542 304 563 286 544 197 323 944 942 794 795
2237 47 236 232 72 19 440 478 471 478 460 352 909 401 684 525 566 995 1068 626 683 821 568 1137 1466 930 254 1351 244 698 834 468 382 231 859 399 554 1451
2238 103 985 248 86 135 474 1408 284 291 229 259 170 121 252 166 237
2239 112 232 248 917 713 525 268 924 113 801 80 1460 818 39 1169
2240 361 864 172 760 1132 804 523 916 135 1027 226 925 590 348 285 127 824
2241 1169 1156 143 412 619 778 26 26 746 1389 1375
2242 1036 10 802 488 196 713 808 801 910 1384
2243 976 794 760 110 481 441 1286 114 105 357 100 383 156 430 263 360 271 1181 361 718 572 64 702 891 629
2244 943 778 112 230 233 81 864 1176 142 1286
2245 853 774 430 656 521 476 1373 996 0 27 99
2246 381 525 872 653 520 880 1243 179 896 896 834
2247 996 548 1138 1018 889 623 91 1464 232 1131 549 849
2248 525 294 233 794 490 853 248 768 162 174
2249 73 1300 577 22 407 273 220 172 779 687 155 554 50 126 272 67 361 207 153 65 379 333 258 421 420 930 962 572 106 174 889 327 620 475 828 831 96 104 59 149 131 179 492 244 239 566 653 133 299 68 8 304 818 1017 166 504 5 1075 414 287 622 581 222 852 88 550 47 21 591 141 132 156 579 463 466 786 74 655 1043 118 188 460 568 415 516 75 645 486 482 110 232 69 634 782 143 1117 606 114
2250 566 1323 1085 169 363 81 763 47 266 572 21 685 875 143 147 880 653 84 653 128 143
2251 917 105 91 802 967 917 986 1084 536 509 697 827 697 580
2252 980 113 490 99 142 248 231 88 794 1 236
2253 81 53 334 794 231 472 95 1090 1356 55 141 397 804 525 248 404 101 328 732 106 140 1047 456 434 1013 142 437 65 889 118 917 442
2254 10 801 88 925 794 112 1078 684 232 263 335
2255 142 463 623 427 156 232 523 231 947 713
2256 963 1113 143 830 241 1282 699 191 802 1332 554 1066 179 1049 703
2257 230 187 996 801 937 1217 1321 980 1298 463 930
2258 782 106 503 430 351 123 358 106 232 734 545 87 702
2259 590 684 794 1365 230 112 231 207 142 1286
2260 202 133 189 456 1369 89 168 601 180 196 166 527 143 65 1122 802 427 499 270 399 889 899 421 351 258 807 751 337 170 1039 13 153 205 459 91 192 68 867 894 959 291 831 946 467 1435 118 118 314 244 959 315 118 119 1186 118 183 258 1233 177 596 284 103 616 239 33 724 508 149 949 141 232 420 688 896 781 688 253 258 236 1394 133 1042 366 1414 648 392 595 440 1145 242 3 16 351 836 133 1160 1510 41 229 229 688 801 4
2261 820 94 281 85 930 829 50 97 79 54 194 1237 129 63 170 115 274 423 414 525 177 300 66 401 84 367 474 440 452 110 687 19 65 572 177 192 342 1342 70 1392 185 94 440 1177 80 1066 39 653 81 1365 250 684 416 634 225 148 715 244 1105 1156 832 595 33 182 1182 194 687
2262 232 560 99 656 910 1133 232 75 99 910
2263 88 684 112 362 231 864 232 80 930 782
2264 98 10 110 263 1241 248 56 456 142 207 732
2265 913 920 463 399 851 1220 1431 317 81 721 357 1462 1365 1248 1453 463 1088 626
2266 779 222 653 781 239 959 1020 628 38 746 702
2267 782 165 721 1021 178 626 1283 643 84 500 26 807 177
2268 1464 1176 914 917 39 80 132 488 44 864 683 925 232 155 247 488 732 732 861 873 694 686 110 721 685 466 554 1152 257 871 633 598 65
2269 113 90 91 159 979 122 212 393 391 894 419 493 80
2270 86 248 86 430 930 617 873 312 80 720
2271 816 641 176 794 1212 1146 913 79 433 1497 955 110 695 270 459 488 1252 1452
2272 142 440 1331 992 254 28 686 463 317 21 635 1206 742 1173 106 655 674 639 438 930 845 136 1111 419 98 493 623 521 879 1307 407 286 566 660
2273 153 96 72 482 242 185 37 1470 1463 898 812 662 651 13 513 730
2274 362 131 963 43 1051 338 639 21 553 80 1178
2275 948 57 320 1088 266 208 946 1343 115 296 303 135 252 515 202 261 1091 940 70 1099 1118 430
2276 1290 1238 278 354 414 381 64 1171 52 566 141 109 894 294 21 648 986 697 456 85 67 560
2277 121 566 41 50 169 119 397 206 295 129 302 323 488 324 412 495
2278 1286 918 200 795 142 873 920 207 221 543 297
2279 1404 801 236 110 320 912 510 984 1393 367 1246 986 391 1035 802 174 662 867 169
2280 52 202 240 410 177 654 391 195 599 425 115 432 997 648 246 224 194 41 1001 488 517 57 1032
2281 143 430 135 597 925 530 1066 1426 1038 232
2282 401 979 864 466 463 231 127 786 979 143 804
2283 248 88 232 794 909 162 274 684 786 490 143 181 182 525 818 1
2284 1308 758 1023 1022 1353 684 778 1165 146 663 859
2285 248 684 864 232 794 713 786 262 112 231 1171 338 333 10 232 53 236
2286 23 336 406 236 444 21 173 379 932 243 1014 443 366 50 71 1 154 751 782 137 440 582
2287 162 413 865 931 217 319 816 476 698 330 590 378 909 324 156 129 320 110 106 285 149 947 75 819 269 1014 304 332 152 243 381 440 1342 601 1000 572 675 424 112
2288 88 320 801 405 588 395 463 967 782 801
2289 182 138 930 980 460 778 143 779 315 129 13 50 683 794 202 616 78 48 10 750 1015 29
2290 818 861 415 925 91 1298 762 1342 274 1042 167
2291 654 115 1 1044 72 1166 260 228 1035 1494
2292 578 669 142 768 908 818 1223 189 361 207
2293 230 864 909 65 146 438 523 861 794 762 778 335 297 142
2294 549 129 230 362 818 523 1430 112 617 609 135
2295 463 1223 805 1122 86 679 232 273 229 535 61 10 202
2296 930 521 97 181 81 248 232 813 434 651 397 805 721 102 273
2297 844 925 55 231 917 804 361 309 597 156 713 142 1107 794 233 786
2298 112 142 88 0 1066 1354 801 604 778 818
2299 979 979 979 806 862 979 824 979 786 914 549 266 979 979 187 767 279 91 187 362
2300 778 1165 255 614 549 437 1212 1419 1044 505 857 1298
2301 592 156 1396 624 588 324 930 324 476 248
2302 433 207 156 1138 1047 80 100 476 721 1013 818 695
2303 21 118 934 1238 1116 85 459 31 459 500 19 173 422 42 179 467 539 99 1238 173 500 49 109 1108 14 1172 21 456 572 823 221 1195 181 823 910 760 136 248 221 101 109 1307 1114 147 1080 143 76 141 7 467 1238 1182 985 770 977 554 904 724 1182 1238 143 1206 778 1108 130 221 59 34 693 735 315 479 248 430 98 178 80 318 232 773 1427 1238 770 1427 236 54 143 656 112 1027 923 535 56 877 985 459 790 1062 741 193 699 742 1224 138 196
2304 64 1321 142 623 786 362 214 106 1075 684 490 1217
2305 139 106 13 107 355 376 986 868 843 1139 42 113 179
2306 361 1268 1036 380 938 361 433 91 1095 430 540 1461 765 625 335 794 507 556 472 603 229 277 209 129 536 537 802 1038 1240 813 917 804 1502 640 977
2307 619 72 932 194 1195 572 137 121 188 622 22 591 502 874 216 1403 244 674 86 520 44 21 1119 885 1117 241 165 1113 1227
2308 232 350 88 255 331 844 1061 1469 189 396 148 979 362
2309 322 277 259 358 143 88 992 818 143 966 277 13 358 786
2310 248 415 801 909 634 818 239 525 575 21 1117 1010 382 791 38 974
2311 488 64 131 136 149 433 967 79 1106 261
2312 909 861 640 641 233 847 996 786 490 232 755
2313 233 81 864 86 142 1286 55 320 713 1082 979 112 910
2314 243 932 57 274 782 801 50 79 698 993 232
2315 854 137 483 539 490 112 308 729 399 762
2316 106 64 265 148 131 167 751 415 117 1017 419
2317 452 774 135 818 433 853 471 376 106 525 212 10
2318 232 156 361 10 112 525 1095 181 142 143 132 229 287 56 103 864
2319 1078 287 1015 126 311 132 195 654 588 142 724 381 1227
2320 179 0 103 456 1014 194 382 440 83 236 111 222 199 280 173 780 653 336 452 73 419 734 734 21 904 133 71 626 746
2321 631 107 197 162 852 566 769 76 698 21 412 1156 566 675 798 467 1080 425 518 1060 165 525 888 499 483 1115 248 17 651 1105 107 722 891 1380 812 244 1129 382 712 188 738 600 741 837 641 662 1065 80 1208
2322 290 53 268 596 525 50 118 1015 962 104 346 193 791 363 115 56 831 456 36
2323 665 207 1179 399 554 1216 854 1178 91 1036 428 248
2324 27 823 947 760 1479 639 1028 910 695 233
2325 85 1300 81 609 968 21 185 49 979 521 199 1190 88 1035 174 143 74 685 1171 782 656 86 765 4 786 1014 182 101 268 778 490 202 539 910 232 879 179 76 26 1303 1228 681 684 248 230 864 362 794 256 76 1291 460 196 1297
2326 266 328 1100 1095 1100 1223 172 799 759 807 439 909 813 1370 1355 128 427 1219 1100 778 991 519 1021 767 518 879 925 14 845 1340 801 430 350 675 1020 432 1182
2327 675 554 112 396 1090 762 57 795 1241 1277
2328 980 909 361 794 91 297 957 27 231 684 782
2329 150 301 10 639 149 389 149 269 110 207 252 326 114 1367 151 265 243 50 292 309 112 280 353 909 163 432 1 213 333 21 137 653
2330 179 890 50 250 31 18 165 1169 683 1105
2331 276 361 207 27 232 55 307 597 589 1025 507 142 88 624 816 612 467 864 66 324 494 639 794
2332 26 28 1195 182 259 7 634 1051 1194 366 683
2333 605 762 378 1104 868 340 1404 1212 207 917 408 541 128
2334 248 1104 487 804 864 207 917 292 947 231 229 146 276 248 325 86 100 81 452 487 472 146 917 176 100 113 105 81 114 441 1469 554 925 589 663
2335 979 113 1018 276 556 207 100 335 231 4 142 263 150 853 1367
2336 363 54 520 68 249 239 1164 932 196 1375
2337 10 463 778 232 232 639 808 171 788 308 294 270
2338 525 924 335 81 10 452 141 490 88 53
2339 174 142 930 262 1082 43 504 1078 467 88 804 1121 207 335 4 815 88 440 378 1340 758 233 112 1454
2340 477 126 155 98 465 845 640 104 294 353 50 326 70 462 363 440 131 474 156 232 374 311 106 176 804 713
2341 54 70 525 10 1084 1075 1370 30 427 195 241 1035 78 297 109 1307 244 129
2342 770 870 46 414 785 216 1108 876 440 88 131 846 239
2343 252 787 244 54 44 421 65 477 485 229 44 559 486 112 194 354 97 179 170 43 554 406 185 577 513 609 855 39 333 1051 80
2344 588 522 1176 1138 325 335 472 438 1176 765 408 110 925 1386 797 638
2345 342 413 474 172 378 869 312 324 604 435 234 1220 217 989 257 68 370 110 375 67 97 563 50 295 266 608 440 482 518 831 801 80
2346 794 88 233 1421 909 1287 490 786 112 889 476 232 248
2347 899 244 225 26 496 443 595 254 879 169 834 228
2348 304 157 504 155 440 230 525 143 864 126 476 505 452 98 1220 917
2349 330 947 864 794 641 230 980 924 825 923 82 325 1442 297 395 639 207 935 230 362 523 373 335 792 146 113 438 818 1131 768 813
2350 794 69 958 106 138 1013 64 440 643 595 101 823 129 232 568 539 65 456 88 549 132 1303 452
2351 430 230 1038 82 88 112 465 966 1271 81
2352 463 794 207 156 395 463 918 930 55 334 320 231 88 1246 297 284 597
2353 1054 959 82 143 684 1047 636 795 556 223 106
2354 1191 376 1385 143 23 786 1084 172 57 624 592 30 1328 714 172 1054 653 896 631 1067 728 1151 904 636 256 239 177 1199 425 745 1511 1252 1511 1010 6
2355 847 142 636 786 55 112 623 362 980 230 909 1469 1441 335
2356 802 196 196 648 355 984 245 715 1291 680
2357 10 110 910 330 656 456 116 823 322 309 537 271 277 262 81 917 214 52 206 797 540 772 162 1484 805 680
2358 42 199 73 71 20 412 21 406 415 254
2359 468 475 338 1107 343 214 455 542 196 174 1014 486 432 245 1427 697 536 1054 232 572 47 200 9 206 64 50 1278 499 258 88 889 213 1047
2360 864 519 976 523 112 1211 726 331 762 39 609 818 795 1113 1051 266
2361 572 525 107 875 239 598 662 757 748 26 554 52 680 609 412 730 119
2362 440 847 751 146 39 861 1278 977 1078 257 299 523 331 199 66 196 195
2363 653 734 179 326 1364 445 456 464 236 336 361 875 751 619 390 304 165 1364 353 66 831 606 831 653 653 1005 581 554
2364 548 807 168 1117 664 746 1385 1291 701 768 834 751
2365 918 684 794 930 248 1506 156 56 99 304 918
2366 232 423 97 713 427 257 521 442 66 818
2367 794 795 10 131 539 765 1176 287 491 407 592 88 906 643 638
2368 947 403 156 860 924 232 231 684 233 207 230 232 231 156 1364 112 722 910 622 248 335 142
2369 932 1334 371 129 1329 691 734 500 236 65 773 76 252 650 143 680 595 1415 1056 33 1117 68 223 910 554 1010 698 917 520 27 993 701 674 188 229 681
2370 474 684 440 708 185 662 358 1266 802 1258 653 811 718 143 948 10 554 106 781 1399 1418 702 170 143 215 575 702 78 245 78 928 1444 766 133 880 26 1126 778 940 1068 1126 1174
2371 1356 1211 864 930 760 909 794 623 663 1451 1452 1171 74 691 768
2372 71 103 1190 50 547 236 962 265 376 304 975 504 194 533 779 280 166 619 545 885 32 1216 634 116 917 38 1216 485 1113 651 746 683 662 1114 419 575 893 757
2373 1231 631 1225 88 818 112 248 684 554 1137
2374 110 1498 326 50 54 262 68 202 334 404 401 114 129 64 412 143 286 88 351 132 420 199 248 1015 750 608 76 10 142 452 412
2375 1039 297 362 97 1226 440 1178 1364 930 924 1066
2376 640 113 70 801 107 829 143 779 64 65 336 794 248 74 866 648 808 71 109 21 76 440 831
2377 332 491 277 129 192 50 133 21 554 236 1111 26 680 642 581 1301 182
2378 255 694 560 920 266 66 995 1195 348 135 399 182 695 13 757 244 763 719 720 63 985 232 483 217 352 273 221 702 61 251 833 674 526 183 1202 1160 392 927 13 441 149 1151 519 1017 566 270 980 781 1491 977 460 215
2379 490 459 216 460 504 831 174 112 182 1032 103 688 575 363
2380 456 106 194 336 269 37 186 482 190 917 85 186 452 1190 482 653 254
2381 10 873 854 663 853 804 1145 47 10 371
2382 29 1023 1337 1146 1465 1100 683 889 1263 227 244 422 699
2383 309 794 804 1131 112 88 924 818 687 656 1421
2384 304 250 309 149 785 979 802 489 314 487 550 1422 54 1015
2385 81 426 131 113 804 1078 236 232 813 233 112 248
2386 188 864 188 185 653 486 101 26 886 1060 1047 553 360 360 877 1227 1225 827 432 827 734 827 892 1124 109
2387 110 439 397 207 796 1206 909 361 759 1307 809 1001 639 1497 657 732 1180 1378 143 609 273 951 1263 1330 460 930 395 82 805 1294 499 97 208 258 216 85 202 147 789 103 368 959 114 1118 781 702 236 110 475 107 887 487 866 230 197 770 600 744
2388 231 81 248 804 864 794 525 1361 362 909
2389 521 320 801 181 816 467 21 138 232 89 525 1414 732 863 641 1038 419 361 98 106 663 574
2390 81 541 146 55 395 373 270 110 889 297 695 467 467 146 693
2391 233 476 291 505 554 871 112 1022 440 266 331 1176
2392 265 88 802 140 281 286 292 713 80 140 54 78 78 133 57 205 489 133
2393 112 440 818 1120 684 233 10 1020 554 185
2394 350 818 379 525 137 210 96 1422 921 350 784
2395 1436 686 503 1436 133 33 440 185 205 779 789 894 950 686
2396 232 97 294 177 979 162 476 476 169 721 791 502 86 1005 174 504 663 188 113 474 106 415 106 474 617 19 493 294 852 50 189 76 440 65 70 801 779 131 214 193 126 291 477 69 1 67 1111 586 1444 381 37 110 1407 4 78 1093 515 1015 81 104 787 336 1028 466 280 981 6 424 521 794 354 278 684 47 21 199 577 311 1165 572 948 268 116 192 503 155 966 22 1054 666 443 239 420
2397 202 852 460 976 142 596 65 13 663 778 1426 854 1105 65
2398 47 930 1045 845 654 1016 115 789 41 1266 485
2399 112 910 1359 131 10 80 641 103 505 90 415 34 129 930 864 819 88 54 401 829 10 486 351 346 248 802 338 486 423 349 1017 174
2400 853 319 1095 1455 868 476 778 868 756 929 929 818
2401 110 1135 816 802 794 266 847 1485 847 450 172 141 778 847 778 1066 847 847
2402 926 1455 231 430 641 393 1179 207 713 523 335
2403 230 255 430 1393 760 408 821 822 1013 270 1419 521 640 713 270 476 138 821 1222 824 505 297
2404 75 871 174 189 12 324 92 218 996 554 1105 609
2405 818 861 248 795 873 231 794 297 930 665 761
2406 931 123 41 351 236 68 195 1035 133 508
2407 640 1038 776 851 794 864 778 684 230 804
2408 911 441 930 795 864 1373 233 434 325 1286 1498 578 1277 1211 1298 1477
2409 82 1075 467 778 445 1105 276 708 141 1211 708
2410 549 654 354 1219 818 656 554 1212 1131 266 452 930 873 39 861 560 549 1219 873 1306 864 654 114 1024 861 549 861 560 48 818 239 532 239
2411 208 371 415 1031 57 924 286 262 230 50 236 801 269 88 207 10 275 943 528 1106 69 370 365 404 934 368 326 141 61 59 156 66 359 129 389 334 118 654 263 1287 231 442 397 114 132 302 240 562 224 35 327 829 869 246 187 202 630 456 77 420 1233 1032 318 579 41 26 886 1069 579 31 623 634 174
2412 60 454 1069 970 389 1091 428 231 89 69 1043 304
2413 303 259 978 250 640 455 97 309 930 105
2414 78 54 985 143 310 548 1411 932 92 1005 378
2415 1371 127 476 236 47 147 864 684 631 77 875
2416 1019 179 484 1001 715 546 657 695 748 399 1148 699 680 1431 626 48 1293 740
2417 981 751 169 482 455 519 185 13 13 872 164 220 50 21
2418 39 115 207 107 35 243 763 19 206 500 148 1222 243 35 185 874 243 349 750 880 1117 934 1128 1252 715 1017 49 974 782 4 1257 679 868 408 1017
2419 552 232 496 832 64 239 525 681 1049 552
2420 50 474 440 975 189 43 1393 225 801 1111 226 631 619 554 674 757 729
2421 1445 1216 476 605 1036 84 1 64 142 794 232 106
2422 984 88 67 12 104 542 18 433 318 596
2423 525 80 554 114 930 10 440 794 758 21 273
2424 489 389 90 54 133 194 115 779 133 410 1015 864 382 794 81 958 177 369 781 789 655 875 1051 545 242 349 106 1463 52 520 1015
2425 362 217 1068 1365 207 864 156 541 100 255 328 232 605 297 818 248
2426 232 190 183 179 42 58 349 1047 890 674 648 19 568 107 401 1051 818 1466 182 894
2427 1397 391 64 879 183 213 246 1169 44 892 33
2428 97 804 176 98 913 1171 297 207 1309 131 103 801
2429 160 150 143 289 684 286 47 172 141 214 1017 179 50 113 4 177 419 1017 849 189 232 493 946 485 42 218 619 216 619 91 597 581 239 304 899 666 335 500 1113 1 1298 467 1071 966 1194 474 683 699 155 595 21 728 206 1117 990 1231 539 32 895 589 81 314 907 103 1151 600
2430 977 141 1171 423 362 107 931 138 868 47 932 126 309 418 1033 526
2431 525 252 63 663 608 1226 917 214 917 63 232 1412 323 952 249 232 241 101 239 81 1035 30 879 888 1229 30 713 917 679 1229
2432 103 123 315 789 382 363 240 174 477 1215 262 554 631 507 53 174 1056 75 32 812 545 75 557
2433 248 50 1004 866 1176 1328 1415 21 1001 1056 791 112 620 795 48 641 620 249 412 244 613 179 680 779 1340 216 1448 736 38 572 1165 1167 129 867 519 581 683 718 545 696 898 712 662 812 834 44 38 751 1079 841 182 1229 121 1024 1129 539 667 162 897 21 1164 88 610
2434 458 282 269 150 771 133 13 769 76 117 336 99 126 352 50 412 111
2435 1383 392 630 765 888 819 499 304 1144 896 66 701 1120 1001 834 1157 987 249 203
2436 995 758 778 1146 868 957 434 1210 1271 937 574 1047 255 1216 81 1210 795 919 1136 430
2437 546 1401 1424 485 813 428 640 1036 472 209 333 391 169 85 1384 917 630
2438 872 43 324 963 261 932 407 481 661 241 474 1169 70 535 61 954 852 1068 873 1085 771 358 1258 421 244 763 26 626 218 5 626 704
2439 352 561 787 460 47 85 685 773 26 1160
2440 1130 320 172 921 641 335 864 786 1359 193 91 97
2441 361 794 231 88 923 864 129 877 140 1036 1268
2442 50 324 56 523 336 136 420 80 771 1274 1240 102 184 493
2443 420 88 194 520 428 10 287 304 106 520 482 177 330 220 222 179
2444 488 877 109 131 163 986 131 1240 166 91 186 319 619
2445 23 550 236 262 276 50 456 175 1036 54 436 126 301 123 96 524 401 322 414 278 356 76 64 4 1247 909 123
2446 716 465 259 94 459 782 119 799 668 398 921 269 823 55 1038 1343 447 278 566 566 286 112 262 207 86 147 1104 59 385 452 1028 1081 724 84
2447 814 709 266 832 242 739 674 833 1227 42 553 712 47
2448 128 106 526 1020 177 440 864 1268 71 903
2449 162 349 126 566 232 989 572 142 786 995 544 481 59 54 85 214 864 110 297 52 612 440 929 207 47 1151
2450 1105 774 471 233 112 82 88 1107 1271 771 695 546 889 526 797 792 554
2451 818 924 207 97 525 230 297 1506 912 81 88 794 85 923 112
2452 1075 255 127 37 233 463 864 523 818 794 932 517 141 765 404 129 88 1088 10 1322 525 139 418 767 150 88 114 467 1042 980 97
2453 304 601 336 57 186 112 482 121 107 308
2454 162 244 1111 626 244 177 873 876 232 699 249 1051 1332 39
2455 207 362 234 65 1131 917 578 1194 924 526 684
2456 868 214 335 1285 794 270 240 207 55 263 801 853 820 910 248
2457 230 713 910 794 774 861 912 98 230 979 34 0 794 641 98 142 361 910 786 231
2458 236 474 466 981 68 269 243 76 151 794 268 966 525 406 90 406 85 97 515
2459 560 212 765 84 1286 233 889 684 786 143 1387 47 1182 930 713
2460 861 62 86 483 188 1464 1464 827 689 674 640
2461 980 142 1047 202 91 84 330 930 1082 0 923 518
2462 99 980 50 32 31 273 174 508 32 32 50 1238 86
2463 248 544 255 142 1286 764 207 463 441 909 214 231 466 543 156 361
2464 845 361 644 801 104 630 460 1266 304 840 42
2465 209 765 1168 917 371 362 88 79 708 864 82 256 633 854
2466 910 888 619 666 893 388 660 513 1217 74 662 47 657 249 699 130 75 932 179 106 1181 720 1002 702 899 382 452 533 1024 725 600 463 103 1161 227 6 757 730 780 754 1012 49 84 545 744 539 1047 1057 1112 371 1208 681 1165 765 1010 1257
2467 393 297 430 207 476 122 849 1092 314 156 118 427 273 452 276 544 374 525 348 181 1286 335 207
2468 997 662 653 425 1273 1224 1029 439 172 40 1141 1416 993
2469 44 265 1046 466 91 1240 789 196 186 1040 530 410 431 802 432 789
2470 1178 1100 78 875 1137 1066 553 350 174 533 39 890 439 890 33 1113 672 746 832 182 1387 622 80 1292 904 817 691 406 1063 116 1201 831 5 557 1229 1338 1303 785 737 1375 1177
2471 5 780 168 258 186 1034 174 364 166 76 382 65 242 630 39 1016 258 1048 1068 791 199 1278 415 619 451 127 698 443 553 195 239
2472 207 761 638 476 232 976 184 847 917 430 861 231
2473 257 864 1269 362 490 1287 912 81 10 654 713 112 854
2474 372 1185 1406 778 930 476 248 911 82 142 69 397
2475 6 50 154 52 1353 279 1131 376 309 206
2476 610 443 932 1301 542 1114 314 577 401 1147 1059
2477 1286 1090 1090 759 142 1469 762 156 207 231
2478 868 438 329 134 981 77 489 134 931 331 157 347 37 1068 475 1359 777 249
2479 265 1009 581 31 679 238 199 580 265 239 21 686 634 673 1228
2480 917 236 1170 1246 434 265 525 297 794 248
2481 979 57 767 281 76 405 320 799 263 143 849 452 158 338 474 250 105 1032 77 802 259 135 8 434 132 108 304 1502 196 915
2482 1135 566 300 861 548 367 23 65 523 133 157 315 724 37 121 374 1 779 81 153 746 471
2483 543 430 214 230 317 481 263 335 1469 112
2484 5 44 1020 539 699 21 206 890 1080 896 254 1109 867 1054 600 179 254 577 1448 1010 40 893 33 1047 653 1196 1169 1158 1012 1129
2485 910 230 463 158 804 794 1131 1217 930 1309 234 142 768 231 207 55
2486 794 81 138 924 276 82 1143 335 572 877 1327 1274 687 244 195 648 1079 471
2487 721 189 1176 273 99 6 167 818 98 156
2488 233 847 794 80 861 801 427 864 1107 996 463 266
2489 1404 135 1111 996 341 1440 362 317 80 335 889 266 355 1413 591 104 269 173 734 626 579 508 262 580 898 871
2490 70 272 133 732 494 493 496 681 533 974
2491 67 67 31 504 932 193 1082 601 968 310 727 688 185 1048
2492 991 1105 47 864 63 1056 63 250 63 154
2493 353 18 10 316 199 252 85 88 64 143 440 236 525 351 789 640 432 867 192 1141 155 374 645 420 33 244 318
2494 502 165 1 811 232 1060 33 619 486 746 733 42 653 905
2495 47 349 243 724 865 396 994 347 362 67 927
2496 650 241 42 378 236 3 444 674 1071 244 778 1067
2497 233 713 467 801 91 808 427 854 521 914
2498 667 107 243 232 1017 363 269 64 440 65 19 460 168 260 208 327 412 686 688 431 583 41 304 630 1212 104 1028 634 126 677 581 1111 283 609 568 33 1342 520 38 1010 629 582 308 1329
2499 1030 232 248 554 148 170 1328 639 30 571 1328 170 807 170 765 873 1508 23 1504 707 923 519 191 39 447 1302 590 460 31 674
2500 244 412 8 42 47 143 106 1400 43 1303 717 459 691 779 1375 182 674
2501 232 930 91 980 182 99 274 490 0 794
2502 291 639 713 156 362 106 138 476 762 490 342
2503 305 809 815 88 216 942 372 3 4 340 437 760 572
2504 80 521 232 171 131 255 34 794 273 1
2505 574 393 850 110 845 361 574 523 39 1123 1123
2506 482 1016 1031 650 945 1343 1015 440 410 410 517 1399 194
2507 315 88 219 485 948 269 850 468 524 407 54 365 47 420 468 79 1236 146 466 925 434 263 1343 106 236 1088 194 368 89 133 346 153 129 1001 495 504 101
2508 98 86 938 88 320 81 663 721 521 976 476
2509 1421 813 297 50 388 372 373 521 142 673 1194 904
2510 1001 674 161 185 188 595 133 421 782 230 188 993
2511 923 1426 10 452 88 88 1426 847 643 247 701
2512 146 155 641 112 81 1269 97 21 69 1223 231 70 389
2513 89 428 411 975 599 847 1235 894 493 134 572 19 7 785 486 831 96 894 1387 845 0 958 959
2514 181 804 232 684 1017 910 760 1013 711 80 98 822 207 148 401 795 131 864 102 103 156 808 99 539 10 786
2515 69 621 1054 977 41 86 557 1343 879 35
2516 401 309 700 194 440 1379 381 1480 133 791 245 215 256 371
2517 90 966 232 90 311 488 951 47 263 91 1422 129 311 122 806 47 966 951 668 284 566 434
2518 713 860 146 794 1211 142 801 976 193 804 505
2519 418 847 930 430 476 463 141 89 230 864
2520 467 1426 904 609 656 430 1468 233 792 44 959 731
2521 496 512 235 52 1427 305 1177 361 599 215 1088 1069 286
2522 419 1309 1217 399 156 273 778 679 138 759
2523 79 333 53 106 358 202 10 107 456 141 236 68 97 88
2524 166 342 342 170 1268 119 65 1048 808 30 980 27 791 1034 1001 89 314 174 149 19 566 447 213 474 631 7 232 504 807 358 127
2525 88 97 794 232 930 50 248 362 232 138 926 97 684 230 112 101 88 766
2526 133 108 194 482 258 864 81 248 211 194
2527 313 550 78 441 148 112 1079 310 194 502 39
2528 976 214 320 309 1092 796 427 403 68 355 430 794 864 142 149
2529 1210 671 761 801 112 1113 430 760 930 711 726 768 1241
2530 560 86 868 463 270 232 818 794 560 590 910
2531 31 358 13 480 110 560 10 79 107 112 114 117 770 119 320 1080 566 31 819 7 507 54 194 208 278 211 146 234 853 207 14 420 925 89 295 80 268 802 113 348
2532 378 847 930 80 1342 713 112 55 156 273 865 549 656 590
2533 410 520 71 118 1194 608 248 106 230 751 1082 480 583 1242 1016 239 82 734 831 1085 65 1117
2534 414 283 658 212 716 146 157 303 113 98 424 784 481 451 778 141 930 274 947 392 143 90 771 243 358 118 1392 463 1392 156 1315 212 324 784 658 55 387 303 146 303 153 212 409 65 202 414 131 232 145 1304 339 79 106 515 115 716 107 31 248 654 765 111 118 823 1315 303 716 409 1392 468 156 468 933 107 232 178 215 1311 362 171 1308 936 958 423 1016 958 212 1017 283 107 958 21 545 620 232 238 874 171 1117 1117 7 1117 1249 702 698
2535 196 985 716 52 4 1004 147 704 1146 1420 749 147 639 657 177 358 427 39 683 735 1017 203 109 169 229 1345 662 685 169 1154 696 215 1332 449 1004 26 1418 49 192 639 182 695 744 1293 460 244 841 1391
2536 424 474 639 170 268 93 172 1309 917 778 305 656 81 349 1133 864 276 966 275 424 197 128 937 854 525 202 774 155 96 7 1319 20 176
2537 61 949 615 513 17 240 44 17 636 72 921 636 1152 702 1450 1467 698 179
2538 847 110 320 463 82 395 1082 55 1095 297
2539 1498 544 760 1179 370 549 825 207 463 911 684
2540 234 976 98 309 951 252 53 346 794 456 1431 202
2541 415 50 70 456 268 78 194 354 115 525 115 1288 600 881
2542 732 143 401 64 65 691 595 1227 1129 179
2543 351 121 193 291 596 1239 1224 86 421 552 407 697 483 1052 656 779 662 581 64 739 681 619 1226 1436 518 107 634 757 1337 1500 707 727 739 676 228 737 38
2544 483 351 518 750 427 803 1462 1465 493 877 697 1465
2545 0 143 476 539 684 112 232 34 362 713 976 597 231 1066
2546 485 763 1242 142 698 65 86 342 414 104 182 781 1017 816 47 485 31 1017 539 21 414 330 138 221
2547 207 625 142 804 427 930 463 430 98 1114 980 255 623 794 450 263 848 768 81 348 1298 467 684 920 1082
2548 864 0 138 203 818 276 502 760 179 1431 854 319 523 656 248 760
2549 421 520 194 420 320 206 873 412 54 466 107 93 243
2550 605 795 290 761 1182 656 362 1210 980 230 88 372 138 270 82 837
2551 794 713 1176 873 297 525 708 663 863 143
2552 415 1046 465 268 58 90 126 214 115 186 1455 165 440
2553 430 476 864 221 1223 1386 1286 438 1176 996
2554 10 90 1082 358 195 199 54 917 291 74 958 114 88 951 194 232 482 1300 131 362 266 521 1239 39 148 97 71 354 80
2555 1132 539 81 27 136 679 419 174 732 493 79 266 847 1195 1225 88
2556 925 924 142 10 713 1039 980 864 362 801 248
2557 501 1211 250 989 1138 543 940 55 132 288 1138 216 554 500 1174 224 1307 1250
2558 289 794 762 909 864 110 330 248 136 207 58 273
2559 804 825 110 55 1039 1185 930 430 721 427 88 1165 440
2560 78 54 249 889 886 191 866 772 923 696 903 1334 460
2561 476 110 230 380 603 808 976 847 778 1354 726 230
2562 539 232 112 864 684 792 794 965 1013 230 909
2563 143 97 248 543 111 274 112 80 131 780 31
2564 910 233 794 523 818 823 234 864 325 142 0 88 801 440 232 854
2565 930 70 458 243 126 320 251 414 172 157 442 324
2566 459 853 52 174 791 1213 698 342 318 561 1104 65 223 232 239 629 564 156 581 106 147 92 699 1068 485 520 1154 420 273
2567 115 623 90 782 781 1219 476 100 80 88 230 58
2568 794 818 297 917 129 335 248 361 925 380 142 612 713
2569 542 721 633 613 148 80 518 613 622 778 1377 660 660 818 622 818 342 818 554 663 919
2570 452 348 922 308 1309 370 142 110 162 395 163 957
2571 230 909 335 263 472 910 463 1082 434 335
2572 1223 142 871 1286 794 873 162 50 1090 688 794
2573 135 255 81 393 1311 263 397 889 802 864 767 721 505 597 81 172 162 802 851 433
2574 794 910 713 34 1095 231 1039 782 248 187 801 979 174 597 486 440 97 106 828 136 131 1190 236 168 103 45 419 88 572 499 273 75 963 1364 830
2575 1084 389 155 392 216 323 585 1374 1054 1088 66 629 331 819 65 52 873 572 129 110 1035 493 295 30 819 652 699 757 50 1328 440 1128 763 647
2576 663 521 776 91 497 818 794 828 792 92 439 930 476 679 539 1017 684 760 232
2577 910 1321 233 142 388 441 263 525 762 430 156
2578 639 88 248 232 684 112 619 440 131 75 804 1340 110 545 174 97 525 419 156 136 486 98 142 397
2579 315 142 332 794 97 214 295 262 864 525 50 268 909 819 13 114 232 208
2580 765 523 525 684 1104 1036 362 101 397 476 30 765 523 129 1036
2581 112 786 99 189 56 248 308 131 80 684 10 336 21 713 138 684 232 684 2 74 609 174 86 1357 961 720 554 1115 568 1115 560
2582 770 129 990 162 352 440 684 476 352 401 566 685 10 932 827 1 1389 518 667
2583 88 97 236 440 1036 525 684 69 889 766 818
2584 578 889 813 133 1286 156 112 65 248 794
2585 1495 440 792 50 889 64 136 230 143 684 554 619 106
2586 388 633 875 1178 263 75 112 156 85 600
2587 909 467 430 525 88 112 794 818 832 403 297 297 863 764 792 1378
2588 491 98 549 1419 519 871 1271 399 239 378 284 976 1131
2589 378 524 258 1081 386 1122 440 35 1016 1186 1015 958 1032 50 831 1416 1357
2590 371 231 268 311 202 1085 1085 989 489 129 1075 684 515 264 392 107 310 236 153 806 70 1085 375 193 515 289 89 358 300 109 85 352 639 240 97 57 78 358 946 101 934 434 819 865 413 406 765 946 869 194 1075 122 489 232
2591 1343 94 322 517 431 282 68 894 50 339 272 350
2592 100 794 273 918 232 88 1171 207 113 99 105 112 152
2593 31 8 37 54 179 19 772 724 20 223 179 74 30 656 666 49 1075 117 666 425 179 609 626 619 218 590 244 600 688 138 284 1403 1117 3 399 106 626 660 1043 347 241 676 1233 773 552 1050 318 45 188 694 623 52 1116 895 961 86 600 709 203
2594 544 731 915 1234 944 1484 940 361 1502 944 809 721 110 1100 759 971 348
2595 815 47 467 81 216 179 452 64 1169 10 421 574 77 459 829 459 391 952 331 188 485 748 831 476 85 432 801 554 770 518 440 96 44 50 1224 320 1029 866 1108 952 1307 239 794 143 568 609 240 26 993 239 520 107 557 695 1060 33 33 529 193 644 1073 833 129 595 70 757 215 1115 643 812 244 520 72 185 75 685 78 744 513 525 1156
2596 695 476 930 778 55 142 98 1216 332 325 156 263 397
2597 864 110 430 684 1075 445 142 231 110 140 1355 66 324
2598 90 1171 112 105 801 917 158 820 153 349
2599 281 260 4 1422 240 298 115 1442 84 52 246 1014 84 561 398 244 770 64 47 1141 284 425 96
2600 1506 777 859 439 348 1488 1024 1441 1434 554 196
2601 207 127 141 1455 599 505 81 397 248 84 463 1171 801 1469 146
2602 163 889 168 266 440 996 21 829 894 883 572 656 391 640 351 1046 270 166 43 567 1066 648 149 1307 607 553 554
2603 751 80 440 867 474 322 787 734 1193 70
2604 361 774 804 1038 796 1241 525 55 794 34 99 1371 233 549 1165 232 190 174 539 1210 1019 156
2605 204 216 787 952 802 476 894 1122 928 896 708 244
2606 939 88 255 1286 231 1179 935 383 112 277 786 207 822 854 335 142
2607 310 923 250 173 621 248 231 601 274 1090 115 1030 1232 415 54 751 65 424
2608 794 954 1245 768 266 1090 526 1217 231 980 1370 235
2609 259 281 280 236 966 804 234 362 358 158
2610 248 81 864 98 909 112 230 128 818 1038 549 55 395 156 176 467
2611 762 1165 804 65 236 106 440 1421 794 910 232 729
2612 238 1323 626 667 751 910 68 1397 735 1024 244
2613 133 96 80 290 402 845 402 808 491 827 1068
2614 342 1082 50 590 129 1232 1342 619 1095 315 74 917 1385
2615 378 1502 146 1382 769 1091 63 1221 250 1034 632 772 342 172 1191 946 30 249 129 1146 255 65 1390 866 863 650 888 217 1024
2616 69 231 762 81 794 450 543 407 184 476 796 372 0 1187 297 273 320 574 828 361 142 207 795 797 792 863
2617 183 430 619 232 355 500 887 507 697 430 1200 88 148 330
2618 471 412 391 1003 1 1193 554 249 717 712
2619 463 177 107 579 419 718 575 1006 42 223 704 690 818 242 63 521 880 72 1116 26
2620 982 775 1225 1101 1374 443 460 232 480 656 204 101 648 896 78 41 1084 268 333 1122 654 69 16 766 1144 951 5 1155 1376 30 835 177 84 485 1505 459 728 1389 775 629 1380 197 253 447 317 1141 284 203 1268
2621 896 85 1054 686 952 76 673 832 687 1408 236 50 415 636 257 78 1003 97 554 770 757 1059 747 197 197
2622 564 248 88 5 347 476 250 112 113 174 794 801 10 818
2623 473 133 808 182 630 808 153 240 650 26 946 786 606 699 763 41 239 647 1169 1370 691 959 1045 517 156 683 229 650 888 1415 602 724 138 823 221 39 1117 585 670 552 725 243 223 1328 889 1125 92 241 932 333 243 1504 246 991 249 1016 425 991 165 1157 1122 1327 362 1415 178 47 1152 535 945 569 114 1496 1169 718 1151 37 412 1075 273 692 1443 1491 1433 639 1114 921 750 1499 84 350 463 519 1389 834 732 898 1147 1452 1511 1052 137 905 1216 1204 985 898 932
2624 295 1036 200 1374 146 1000 438 1001 1084 970 1088 1069 1035 1456 551 1076 1153
2625 85 440 117 382 630 535 179 286 432 1109 504 384 1393 1301 572 135 1017 47 284 440 21 750 226
2626 849 795 847 255 794 909 760 623 1095 233 976 388 1452
2627 46 236 190 932 67 981 899 656 1022 786 778 10 1299 525 1491 1024 778 464 33 147 194 835 1201 830 1167 687
2628 1298 786 794 430 1287 590 231 207 362 669 853
2629 1302 713 30 430 41 317 914 980 818 765 112 639 142 126
2630 81 1271 433 1212 202 816 82 142 255 1022 234 863 439
2631 112 269 170 1038 137 751 443 458 587 587 459 644
2632 274 88 167 1358 106 96 1078 317 1304 112 218 129 145 658 174 808 749 432 981 1043 215 94
2633 959 1418 1349 1119 791 699 852 1145 675 554 897 568 1162 49 699
2634 792 790 236 864 65 97 490 65 142 85 792 50 47 236 440
2635 84 46 333 129 1247 98 358 790 351 474 778 298 79 656 818 63 144 107 1312 112 133 781 226 781 1015 52 85 124 115
2636 864 93 566 140 297 1354 671 1472 850 47 1505 909
2637 930 1107 1082 864 713 872 713 525 794 818 80 174 471 539
2638 107 577 115 236 1269 88 85 104 269 70 143 96 80 321 116 54 265 194
2639 760 372 343 319 1406 142 138 873 539 189
2640 909 577 331 302 8 926 334 1104 210 423 476 423 307 195 869 194 362 332 1271 804 315 50 186 99 415 232 363 69 589 549 478 1206 278 1301 610 269 1270 361 20 149 42 421 189 600 516
2641 873 1175 1221 542 917 47 143 310 93 630 915
2642 794 685 593 1023 300 281 194 870 866 1145 763 1003 1024 412 351 38
2643 929 434 142 713 292 34 1212 276 263 794 55 377 438 549 472 404 10 778 549 202 325 361 909 210 930
2644 801 142 1271 1022 794 778 656 818 1051 794
2645 89 115 310 977 54 47 123 313 269 577 143 84 928 1084
2646 1090 393 1187 1406 782 794 207 142 55 439 864
2647 112 758 544 1182 762 231 794 156 818 976 870
2648 452 206 320 721 380 493 361 129 196 877 213 188 889 106 725 185
2649 914 818 430 575 722 722 362 249 232 394 31 30 64 227
2650 861 751 1 84 904 554 430 112 50 1426 1114 572 748 80 350 5 1375 182 919 662 38 773 1060 244 695 678 74 259 687
2651 925 860 89 10 889 776 207 335 236 794 156 168 910
2652 317 69 389 817 335 360 930 361 889 263 760
2653 335 266 97 72 155 467 473 1419 9 1165 1009 378 128 747 64 987 770 572 558 1433 1044 1349 1434 84 242 916 120 1437 1161 1330
2654 319 229 485 281 248 623 549 128 1132 1114 311 148 635 781 155 284 236 786 871 911 549 1320 668 252 1275 958 205 789 229 871 871 372 1016 1093 92 518 88 524 801 232 425 143 866 814 52 440 682 49 1307 65 1290 207 1008
2655 198 485 199 115 525 1014 111 73 777 1113 117 568 1043 493 1385 1470 485 1204
2656 213 695 7 190 724 74 420 843 216 1156 648
2657 194 291 232 67 451 791 65 243 786 1476 609 70 638 569
2658 148 572 929 213 751 695 876 982 951 904 1000 241 701 1379 1302 217 33 115 927 738
2659 47 78 1238 932 52 474 519 194 1141 554 81
2660 636 133 241 1051 1023 949 362 831 50 338 688 525 691 832 554 686 748 143 46 613 1158 85 1375 754 1338 734 38 338 744 1006 905
2661 231 764 207 909 804 142 138 937 98 320 230 801 910 823 271 924 393 146 81 917
2662 786 131 560 231 924 113 490 912 801 248
2663 304 54 236 149 274 338 491 512 52 118 160 289 1079 50 10 346 232 1177 420 199 89 831 1020 69 1331 638 106 650 47
2664 50 1140 824 981 351 146 424 465 844 374 353 250 641
2665 79 219 315 304 65 367 596 61 416 925 236 107 166 521 482 1034 202 770 333 125 182 69 150 1275 958 949 284 224 39 493 419 410 482 779 21 631 205 35 698 244 1114 224 78 662 746 985 73 137 739 1303 1181
2666 925 792 248 574 88 1340 1171 1194 97 232 765 75 261
2667 128 922 233 291 230 236 713 430 138 910 947 231
2668 817 97 520 1186 232 153 199 831 246 1380
2669 112 474 786 818 273 617 641 277 112 617 273
2670 1133 234 101 1454 476 1036 421 1015 467 89 473 1039 596
2671 57 321 1422 8 989 310 413 1422 97 91 966 550 236 79 96 129 868 302 301 115 414 302 119 1218 323 977 287 123 137 577 329 156 318 149 199 566 91 254 622 19 609 1049 412
2672 631 526 406 1020 410 1440 525 504 572 440 1072 1458
2673 1479 34 622 1302 786 609 399 74 244 626 1109 456 446 10 310 232 684 248
2674 706 706 194 213 236 706 709 81 194 473 1233
2675 992 109 194 132 294 773 927 185 518 269 987 1108 143 802 1004 33 133 41 18 1173 236 106 88 1004 110 460 657 1014 801 873 254 244
2676 696 143 47 1071 459 1332 130 459 143 951
2677 922 1187 1025 778 916 1187 1175 7 139 372
2678 81 320 844 98 270 207 142 1286 434 380 233 778 924 560 232 320
2679 57 10 268 248 80 135 14 1036 27 713 1036 54 248 315
2680 319 605 1488 226 576 110 911 340 633 348
2681 1354 695 1287 1441 917 110 470 1246 430 969 348 343
2682 60 154 78 232 421 366 962 791 140 495 179 330 467 381 126 1320 69 1402 202 562 121 433 94 1043 61 177 441 147 239 97 297 625 142 322 315 621 1031 407 65 1088 361 603 510 1036 13 116 199 620 1285 448 236 224 646 551 107 453 1102 949 1163 67 219 284 290 417 391
2683 1114 388 1114 656 774 1455 792 187 868 997 14
2684 440 925 44 872 721 361 521 88 1066 82
2685 1017 925 110 91 231 130 476 408 207 270 794 430 130 207 787 80 777 476 150 150
2686 605 929 1021 751 44 137 1051 112 112 138 674
2687 770 554 643 1238 676 600 463 174 1117 678 47 1303 905
2688 248 430 684 794 231 112 930 762 917 924 232
2689 861 864 234 430 1095 248 110 523 1371 331 909 684
2690 169 186 168 278 821 216 366 443 282 626 647 1157 666 836 242 1489 901 838
2691 112 1090 1360 233 230 924 131 909 1269 804 794 142 930
2692 979 209 853 81 1217 1361 463 767 868 276 271 31
2693 143 98 286 53 278 231 532 739 382 629 1453 437 114 153 65 199 577 736 519 1303 1495 195 513 85 236 1138 39 34 106 577 65 258 66 30 643 708 1434 903 626 38 366
2694 1491 1051 1051 1024 1066 242 839 684 833 1201
2695 280 121 406 521 218 137 415 91 406 102 406 678 406 1399 1399
2696 925 381 440 635 868 44 1225 778 1023 521 4 755 1437 10 235 399
2697 47 818 1177 92 52 268 392 871 362 947 37 141 1363 166 794 793 561 929 153 1312 354 865 698 1481 85 1081 1409 229 349 0 1201 835 782 1333 242
2698 232 539 81 710 1075 684 639 769 98 401 230 150 248 254 80 297 85
2699 687 47 8 162 254 682 595 728 170 1387
2700 232 50 831 10 463 577 630 474 236 239 420
2701 203 50 1146 196 254 44 18 5 1387 813 552 132 254 5 44 425 1342 5 928 1342 63 1387 807 687 1284 467 46 613 1047 518 18 30 868 276 889 107 276 868 52 667 33 868 868 5 431 894 1072 813 17 119 33 1496 728
2702 248 233 232 804 619 863 122 713 656 171 554 112
2703 466 423 794 153 443 57 336 1 406 358 124 474 406 248 309 482 192 103 440 76 485 116
2704 143 467 10 440 488 829 864 112 232 452 456 88 248
2705 782 112 782 843 1393 0 167 182 521 186 598 1431 1190 39 456 220 179 502 622 1143
2706 698 724 765 724 109 366 781 47 452 37 8 698 1408
2707 333 936 440 50 787 54 41 72 168 455 1215 485 186 872
2708 226 619 44 651 239 554 609 1066 1331 674 1282 674 206
2709 202 980 141 38 33 707 1357 836 1251 715
2710 1086 871 284 456 112 106 13 91 782 782 656 623 145 126 324 456 427 324 823 1231 427
2711 1050 782 885 597 910 1195 895 606 1195 419 907
2712 340 337 368 644 331 899 933 587 1440 65 132 773 148 149 230 232 552 150 534 1404 709 70
2713 33 552 763 112 1051 619 239 304 1413 104 1435 619
2714 69 581 661 440 909 450 395 532 50 569 638
2715 513 244 155 114 199 1001 283 185 770 620 446 208 668 259 467 749 687 128 346 110 88 300 143 867 290 1307 635 579 326 1486 556 450 612 132 398 47 610 1213 566 287 827 867 405 275 126 379 684 826 452 1307 879 941 780 153 634 526 169 880 1030 1060 324 64 683 17 751 387 980 3 512 1213 459 1427 1125 620 29 681 74 244 448 985 1471
2716 295 156 918 10 394 374 930 292 76 197 429 463 146 131 932 868 463 260 351 624 452 405 61 977 506
2717 90 440 440 244 35 226 338 1053 1053 188 1122 961 841
2718 194 962 202 118 269 362 1188 361 207 77 54 129 440 41 432
2719 1409 1409 81 403 818 248 325 1 362 794 112 914 804
2720 81 174 5 802 767 932 276 248 297 924 807
2721 437 868 230 463 925 100 136 930 320 1298 66 1133 162
2722 968 177 99 412 166 488 179 993 136 1429 265
2723 1068 1298 251 721 297 1469 273 234 871 98 328 669 231 452 762 796 277 818 34 142 88 427 976 207 794 864 156
2724 639 1078 346 97 50 921 550 211 365 510 975 414 511 100 1384 61 366 630 258 475 424 155 460 1 778 1462 520 268 1373 641 1068 193 1342 923 350 268
2725 10 794 230 334 322 930 181 808 372 639 818 138 234 156 539 519 112 641 430 75 88
2726 147 112 39 281 61 781 346 13 4 72 899 1400 657 44 412
2727 81 543 81 320 476 142 476 695 1013 81 1165 1002 196 1382 101
2728 684 440 230 362 1 1426 1090 804 235 917 879 430
2729 490 639 248 1082 1195 358 189 70 236 440
2730 362 248 415 129 47 117 786 354 75 56 577 763
2731 34 191 523 230 1450 476 873 141 47 130 476 1113 1370 1073 1248 1491 590 1073 137 1355 1370 48 526 980 1393 851 971 1460 92 823 675 60 656 1378 48 971 914 1450 1073 1353 1491 596 679 138 1302 1426 1487 1027 138 399 86 1068 914 1176 1426 138
2732 985 69 69 69 67 69 202 194 229 226 487 899 115 1045
2733 415 242 420 5 21 1014 174 336 619 440 681
2734 190 1195 1195 681 183 48 739 702 746 839 838 1012 1200
2735 507 363 236 336 427 366 269 550 129 99
2736 427 794 1393 521 909 873 112 782 619 713
2737 438 436 529 302 399 521 37 285 721 162 420 367 110 1235 1109 243 746 794 268 355 320 845 188 236 206 189 190 493 304 39 92 308 572 782 94 355 814 1127 885 50 132 667 244 920 750 241 77 867 179 1125 185 920 699 620 323 384 184 984 44 1044
2738 525 782 103 1217 206 1377 189 531 679 539 502 1340 1478 1393 1386 1465 1033 283 886 148 187 778 976
2739 138 273 234 947 804 823 1210 1360 182 233 860 231 639 505 207 1212 146
2740 463 1421 502 1105 399 778 112 399 1421 663 1216 182
2741 100 86 88 452 70 105 88 601 113 80 91 275 1116 1163 815 205 119 668 1213 130 100 10 801 80 767 107 137 129 259 1206 815 869 61 1270 423 121 96 115 279 799 986 441 292 163 196 529 64 1461 123 459 0
2742 524 421 464 165 963 1043 282 1218 18 474 81 916 91 106 269 1122 572 107 163 830 196 789 168 123 266 829 550 557 632 831 42 160 10 1168 184 10 287 432 1323 1047
2743 854 809 231 663 864 1421 861 361 1022 1286 1298 403 1506 1417 588 925
2744 566 412 779 199 410 143 482 831 174 91 291 216 75 182 1017 420 35 478 518 500 945 21 619 440 1003 554 181 1119 32 63 1300 579 185 875 197 349 875 39 609 347 424 188 244 155
2745 685 226 656 810 713 656 909 362 713 1111 792 476 1090 138 713 1430 711 1301 232
2746 112 818 283 88 404 283 156 1271 434 248
2747 8 117 782 113 86 162 110 310 153 315 415 282 155 354 554 932 780 1233 194 712
2748 81 930 463 490 804 277 456 112 273 233 860
2749 641 543 456 5 230 23 778 366 54 371 520 143 439 230 532
2750 976 167 248 818 113 713 801 371 328 262 521 1135 786 864 97 266 543 88 34 813 430 782 232 230 1370 96 1013 174 1105 174
2751 85 143 21 1242 179 236 1307 641 680 26 642
2752 447 122 181 160 713 65 113 795 112 162 166 183
2753 230 270 566 656 217 9 846 165 1017 1307 416 174 147 248 42 685 410 696 37 508 746 1071 21 174 1068 1247 460 131
2754 230 112 430 233 924 335 434 207 143 273 156 863 142 231
2755 724 199 1 117 852 265 1110 347 323 291 384 481 1190 268 39 630 623 194 61 872 592 845 483 1020 1101 1156 160 362 889 80 1429 1034 206 121 164 1210 763 562 336 808 30 1114 37 333 414 66 593 353 47 1035 284 50 687 452 392 534 552 679 244 196 17 566 249 1197 1182 883 879 812 916
2756 107 801 292 248 206 61 313 460 781 1005
2757 909 362 909 110 262 765 239 129 248 684 782 1450 80 718 138
2758 919 679 792 80 156 525 804 904 248 847
2759 910 202 980 393 343 138 713 1211 255 207 136 864 794 430 623 128 1132 98 438 930 138 774 146 1469
2760 430 231 794 909 135 851 427 861 713 760 930 81 976 854 80
2761 266 202 169 443 248 198 1045 245 54 3
2762 1211 233 66 81 328 459 780 490 1214 211 365 97 268 114 207 341 301 192 808 782 469 126 412 481 385 424 149 13 179 566 114 627 439 192 217 196 315 268 423 199 1169 232 206 258 242 460 475 201 471 440 76 382 1411 1168 39 817 467 246 177 19 168 189 224 91 456 1079 548 351 31 108 656 401 963 513 220 72 502 716 1 488 24 50 310 601 476 399 206 972 504 223 239 33 154 535 4 363 47 174 748 839 1440 415 188
2763 193 910 1309 122 80 156 909 1335 476 639 778
2764 978 70 622 563 1005 767 765 57 563 962 57 1045 1265 268 269 622
2765 131 83 419 474 151 977 346 440 167 135 648 351 372 229 181 801 121 961 5
2766 363 452 927 463 560 114 175 713 163 75 182 447 100 130 363 109 782 1177 469 19
2767 794 232 463 786 233 947 804 81 99 142
2768 1441 925 605 395 794 343 1459 1138 297 755
2769 335 669 383 1095 633 207 1406 233 334 343 1132
2770 233 142 909 863 778 297 230 804 1107 207 1455 122 768 270
2771 349 425 170 259 934 936 630 421 443 50 121 315 693 504 77 133 78 1374 311 132 1001 65 236 932 300 629 683 182 647 132 1023 1266 1137 249 21 834 114
2772 47 166 921 484 50 280 1156 181 73 1029 562 1079 353 789 94 846 44 414 552 575 97 1190 65 427 504 132 791 10 69 572 521 295 71 569 779 533 419 502 161 1326 1073 568 1192 595 583 185 619 666 1193 699 590 679 182 539 27 661 1225 1113 1056
2773 866 806 1101 179 46 1169 1273 1251 554 1065
2774 185 773 665 226 132 566 242 254 832 85 425 179 425 899 150 713 138 1141 40 945
2775 192 643 115 654 262 569 906 579 748 566 192 535 286 132 352 1199 1154 115 184 286 452
2776 106 456 789 456 521 792 179 813 539 430 813 0 695 430 977 1478 436 786 388 521 913 776 713 868 794 639 1224 1146 247 1128 1265 1488 1469 809 639 861 437 95 1255 492 720 438 860 795 868 536 176 1488 314 179 106 521
2777 801 1503 679 433 248 232 138 873 1111 792 525 50 847
2778 579 1303 1008 554 174 712 412 115 898 33 38 76 244 84 653 928 903 169 595 47 839 371 691 886 88 256 21 39 249 143 258
2779 786 82 370 430 656 864 794 202 54 59 262 88 68 112 170 240 1130 351 264 70 302 1206 119 275 401 110 76 84 1078 331 819 321 78 550 194 115 577 10 106 79 41 53 474 121
2780 187 129 799 782 355 10 1025 236 172 84 1017
2781 490 686 463 345 823 727 1068 720 631 1027 639 133 447 476 362 1302 955 794 39 283 363 980 1145 39
2782 525 440 889 52 440 828 675 82 486 381
2783 362 235 440 504 414 1 432 43 474 106 818 88 334 761 500 860 174
2784 181 156 233 136 786 88 112 794 142 232 813 255 713 230
2785 523 873 236 81 418 914 1286 112 794 99 521 917 784
2786 103 488 64 160 111 468 423 313 282 57 300
2787 55 794 1219 142 818 142 1131 151 439 956 233 103 27 578 954 476 847 782 498 297 597 980 873
2788 18 297 778 572 815 444 1240 1224 336 5 431
2789 103 217 746 695 307 63 587 593 963 352 68 781 35
2790 799 338 42 72 800 421 188 179 201 502 201 21 619 978
2791 275 143 1088 1069 51 77 467 1427 1089 435 455 1273 1080 700 252 398 1085 1281
2792 525 90 428 1170 88 412 155 214 143 259 932 10 115 962 124 1177 697 291 533 20
2793 1212 638 649 687 129 230 142 1286 994 699 1038 81 639
2794 1033 382 223 1112 583 460 1128 1166 598 1172
2795 440 975 1184 525 372 1223 762 112 792 230 88 248
2796 520 993 39 110 110 667 165 606 520 715 1015 137 54 110 165 763 587 993 33 1017 644 272 1336 202 525 21
2797 639 976 128 230 864 231 112 794 142 110 395 930 786 804 912 1090 802 525 88 430 233 871 248 78 236 371
2798 76 132 143 1017 108 121 3 275 52 566 74 250 42 1299 1154 554 250 112 1100 893 1504 674 674 1182 1066 684 1242 1472 254 21 841 324 609 837 1248 1201 727 1181 1181
2799 112 231 234 248 182 849 149 598 118 1300
2800 1310 281 1310 138 308 243 4 656 521 566 112 174 452 460 1028 851 1454 31 598 459 635 1154 248
2801 170 1108 1157 26 1073 401 392 647 728 318 250
2802 539 399 131 1509 554 229 1307 99 243 345 623 40 80 1330 569 649 687 1194 757 1010 734 73 499 1303 834 74 619 1206 906 702 5 74 85 1328 1159 1509 1303 1357 702 228 273 737 1328
2803 708 143 1024 798 665 1024 1034 1228 959 1034 244 910 253 440 174 641 223 1307 1051
2804 525 148 54 83 346 80 39 653 611 330 609 179 199 155 1006 585 681 149 149
2805 1379 203 452 47 63 818 311 315 1231 572 572 250 1137 256 401 349 64 1440 1002 347 331 249 917 206 1068 74 585 143 1226 1137 692 447 250 1511 261 1154 112 445 217 33 696 1420
2806 786 320 1286 156 521 88 343 142 796 1406 490 590 70 980 911
2807 1426 440 98 890 1179 778 1021 1426 792 1360 875
2808 98 861 778 233 136 27 786 1114 266 947 1309
2809 954 146 1025 1210 126 804 233 543 476 792
2810 801 325 207 182 307 609 399 131 1230 710 631 1450 597 619 873
2811 55 309 1095 383 804 235 1353 320 350 88 550 909 348 1022 81 233 822 849
2812 81 794 88 818 1271 138 641 1225 1340 1416 554 1137 782
2813 671 578 954 925 1038 231 1342 930 274 943
2814 106 521 110 916 202 894 685 47 1300 460 86 656 231 248 229 399 280 1316 129 460 1122 696 346 806 1143 443 30 1071 119 1085 1085 724 1238 278 818 560 84
2815 778 554 873 430 307 53 543 525 1370 572
2816 82 1477 37 433 525 81 794 248 88 397 88 1036 150
2817 527 785 1387 21 525 611 76 464 486 165 239 432 262 486 93 474 216 553 338 107 1183 1016 464 76
2818 355 433 337 206 623 760 207 179 232 802
2819 103 418 68 418 91 577 782 194 167 474 133 779 263 106 116 137 341 410 65 481
2820 930 1377 181 760 818 167 428 563 864 182 818
2821 1082 329 248 370 1085 324 590 135 303 910 207 10 142 141
2822 560 823 230 81 864 804 231 768 234 110
2823 910 794 248 232 910 55 1342 142 490 231 848 1286 713 910
2824 1287 1421 106 1287 1421 864 1230 1277 1286 909 794 362 106 1230 1459 172 980 217 396 362 1100 688 249 391 174 110 863 110 595 622 554 1066 107 425 1491 1370 1142
2825 781 635 976 956 4 248 112 397 90 924 311 1176
2826 81 248 156 189 732 430 799 525 273 415 802 488
2827 521 1225 864 88 619 1231 430 755 919 1202 605 990 721
2828 172 37 452 94 794 84 910 790 1038 81 112 143 8 1038 452 182 196 115
2829 248 232 112 776 539 136 273 782 521 21 464
2830 115 48 480 1145 685 718 1145 1 1085 110 1085 203 490 1242 1433 1242 1281 1397 232 578 613 727 1397 480 110 110 269 1397 244 1085 1145 1242 1397 1242
2831 595 8 174 1105 26 1284 483 746 832 197 680 554 691 401 269 526 1328 1194 518 382
2832 430 794 795 1210 470 30 1354 684 909 612
2833 415 240 525 281 205 802 351 262 262 966 577 977 649
2834 80 80 598 713 589 182 1326 756 80 916 171 171 394 80 4 713 80 589 171 171 394 171 27 27 27 171 171 171 171 394 713 80 27 171 248 756 171 248 248 171 80 248 171 171 171 248 248 171 171 160 171 171 171 171 171 790 171 171 790 171 171 790 43 790 136 171 27 171 80 1105 27 171 790 43 4 790 790 790 790 1179 790 790 136 80 790 308 790 790 964 1171 790 150 1105 42 581 85 790 1105 1179 790 203 979 790 1359 156 790 790 713 790 979 171 171 790 790 1105 178 171 790 171 790 171 790 116 171 171 790 1328 790 171 790 1057 790 862 720 790 790 790 1019 979 80 1499 141 790 790 80 604 790 790 80 92 763 1171 80 790 790 187 187 187 790 679 171 505
2835 684 794 248 112 847 182 143 863 230 957
2836 663 1105 463 1426 230 1370 675 82 794 248 143 663 755 143
2837 794 1013 476 128 193 873 554 575 1374 112 629
2838 776 234 476 778 820 92 142 233 817 1245 236 463 248 490 713 82 786 98 980
2839 1370 864 1075 909 525 818 801 277 463 849 764 1212 233 684 207
2840 779 1442 561 194 80 790 921 344 259 932 991 10 415 69 382 35 115 112 864 679 121 44 1071 575 564 1178 84 179
2841 596 127 1017 21 174 19 179 1017 713 80 1090 141 713 248 619 22 24 142 74 4 4 112 609 25 1300 324 631 684 622 631 66 39 330 483 82 399 976
2842 72 456 979 419 336 45 45 1003 463 1100 539 997 189 1066 963 168
2843 490 521 550 430 106 112 330 24 232 75 977 415 79 248 490 21 521 622
2844 1501 363 554 173 1051 739 691 346 133 33 622
2845 58 596 877 566 575 4 4 174 904 26 561 490 1105 710 1332 595 1145 141 248 1171 143 1357 561 1114 586 31 1114 143 744 39 31 149 710 425 229 133
2846 430 278 474 114 979 864 1212 823 232 156 768 549 407 569 184 1036 713
2847 172 1146 1146 1486 3 617 748 249 1467 688 692
2848 936 1490 169 962 78 504 1343 966 557 1032 1118 421 864 143 59 1218 1329 1513 1227 1415 623 1266 621 33 107 887 30 440 254 1056 310 1258 1060 554 195 246 57 133 170 141 236 33 338 5 583 206 950 1513
2849 339 381 499 815 1046 129 391 333 1028 338 194 54 338
2850 54 129 154 196 381 130 74 1405 529 129 648 443 280 401 763 258 186 1109 1 65 215 133 716 223 1480 708 702
2851 216 1046 209 572 493 110 65 1001 613 613 1035 467 254 647 724 447 352 447 620 1146 896 1182 30 196 699 50 735 244 798 33 440 525 725 789 249 1074 1074 1167 851 252 13 1206 1156 679 718 1295 1391 253 699
2852 244 244 163 315 115 47 232 185 765 143 1 1375 412 905 141 230 80
2853 52 230 1258 195 215 188 196 648 408 318 114 59 272 314 511 1303 194 526 143 401 518 667 746 651 147 566 172 425 474 315 727 270 185 245 1 10 780 232 864 327 263 207 335 50 397 156 142 481 581 532 1151 475 177 177 1319 1227 425 172 57 493 179 1085 554 841 387 480 410 730 1437 768 1223 244 1182 730 709 827 1343 30 1510 1291 1266 744 1242 613 1244 17 76 1349 595 1415 1256 1350 474 519 692 1016 842 644 753 248 1508 203 487 900 17 228 150 1154 9
2854 155 566 18 566 61 554 566 188 619 179 58 1114 363
2855 122 1217 1113 762 925 544 236 163 434 867 463 304 661 714 694
2856 778 755 863 1453 361 804 663 861 141 85 742 328
2857 276 249 26 223 791 850 566 520 834 771 33 683 653 886 304 525 609 78 1389 1154 866 1162 525 840 554 699 38 1203 980 1203 447 1010 696 106 1105 1162 757
2858 244 202 619 525 199 554 78 773 702 773 81 202 199 1151 581
2859 88 641 762 80 146 157 864 1130 10 818
2860 115 47 177 288 867 216 496 20 700 561 26 460 1012
2861 121 13 391 196 415 4 117 160 164 278 878 407 37 54 436 106 1143 985 116 94 1183 1044 1047 3 406 1305 580 600 1332
2862 980 1473 871 549 112 287 1309 778 407 1226
2863 106 428 525 239 620 432 1226 97 262 76 412 553 932 154 730 595 981
2864 656 794 758 597 873 1309 590 1176 590 589
2865 65 932 521 239 579 643 50 463 1283 232 133
2866 1382 433 196 248 91 397 231 64 773 889 477 636 437 572 891
2867 170 489 261 115 358 236 401 54 274 50 302 47 110 819 13 280 366 97 299 333 124 351 336 88 202 80 342 248 975 194 801 525 751 476 1078 789 778 70 962 246 423 240 370 654 410 4 320 346 156 90 829 107 219 421 983 524 779 186 177 440 521 868 216 428 746 179 520 315 958 1169 852 477 67 164 197 483 414
2868 181 129 142 786 232 925 930 762 50 1038
2869 358 231 362 654 143 106 713 1105 832 1010
2870 778 816 110 325 1286 434 476 764 801 4 916 857 307 320 804 1469 1396 235 142 98 276 128 1455 1095 669 578 138 1298 335 916 493
2871 88 291 79 577 1078 351 366 112 129 464 829 106 391 124
2872 1165 236 334 541 266 391 231 64 297 441 207 88 472 335 802
2873 726 569 1096 50 605 239 55 350 864 805 920 695
2874 467 93 659 25 234 239 181 963 554 529 684 391 230 1044 980 871 1324 150 798
2875 131 309 590 181 136 233 430 88 721 663 910 1290
2876 1216 765 1166 801 778 232 476 1484 801 708
2877 634 634 1344 1015 269 609 440 898 75 1228 1333 332
2878 1131 954 795 110 818 372 1392 609 1171 1376 1176 801 848 782 39 187 226 868 683 1450
2879 813 782 420 412 879 1385 557 661 622 1008 1228 1366 895
2880 269 10 333 369 819 280 1343 936 160 596 123 52 379 423 981 269 149 88 52 103 205 112
2881 1271 995 765 1365 605 857 1137 474 929 30 81
2882 242 65 945 1169 608 932 410 67 236 58 85
2883 849 128 976 430 189 476 793 1271 1309 909 851 1217
2884 49 773 867 17 232 288 495 1089 425 17 1080 1273 216
2885 773 794 233 873 81 328 640 77 1146 248 231
2886 654 354 818 1219 549 656 554 1131 1212 266 452 930 873 656 39 1464 560 549 873 1219 1306 864 861 654 114 1024 239 549 560 818 48
2887 201 640 434 95 487 800 1022 476 1212 625 142
2888 366 1440 366 196 84 143 194 763 198 554 401 653 682 26 993 18
2889 763 560 823 930 871 639 930 609 720 1375 193 232 283 38
2890 112 572 794 128 544 563 441 397 943 801 1017
2891 142 441 248 335 550 112 912 423 1132 463 163 794 232 97 10
2892 415 88 684 244 917 440 474 231 10 129 41 114 404 76 155 287 889 141 248 366
2893 1247 469 471 275 975 1 648 194 177 49 170 4 17 952 779 1190 478 879 84 1071 1190 596 99 148 75 631 1105 1195 81 19 179 630 96 508 518 519 39 554 24 66 1072 622 43 526 1342 1408 564 349 1050 382 1112 244 680
2894 68 54 818 338 953 525 575 962 261 206 44
2895 682 481 182 993 993 336 1048 194 1258 1145 1056
2896 1182 156 5 113 1024 439 768 475 665 572 697 892 777 733 680 827 883 336 879 811 723 1171 728 1291 991 98 209 196 580 1201 1434 419 1257 270 107
2897 1105 342 112 818 378 639 1452 174 1152 39
2898 10 1132 12 358 270 207 304 1182 208 110 156 112 332 342
2899 206 452 196 64 889 309 563 335 438 91 623 861 419
2900 232 58 639 181 232 794 823 909 465 597 924 588 138 1113 588
2901 523 759 849 1241 207 969 762 233 1083 128
2902 601 781 193 864 70 60 550 259 455 358 99 379 170 250 453 329 989 698 323 930 250 819 112 459 106
2903 291 69 401 85 765 269 606 232 248 65 975
2904 202 138 232 79 248 274 713 150 447 713 769 816 174 194 976 1213 460
2905 1018 556 231 640 556 1018 233 81 910 118 597 80 21
2906 466 54 331 463 8 199 216 808 447 663 867 1176 189 772 1266
2907 112 231 490 138 142 232 947 786 231 463 1082 99
2908 1028 794 352 1032 371 302 948 193 193 41 1088 654 704 1032 1215 616 194 520 520
2909 596 760 794 150 1455 142 335 930 488 263
2910 105 1218 219 789 1016 250 57 656 107 22 240 208 333 1045
2911 143 164 1210 434 50 635 1276 141 297 1163 521 957 539 315 623
2912 969 1277 847 762 497 1246 997 230 776 756
2913 121 88 362 85 768 648 1075 138 1340 424 1378
2914 415 162 867 525 232 131 174 107 106 100 129 1036 134 21 802
2915 80 112 39 137 1195 641 490 521 910 75 291 549 97 330 167 182 189 768 232 889 289 56 53 74 605 590 1114
2916 1179 230 88 804 792 255 1468 525 778 568 440 850 81 684
2917 113 890 44 1066 5 924 233 1039 440 813 307
2918 572 433 549 1255 55 98 493 136 189 976 232 440 581 53 236 248 568 886 129 765 133 304 688 619 1075
2919 80 13 61 630 330 148 31 155 287 808 364 142 199 217 200 732 138 780 385 474 65 1105 869 67 126 214 523 447 868 481 50 128 1104 335 985 189 483 476 1068 721 631 54 407 268 381 1042 269 327 562 110 365 1343 823 552 19 4 401 566 75 174 617 252 596 1109 1135 185 196 1335 545 283 648 832 683 568 1158
2920 1177 768 765 474 851 967 186 986 72 1233 568 987
2921 478 483 1027 1241 872 82 343 393 1392 1217
2922 270 848 97 822 505 383 821 263 917 868 799 85 889 861 1171 695 425 1258 410 692 1486 1509 8 270 1151 77 1091 64 206 130 1065 364 1001 648 228 649 568
2923 980 99 158 713 232 531 1309 818 75 248 430 112 818
2924 639 980 550 246 146 4 239 619 143 21 611 399 1239 690 832 972 1171 643 265 724 662 757 1228 622 554 1227 880 714 751 699 773 706 647 706 639 1129 410 824 26 1116 513 709 802 600 179 707 626 702 45 239 1177 242 837 185
2925 795 1398 1165 778 955 694 1036 762 909 1469 1459 549
2926 37 853 1018 129 133 353 65 1078 448 399 572 564 256
2927 27 848 801 623 324 81 399 910 155 113
2928 1082 873 463 758 232 399 138 641 434 794 1136 430
2929 232 1305 951 231 794 930 230 234 909 430
2930 818 721 778 476 925 270 1013 916 214 142 488 189
2931 476 597 963 734 110 91 554 764 1039 64 757 419 248 475 863 98
2932 765 794 818 430 362 684 1153 873 985 701
2933 1232 240 41 260 80 1258 31 232 351 832 782 459 566 4 215 1206 254 616 1380 9 1273 77 103 720 789 744 121 835 757 980 52 933 179 626 823 56 716 99 66 598 1293 1256 1151 900 50 702 840 412 1266 727 1156 85 1207 1204 838 1233 80 399 600
2934 985 183 415 399 21 460 202 35 226 873 61 1400 232 1032 903
2935 640 284 107 370 831 515 194 734 85 640
2936 291 243 474 363 349 550 884 252 802 153 65 344 133 596 269 932 1362 336 566 172 65 175 1015 366 169
2937 867 0 847 471 414 100 173 721 1220 115 17 751 653 748 1226 33
2938 79 50 910 13 976 381 954 818 112 338 338 779 68 486 302 525 324 1105 525 504 1101 163 347 1189 143 1335 641 619
2939 474 1100 815 57 353 667 630 353 132 290 1238
2940 693 839 554 834 1509 349 718 363 249 26 616 280 1443 552 37 323 1152 132 41 165 898 1383 236 474 631 1297 61 738 179 399 520
2941 75 706 1172 854 554 595 106 1113 112 674
2942 113 1111 729 156 1105 142 597 554 1066 328 189 996 1340 1039 764 671 792 27 486 1364 88 207 1286 801 136 861 233 430 112 143 1036
2943 138 794 1477 362 871 207 1421 255 297 1210
2944 250 287 1195 1372 568 782 100 355 575 1364
2945 630 81 756 597 794 232 440 143 1378 684 207 230
2946 597 639 138 232 1113 345 230 1378 864 713 142 88
2947 207 1307 610 85 794 1004 143 64 777 314 232 539 894 695 1249 928 244
2948 1022 206 550 13 930 762 979 64 1371 231 945 277 114 948 322 266 1118 304 265 468 116 149 262 932 138 61 351 202 81 146 268 371 255 413 274 89 68 54 524 659 452 1367 489 88 829 979 1005 517 946 323 301 0 829 1088 391 194 112 794 151 10 250 474 54 1078 926 1215 236 491 146 420 1343 459 316 418 547 930 386 420 338 1079 168 523 421 1040 864 110 89 326 1032 968 353 337 432 791 679 456 116 482 80 561 1081 425 97 977 359 768 922 211 430 385 577 5 129 64 199 419 90 1001 195 1116 878 366
2949 29 188 1144 1268 746 568 566 653 619 834 545 419 674 841 807 835 734 74 399 345 609 66 533 699 727 837 628 1017 1194 1416 1134 1035 5 229 702 1065 1375 739
2950 889 572 440 492 196 467 76 537 6 142 802 54 361 917
2951 1031 1497 13 65 249 268 63 1013 834 1335 966 724 319 834 63
2952 123 427 521 88 481 189 440 77 932 963 244
2953 476 778 755 665 930 230 1309 1146 764 1165 995 786 1241 430 656 239 726 463 1182 976 207
2954 168 366 789 61 557 553 595 38 962 948 570
2955 729 873 1022 335 98 156 64 129 996 847 127 65 597 132 196
2956 1224 113 188 18 245 64 44 161 42 486 1 161
2957 847 917 129 765 467 338 201 476 176 65 423 7 143 273 537 930 639 430 233 794 864 146 1001 362 539 337 360 126 80 639 1024 794 909 864
2958 249 875 179 1051 854 1434 837 757 241 605 93 93 1150
2959 966 463 155 641 1075 630 311 1029 594 1176 232 762 639 688 525
2960 27 868 995 549 791 560 1131 1212 255 493 50 1224 68 930 1224
2961 1420 179 1233 896 315 1288 945 1073 1221 708 883 188 1120 686 1197 888 699 570 647 42 1399 626 475 543 1053 1235 444 694 65 859 1015 323 667 1426 1075 993 687 1303 1147 48 968 1182 109 833 88 1167 562 828 101 256 722 33 1151 516 812 898 1258 1157 1055 501 1007 557 21 517 80
2962 909 230 864 10 684 910 248 794 79 110 786 143 81 91 309 430 182 122
2963 476 778 230 115 315 107 476 781 61 192 143 182 194 195 54 97
2964 230 554 778 930 863 605 438 755 297 684 440 343 796 362 739 1090 1441 1416 619 656 741 203 430 691 1294 818 441 563 1354 1503 911
2965 379 61 932 304 324 785 464 1232 104 1104 414 143 467
2966 46 278 52 849 296 1132 169 318 1341 108 524 105 107 143 105 220
2967 80 99 131 713 136 656 182 273 794 539
2968 693 352 119 866 946 398 1141 422 460 1116 19 989 651 315 1141 119 147 1141 189 471 1202 785
2969 554 131 734 21 174 229 154 961 702 894 691 568 619
2970 956 233 1264 796 914 142 623 362 722 1365
2971 76 41 79 1343 202 415 50 54 1118 1218 149 262 323 169 116 864 248
2972 1316 1247 685 734 366 1071 1318 1467 154 1 730 1332 203 662
2973 747 47 1328 596 575 347 460 568 85 686 679 591 552 382 21 50 249 229 1117 109 1331 852 48 84 697 772 23 216 133 1139 887 832 878 1265 244 324 708 626 254 702 188 1228 866 26 1024 554 39 1279 199 720 1226 239 1389 173
2974 760 665 956 913 335 889 434 796 330 1371 156 393 805 434
2975 622 57 520 523 794 57 685 281 88 653 452 833 827 129
2976 765 331 928 165 847 674 39 675 613 519 1328 1336 1284 1328
2977 1356 780 620 224 667 1016 616 253 702 488
2978 995 248 94 818 430 47 132 1279 202 404 114 1486 177 425 171 631 143
2979 1307 250 443 30 888 1456 952 1094 650 562 48 626 728 50
2980 334 466 145 283 342 362 449 658 248 172 481 303 1304 317 210 207
2981 997 1039 88 640 686 735 275 1279 153 1490 620 647 630 170 155 474 1238 1112 913 913 1007 45 311 460 636 4 683 50 328 262 459 13 452 393 154 1003 65 118 407 817 1299 889 1016 973 676 599 1053 695 679 835 1483 92 812 1254 1055 1015 1201 1201 1387 206 568 730 1229
2982 713 248 182 430 572 823 823 430 233 75 1452 1171 861 304 684 143
2983 432 791 333 440 619 155 1080 830 174 778
2984 1040 561 1231 263 595 18 188 802 270 898 681 315 1375 545
2985 107 428 316 503 94 353 250 1337 465 76 311 42 110 433 37 681 554 261 440
2986 746 21 33 581 653 1169 236 554 486 557 65 197 580 126 579 634 289 520 41 10 50 304
2987 99 75 338 22 611 181 791 724 609 1428 1029
2988 684 762 1212 563 889 232 873 861 10 804 778 430 488 809 857 909 940 633
2989 230 801 262 143 792 467 554 802 778 266 69 50 440 230 184
2990 857 13 343 669 778 434 684 110 332 207 142 909 59 1028 50 299 65 1232
2991 976 915 231 397 214 112 155 914 142 128 786 88 847 297 81
2992 767 794 233 150 430 924 248 509 157 81 297 1396 713 815
2993 755 182 476 794 554 762 82 1421 549 778
2994 979 847 1132 230 97 234 98 91 254 1171 182 818
2995 86 868 315 173 91 1109 229 99 74 456 646 434 437 32 80 710 463 223 773
2996 794 232 864 801 795 778 476 256 1452 729 861
2997 1015 473 421 866 260 1071 459 566 216 459 815 1213
2998 1316 430 236 572 249 1057 525 786 707 688
2999 64 248 1426 818 189 430 112 63 189 545
3000 2 90 831 282 21 500 171 35 1364 600 86 8 188
3001 81 234 794 156 257 804 112 818 248 909 335
3002 221 98 451 27 232 1156 818 256 554 99 631 639 1487 43 324 818 560 262 450 1350
3003 158 98 142 325 924 1371 70 418 248 784 452 297 182 864 99 156
3004 320 110 283 53 804 135 349 280 55 329 308 1212 401 106 291 79 289 596 1394 236 95 88 335 263 537 781 1422 208 1130 79 115 299 54 13 323 70 1086 278 1286 684 103 434 97 137 371 430 264 336 369 488 170 1248 169 1177 777 19 3 542 1088 958 399 20 1345 512
3005 10 107 150 281 404 815 328 405 433 126 107 4 768 153 116 933 207 335
3006 768 639 350 910 918 809 909 430 795 821 65 1223 847 568 761 666 1469 1106 1001 866 256 847 1426 1084
3007 13 241 112 1424 976 1210 761 391 207 1137 110 863 1441 505 135 91 818 818
3008 1117 876 1357 112 518 685 26 910 170 244 179 399 1146 218 525
3009 521 129 476 248 476 482 185 121 1319 1399
3010 1258 490 520 609 620 202 667 1169 670 789 107 634 757 812 545 779 1167 812
3011 320 794 452 79 76 1455 328 80 226 97
3012 1424 248 830 864 1113 276 304 182 963 854 393 156 597
3013 97 930 864 794 131 467 215 199 415 99 202 952 236 1505
3014 556 430 81 207 393 1104 930 142 397 335 980 390 596 395 864 248 868 55 450 95 1286 437 809 91 1090 230 523 98 112 1012 75
3015 476 760 175 107 233 114 910 10 189 263
3016 568 135 1217 976 759 1166 778 1013 247 1028 1472 1219 663 128
3017 685 1373 8 1034 203 781 951 107 460 641 220 244 147 147 685 150 241 1071 698 678 21 253 691 1216 818 215 665 716 1281 1145 48 1351 709 401 256 460 1084 1231 18 566
3018 864 81 47 248 488 472 113 891 723 362 854 30 595
3019 794 82 639 476 1056 765 81 864 674 684 233
3020 330 947 112 799 1022 1289 266 507 4 574 539 1176 539 656 343 1417
3021 620 346 440 103 846 773 443 656 460 876 41 22 39 148 73 168 1213 785 132 244 246 619 609 254 1403 894 580 841 789 1357 1507
3022 10 1241 21 248 765 325 202 684 53 7 595
3023 640 1393 1431 113 1171 521 767 792 1039 0
3024 1093 448 208 455 424 1001 917 1472 1441 307 476 916 640 1462 964
3025 549 549 1042 174 631 27 143 110 138 463
3026 491 248 854 1342 322 38 129 520 107 1007 412
3027 574 539 1146 794 521 684 232 1146 440 76 549 1217 476 70
3028 79 88 118 168 259 946 224 0 304 878 354 80 831 831 894 314 766 287 535 231 232 482 1186 933 948 524 587 529 99 1178 555 777 361 997 340 331 1020 554 562 148 26 653 22 248 428 200
3029 666 620 106 688 115 1216 702 452 1112 583 42 834 629 149
3030 868 1230 362 809 656 1111 792 663 129 924 156 597 641 804 207 231
3031 57 243 1439 1439 57 467 241 1 179 1060 170 10 1056 1467 280 425 866 852
3032 13 311 1486 1282 1060 230 1374 412 39 217 1060 143 1125 518 256 1165 452 836 647 17 315 352 1048
3033 985 194 879 637 634 7 215 65 268 7 78 1491 195 1056
3034 120 1039 1421 1171 1286 847 395 230 758 434 297 490 794
3035 235 232 873 1370 1370 940 543 138 873 641 656 639 176 823 361 399 1506 581 584 232 713 679 549 491 1302 815 4 923 328 607 1146 112 254 449 767
3036 113 169 549 612 186 14 18 777 459 542 340 84 419 1449 229 711 399 907
3037 654 784 427 1286 441 91 434 361 1382 146 864 75 684 64 1496 572 452 1181 84 1234 961 338 1165
3038 924 1104 980 490 1210 356 393 849 156 864 98 380 1090 1360
3039 355 492 337 864 433 507 574 245 163 135 695 1291 98 1424 488 82 879 533 713 228 861
3040 66 82 1455 1426 1105 490 674 729 955 794 476 324 539 778 794 818 854
3041 231 867 143 236 751 244 8 42 150 1241 1419 289 829 879 254 358 773
3042 248 75 488 232 277 230 202 1171 864 463 774 156 640
3043 294 147 428 474 76 699 65 508 72 757 609 76 654 420 304 834 424 654 88 783 779 835 1168 692 239 1052 338 636 1330 898 1428 1440 353 1056 475
3044 56 912 85 75 23 54 189 831 73 582 1181 755 1333 1393 1228 906 1303 907 619 92 110 521 688 75 1279 812 116 729 591 688 622 493 713 1117 234 92 1158 831 490 991 1112 382 463 491 834 73 569 1155 727 301 697 80 1434 1159 841 508 69 730 780 730 248 508 727 1492 679 75 1112 31 1155 560 21 188 782 948 679 609 1244 410 182 673 1112 47 103 1203 232 86 71 363 69 575 37 539 301 1510 9 359 841 68 69 416 568 1330 80 1010 1428 905 691 720 662 1447 1325 678 1164 1297 601 904 103 1297 622 823 44 539 720 842 727 801 823 1297 399 441 1219 692 399 181 1227 65 539
3045 133 291 75 70 103 521 554 550 583 47 664 111 1117 333 181 4 133 575 781 757 103 691 70 56 789 47 382 591 591 867 103 681 133 616 781 1266
3046 1452 1309 361 307 996 603 540 230 588 328 532 759 142 380 233
3047 269 54 50 260 4 113 392 243 656 1309 1343 1218 261 280 31 456 10
3048 84 665 572 896 616 792 50 718 239 349 249 728 451 1388 308 723
3049 81 231 844 794 297 924 639 403 1246 230 956 804 860
3050 208 83 899 364 588 550 53 143 371 1408 257 466
3051 1235 160 117 423 1109 72 47 1040 412 44 179 19 177 1054 666 1387 880 254
3052 349 248 1206 233 684 248 786 1469 1027 99 297
3053 97 913 240 121 471 129 504 254 1232 1331
3054 184 1104 818 1479 88 1176 792 156 1179 24 233 640 476 80 930 25 782
3055 476 230 97 355 248 142 105 911 828 221 848 930 1039 572 91 136 378 760 1307 1051 338
3056 358 236 88 231 583 695 488 162 569 595 262 262 33 864 1429 419 725 1496 868 554 440 533 107 76 216 69 47 1233 415 699 1347 115 626 202 657 730 771 510 206 1054 1339 1011 304 904 1027 1158 26 169 622 1457 902 1043
3057 452 202 802 115 10 10 131 131 128 909 230 713 762 906 1165 230
3058 909 69 232 112 684 143 794 778 873 543 1105 828
3059 156 597 699 656 476 430 1105 976 1223 1137
3060 91 802 304 774 917 1371 415 88 525 80 1276
3061 734 439 899 553 362 440 382 401 1243 379 242
3062 1440 252 401 572 440 474 875 336 254 1167 170 1156
3063 381 129 966 1028 54 315 1018 294 322 1015 50 138 782 427 155 63 80
3064 224 89 50 97 440 50 10 421 291 654 467 252 84 791 85 41 21 1186 304 346 313 524 346 88 346 524 525 791 831 239 106 143 1054 64 300 1399 560 1366
3065 685 164 620 1117 39 10 203 1247 1301 65 1397
3066 554 234 890 526 78 609 1307 1146 1307 57 196 463 1279 1245 203 764 951 636 687 554 979 239 199 231 687 234 886 951 244 17 476 863 1325 401 1476 232 399 106 832 64 258 952 579 863 236 1015 686 1299 747 10 691 747 518 239 1328 886 41 431 179 97 85 687 955 431 415 1141 1141 50 577
3067 761 362 663 794 762 143 388 142 758 559 248
3068 230 1113 660 1082 1114 1013 1238 1445 239 801 1445 447 665 583 1195 243 586 232 654 781 269 641 609 517 65 107 246 899 410 143 600 133 56 36 371
3069 316 474 27 843 30 194 600 575 440 248 1146 241 801
3070 297 1421 1287 1265 1488 572 804 1452 1441 440
3071 481 88 424 248 174 75 148 71 519 137 218 872 808 932
3072 249 795 765 1340 794 113 778 663 873 47 778 794 1452
3073 186 320 954 401 1440 79 72 135 18 896 21 807 728 754 282
3074 1340 764 232 440 463 189 88 248 818 66 207 1488 563 807 964 95 335 684 794
3075 1444 778 1412 440 49 1153 708 1260 65 1084 440 30 880 708
3076 433 241 1465 507 81 348 995 920 1128 507 1453 439 889 1504 521 221 1219 1332 864 270 786 1378 1378 1001 765 463 750 88 91 247 657 1020 985 1199 1265 256 725 129 143 897 666 917 858 1452 590
3077 1136 82 113 488 729 1165 463 554 830 841 324 338 64 325 830
3078 1026 470 146 396 794 148 1042 1061 1360 909
3079 476 980 128 778 758 854 639 231 1455 399 801 679
3080 255 762 956 75 189 91 1130 476 917 362 930 684
3081 1017 591 702 1051 1105 189 217 1023 1259 727 31 1463 739 833 601 1315 38 841
3082 91 196 248 1382 64 889 433 231 636 437 773 477 572
3083 713 182 88 207 864 274 232 713 399 88 864 262 853 149 202 74 248
3084 1158 1201 564 1184 88 0 440 257 832 569 631
3085 639 81 399 63 213 1226 838 1117 315 596 37 230 81
3086 330 167 521 382 344 147 440 474 381 65 72 517 243 550
3087 165 879 663 112 674 657 924 794 802 904 868 335
3088 10 79 192 89 468 50 202 192 420 371 948 224 118 468 420 241 564 232 636 779 21 241 412 236 691 1301 232 1229 779 76 65 241 855
3089 142 794 1441 1479 430 1176 1287 142 1070 549 1210 233 474 1301 889 804
3090 635 331 396 1068 560 818 380 325 308 156 960 478 362 310 864
3091 864 232 236 371 158 131 980 415 56 577 291 149 399
3092 1215 156 1186 1364 88 21 1087 341 98 1502 872 563 1090 438 434 554 355 304 324 22 248 445 66 271 273 1036 963 440 100 99 174 1360 604 1217 207 914 776 439 1234 85 1473 572 567 142 430 408 91 1057 81 419 1158 74 619 82
3093 864 456 525 74 5 789 174 596 204 660 649 772 1393 807 595 832 17 1064
3094 97 153 264 474 793 119 57 977 85 355 95 508 261 116 114 202 358 786 313 115 194 54 240 786 103 1014 282 458 170 281 103 50 78 240 107 115 1232 246 177 177 147
3095 559 132 230 516 325 756 694 1259 1015 1298 796 77 1427 1151 552 1308 348 1444 1125 1425 623 1185 1256
3096 84 47 295 613 629 203 112 392 30 1335 439 552 609 50 566 577 878 323 616 728 216 322 994 447 628 554 966 579 1381 254 579 1151 1228 504 1010 33 132 70 791 1378 679 581 425 110 835 1265 707 193 584 702 199 1204 840 415 837 1338 253 1229 720
3097 1017 173 412 874 4 173 1335 80 699 502 31 1335 776 315 99 972
3098 81 328 206 64 362 476 156 50 579 889 262 782 231 1488 437
3099 701 430 412 1105 132 66 1445 1247 459 765 1270 771 33 253 425 1167 879 249 69 539 518 1077 1010 227 1023 1389 490 1335 985 688 1010 1467 1231 763 1423 9 1068 31 463 1162 859 1293 1507 114 1113 1203 566 250 1089 1194 798
3100 568 452 535 33 746 660 1303 1436 539 401
3101 808 925 230 263 794 778 911 98 233 762
3102 68 280 97 262 99 351 414 371 291 363 193 550 112 374 151
3103 568 579 1051 43 680 648 667 80 203 707 854
3104 267 88 96 786 525 349 864 794 142 1359 248 274 99 910
3105 1225 930 82 49 66 440 778 338 112 1472 684
3106 430 818 794 847 523 362 554 493 493 95 247 861 778 362 342 847
3107 427 155 172 818 231 794 1452 427 66 476
3108 248 230 873 174 924 434 794 148 273 335
3109 66 47 1307 572 203 148 519 1480 609 873 50 182
3110 248 1421 1287 1224 889 665 440 112 1165 162 230 1001
3111 834 47 50 572 866 106 1158 1201 1152 1010 100 1155 707 743 50 754 837 679 513 228 1207 1216 33
3112 361 380 925 232 80 181 713 794 248 182
3113 280 19 519 101 916 519 654 52 110 407
3114 1264 543 427 665 325 665 633 923 795 1370 1371 761 755 1406
3115 253 50 1351 649 52 143 436 750 1247 621 47 1233 480 1319 107 616 129 951 8 236 130 657 685 1505 626 215 358 897 1514 1316 242 203
3116 186 155 1048 598 630 1156 779 916 483 539 683 718 206 47 75 746 69 782 1156 103 1253 80 273 466 35 232 1148 4 465 315 1195 1195 971 1228 452 1145 112 1008 39 651 651 684 1337 1112 58 653 980 38
3117 223 85 194 88 170 620 216 115 880 203 692 1154 875 179 691 786 683 1115 1157 712 520 686 666 518 132 39 78 1010 239 38 840 752 513 121
3118 10 143 53 121 482 481 108 4 84 697 750
3119 1469 1245 470 505 124 783 233 156 230 97 231 114 99 304 79 656 136 273 490 713 262 100 774 488 10 151 285 88 248 429
3120 203 1038 1231 342 57 919 684 864 919 1075 710 919 684 1498 909 762 760 590 138 995
3121 1355 112 1312 1445 1364 112 1424 713 798 1491 491 640 486
3122 452 460 52 143 124 685 46 163 18 1404 206 1309
3123 684 143 713 794 64 88 1036 30 156 401 729 285 539 456 467
3124 1287 1378 493 419 802 188 112 1171 638 832
3125 930 476 597 1287 347 1171 532 440 572 439 338 142
3126 81 82 362 523 641 684 778 88 759 663 362 247 0 641 138 430 778 182 1370 1224 338
3127 358 1075 980 156 55 232 476 106 230 794 248 641 21 1137 639
3128 476 1216 230 924 393 95 248 1482 232 560 663 910 81 913
3129 248 156 193 804 930 1018 149 112 1371 193
3130 639 174 871 673 702 169 1201 256 217 727 1024 378 182 452 838 901 241 739 781 99 112 181 51 1231 676
3131 639 189 1219 181 997 560 463 182 997 182
3132 50 634 665 751 647 930 686 770 65 676 65 223 65 687 177 202
3133 625 231 889 1354 873 625 348 230 859 266 543 695 684 1046 625 657 625 196 623
3134 207 818 233 335 189 273 103 463 234 136 943 1188 257
3135 2 1238 242 641 412 35 1195 1343 74 223 19 188 29 785 666 119 420 63 286 626 626 1418 415 1491 35 1418 839 1319 781 119 880 696 1438 838 1491 199
3136 561 787 41 213 866 460 85 1071 452 31 229 818 1010
3137 794 128 818 864 873 794 889 684 525 1211 82 759
3138 1015 864 801 758 338 525 439 84 467 860 311 684 142 761 380 233 97 106 87 577 638 335 143
3139 779 412 332 904 103 35 595 689 1010 42
3140 231 762 79 976 404 269 156 79 106 127 150 112
3141 1226 304 1011 768 239 757 794 904 106 739 494
3142 1253 794 138 1219 641 641 762 430 193 523 560 477
3143 10 404 173 917 508 269 79 114 355 206 452 277 320 768 202 800 1217 236 135 137 354 505 88 88
3144 207 663 455 91 433 525 335 106 188 68 126 595 1226 1227 488
3145 1102 48 806 985 1252 129 566 65 866 93
3146 194 601 13 864 94 378 66 109 377 370 1131 317 549 170 460 781 635 977 505 601 1321 117 889 79 656 401 67
3147 788 248 448 294 59 287 57 1106 948 208 1218 89
3148 248 568 257 451 1137 864 1230 248 317 1013 658 804
3149 174 684 244 173 1354 554 1182 76 80 179 412 21 525 762
3150 669 134 202 1082 1212 127 1359 263 374 778 864 342 684 13
3151 995 864 80 861 519 523 1021 1066 138 113 801 1219 976
3152 129 143 107 50 57 333 517 582 333 170 78 169 653 1244 887 54 568 1243 580 1364 667 432 474 330 330 88 65 837 837 174 106 268 698 1129 23 80
3153 270 354 223 1105 415 241 866 483 1233 72 189 719 696 472 1024 1293 66 147 1154 399 196
3154 141 143 202 142 328 95 656 452 1303 382 1303 246 47 36 1155 674 554 720 877 315 757 1066 244 280 176 732 557 111 33 656 1266 1186 904 736 44 771 88 269 193 907 976 575 948 129 1181 1151 691 835 42 838 569 906 643 1446 736 866 65 933 754 886 817 740 1059 1227 1229 746 961 890 1207 812 104 567 823 1227 68
3155 684 110 525 70 794 10 1455 1084 1036 1075 523 1370 30 427 129 244 456 818 192 150 195 1374 231 88 88 241 1035 109 78 1307
3156 476 580 712 33 1201 382 336 832 406 728 282 236 1253 525 432 572 1438 1366
3157 994 651 554 927 452 866 30 641 866 778 110 1260 1268 109 949 1060
3158 1182 26 165 921 491 427 854 1119 1212 1024 66 408 665 805 1182 165 143 854 1039 1265 335 233
3159 88 889 91 43 232 768 110 410 909 1212 656 277 1179
3160 618 721 381 855 353 189 179 546 864 233
3161 248 182 864 794 232 910 266 776 112 684
3162 281 10 181 252 349 66 1104 142 324 380 281 596 475 1461 129 1104 283 560 666 354 349
3163 301 831 739 791 904 13 23 557 1056 1228 712 898 841 747
3164 794 235 1426 490 674 10 440 684 248 230
3165 697 457 1189 917 192 873 109 1484 626 244 241 290
3166 361 441 861 638 156 138 55 373 142 325 233 64 778 450 110 348 440 834 521 578 1286 1452 1340
3167 1226 1165 1512 452 249 1334 795 1467 1001 1374 181 1452
3168 19 347 568 831 116 628 208 595 732 143 628 684 239 479 832 653 481 725 518 870 815 42 188 1155 351 1330 643 529 686 972 1452 555 852 1243 866 898 734 1338 1404 754 129 97 254
3169 1262 114 644 1101 551 398 706 440 526 1035 166 368 216 813 37 440 50 1001 630 866 66 654 204 336 1372 447 1048 610 322 401 8 667 613 818 1081 19 1020 574 688 259 44 379 1122 1051 708 138 513 481 1474 195 1015 871 1126 249 138 552 1117 959 1483 1128 36 855 162 206 993 352 26 76 1151 148 84 798
3170 794 909 801 1036 430 248 372 996 112 1171 165
3171 73 674 779 1066 1227 554 21 739 898 227 691 38
3172 143 82 13 1441 317 231 1217 755 636 864 207 233 1022 234
3173 277 463 128 782 861 679 207 343 361 656
3174 847 818 539 255 232 430 569 525 98 55
3175 50 202 93 888 888 879 695 798 5 704 1120 1035 196 763 215 322 1108 1153 827 107 728 499 1146 480 923
3176 423 362 401 786 382 428 333 189 167 226 968 41 90 1217 517 85 1015 363 1387 1169 1141 789 123 1049 33 1043 649 575 415
3177 712 185 568 440 1196 903 898 887 880 727 729 392 1010 1199 191 897 628 757 1291 661 3 898 554 1155 143 906 183 703 1198 696 987 727 1047 1366 717 174 834 1199 836 60 1073 1487 837 738 1029 566 737 1151 779 1072
3178 185 188 486 64 794 920 98 183 129 434 376 527 88
3179 342 577 96 1104 311 157 407 129 57 54 312 511 351 207 787 198
3180 466 418 298 280 215 99 214 207 352 240 474
3181 699 575 1467 715 1051 21 440 838 106 553 50
3182 746 1117 475 773 1424 75 155 138 430 136 82 467 1072
3183 438 50 76 513 261 1056 6 440 440 323 1028 232
3184 1176 226 930 255 254 58 725 362 861 795 226
3185 794 98 407 143 307 233 91 563 437 1038 996
3186 806 174 143 179 244 1151 1154 660 879 154 188
3187 50 924 244 248 1416 801 521 794 873 1255
3188 81 232 619 174 79 1195 597 1171 181 619
3189 949 118 1353 650 440 789 240 896 1186 1079 667 366 170 112 577 634
3190 760 1386 909 248 968 450 762 641 778 1469 64
3191 333 949 789 376 420 300 118 1343 1275 977
3192 1151 26 575 532 734 244 729 425 815 566 1329 738 464 455 47 286 132 278 1238 693 649 1238 1151 1134 388 244 1270 701 1350 657 1177 1301
3193 235 112 357 1384 760 189 917 862 563 1044 968 81
3194 590 110 523 427 120 1404 786 335 309 474 768 1219 201 938 938
3195 807 684 203 853 778 755 663 1230 247 297 447 955 1096 1360 1104 1130 559
3196 1335 1023 1335 587 461 1436 1335 1351 217 141 141 1028
3197 452 758 401 10 794 231 809 765 1075 143 773 361 925 452 684
3198 143 8 815 889 849 695 135 52 425 427 189 91 425 216 204 1035
3199 802 354 1481 1187 946 447 331 76 283 309 50 644 91 459 331 1404 354 1458 783 766 1311 821 1188 78 320 1120 174 1366
3200 476 762 1057 84 665 10 525 757 1056 1039
3201 789 952 179 19 1344 223 65 216 20 953 440 195 520 958 829 352 444 554 19 239 1233 39 52 244 1094 78 204 30 106 1231 33 1117 256 50 699
3202 230 861 818 597 778 529 430 341 990 247
3203 86 88 248 80 99 174 521 490 80 226 22 21 889 1403 182 103 86 1231 539 539 1225 10 110 746 619 38 823 104
3204 864 1328 65 412 371 232 21 953 53 768 179 860 1072 708 917 812 1051 812 1164 1201 1129 150 1443
3205 460 1333 193 1005 504 50 371 232 280 54 1226 259 214
3206 476 713 930 778 873 230 847 794 112 430
3207 723 254 1387 1001 1247 1119 987 172 47 1010 1243 867 1067 177 30 179 1505 172 798 994 1141 927 93 828 460 593 1 867 1366 1253 501 471 572 777 436 1240 338 1366 1389 600 568 451 1511 1 378 1205 1162 121 77 1150 743 1011 52 1049 1204 9 70 610 1051 49 1065 443 813 1201 1141
3208 1014 135 699 655 1051 746 827 36 1016 57
3209 121 132 115 412 20 133 975 70 121 1004 751 648 1021 932 887 898 723 959 1072 1024 233 196 1100 9 1021 1483 268 1054 1122 333 323 1436 68 903 77 421 570 252 894 606 828 580 1511 932 1493 436 1514 40 1159 1047 1054 280 566 228 1171 1166 812 640 897
3210 259 146 1045 76 239 491 488 381 484 1372 794 1060 875 666 230 106 255 526 595 358 169 620 67 672 130 644 341 206 242 998 1051 347 1480 620 1051 1226 699 702
3211 993 917 433 768 101 465 993 853 433 50 320 85
3212 230 231 476 925 818 248 792 924 847 794 976 930 864
3213 69 952 252 197 766 129 454 21 224 959 467 463 138 107 447 662 579 290 653 1196 281 684 328 235 232 595 100 577 115 903 415 193 734
3214 728 725 48 577 50 866 50 378 392 460 1226 143 683 1247 350 519 50 852
3215 69 401 252 182 170 147 577 687 381 410 177 827 554 1051 812 256 440 1307
3216 1374 684 331 447 30 952 249 256 778 616 1034 696 493 687
3217 335 393 176 849 1367 264 122 525 342 157 504
3218 1227 430 440 297 1226 50 1423 503 834 1151 674 106 232 1022 895 477 74 691 629 791 734 499 13 56 236 401 1225 600 324 1417 762 1164 143 554 149 1375 674 112 857 755 357 407 679 216 696 1231
3219 99 588 248 361 954 1305 1322 776 1138 146 348 113 847 226 255 88 236 207 1413 285 74 475 184 440 568 649 595 43
3220 786 494 233 297 207 816 824 142 427 81 284 1255 713 263 348
3221 185 697 107 173 326 546 110 129 196 64
3222 186 452 466 99 80 86 96 69 88 131 285 44 304 481 1393 1302
3223 106 269 382 503 155 698 50 801 794 69 13 783 1320 131 823 202 149 199 259 63 67 630 118 630 381 966 192 455 353 250 273 311 852 1137 41 550 577 1078 1317 351 523 232 1070 216 283 831 280 639 452 65 141 628
3224 430 98 848 980 623 82 233 605 1504 1378 1453 1491 1497
3225 639 786 713 930 158 79 864 99 1135 248 1068 818 623 232 639 79 131 476 476 1017 1135 864 490 930 248 910 88 539 924 248 1024 640 399 131 964 863 138 1231 330 231 804 1137 82 1340 230 1233 182 889 232 88 432 1227 131 276
3226 440 47 1307 425 362 30 401 683 202 888
3227 81 4 1367 802 64 507 163 160 167 914 514
3228 166 412 510 577 365 404 986 108 491 168 248 172 47 782 419 363 64 174 44 481 452 121 446 88 374 1015 993 491 981 989 434 132 149 332 334 115 4 252 300 601 1314 328 208 601 338 421 414 378 197 186 997 870 157 425 345 436 207 325 57 37 375 114 440 69 791 87 146 1088 1054 386 261 442 1187 433 269 405 80 351 349 993 99 19 12 168 190 784 577 802 864 194 571 105 1273 390 435 164 361 169 318 263 398 763 6 358 66 163 407 196 129 157 9 632 1014 112 42 106 511 223 767 1290 1439 13 831 1084 508 31 509 419 416 493 525 867 104 1099 156 45 85 277 610 554 481 773 17 934 1186 188 1215 185 20 1084 570 507 467 552 871 653 1172 766 22 619 846 66 16 831 45 412 653 553 41 244 170 333 600 353 64 595 1106 686 0 231 1250 1105 584 114 777 33 945 1060 1156 1414 38 1052 681 65 108 233 706 634 150 240 782 333 499 575 1 280 886 410 832 1195 88 45 1508 894 1215 26 1436 254 653
3229 980 847 574 399 640 803 273 787 41 224 962 1031 852 333 351 1218 1329
3230 1074 282 282 834 30 1119 420 244 112 526
3231 847 795 778 923 362 684 430 794 232 1137 231 106 804
3232 594 684 99 86 909 88 240 244 65 581
3233 381 791 443 852 440 1117 280 432 1228 898
3234 1433 670 63 699 311 834 140 1075 928 244 216 5 519 245 191 1051 84 241 232 1316 1475 732 1483 107 1440 249 708 1035 1328 1343 143 223 352 486 465 253 747 513 459 447 424 841 701 977 1030 52 40 1375 412 1144 1001 148 1487 1150 1347 1066 686 897 1141 1003 705 228 867 1166 1476 185 1016 1467 898 1155
3235 143 1408 248 639 781 778 823 1111 572 1184 723 716 460 1330 459 82
3236 1504 1150 734 260 1475 728 57 773 982 443
3237 1195 1027 138 597 1105 182 1216 861 656 1136
3238 854 106 232 854 864 786 684 463 1036 231
3239 143 891 626 595 896 701 35 452 751 781 106 1053 195 1144 129 789 880 188 33 1389 987 1349 812 108 636 1094 888 734 1151 697 109 1064 1059 1022 137 66 188 1284 1129 754 8 900 1509 961
3240 691 183 360 811 185 984 691 812 690 545 968 419 730 42 1387 838 1366
3241 778 713 980 794 1195 502 764 1096 521 1503 1165 623 399 794 362 713 847 181 452 818 239 919 619 136 801 760
3242 112 818 794 910 362 476 155 259 910 471
3243 10 86 315 93 283 68 452 781 656 1082 112 951 282 786 109 684
3244 543 440 903 244 519 39 269 1167 269 258 65 583 59 68 959 447 133 265 763 33 812 1266 1415 778 520 193 699 724 662 107 61 1199 310 410 66 1158 609 1254 272 836 1233 278 834 485 1164 1122 568 246 752 974
3245 476 778 1165 1241 1131 864 684 362 853 1082 818 909 1230
3246 347 525 94 217 114 162 367 284 284 69
3247 94 1415 888 703 26 143 1144 1167 471 250 709 748 362 715 1391
3248 193 692 708 1056 1375 748 740 270 647 1226 1144 1256 241 1295 833
3249 214 774 853 1506 922 85 143 136 889 805 552 232 47 150 1047 366 920
3250 270 169 425 425 993 52 460 764 946 1142 40 33
3251 917 53 684 1176 864 230 549 10 641 854 861 771 88 1233 452
3252 181 114 244 432 148 789 554 601 57 232 464 364 623 72 639 78 35 18 692
3253 653 666 137 560 194 662 54 10 1226 660 827
3254 1138 328 408 498 110 1321 427 207 578 525 618 135 909 162 156 335
3255 521 362 112 1165 206 182 106 476 656 206 64 792 873 568 521 539 156 206 232 106 568 399 663 182 713 770 248 463 182 206 47 207
3256 778 923 1048 996 794 1066 6 361 258 440 962 1436
3257 52 150 945 81 355 1407 143 170 140 274 94 114 868 37 46 1177 517 52 389 129 84 1432 459 47 334 231 922 323 304 284 108 1036 287 821 265 126 85 314 110 392 115 471 1206 147 1236 119 945 456 133 527 1262 993 566 1247 541 806 822 370 1080 853 149 320 799 337 104 1217 436 52 160 951 193 1262 194 917 548 141 1013 485 328 153 93 281 537 8 588 164 154 1069 65 248 273 80 314 635 177 507 1213 68 19 565 496 310 216 561 628 132 789 495 1047 37 20 878 232 1109 519 400 452 244 443 39 493 732 682 336 561 46 1279 777 172 845 358 491 169 176 323 1123 223 620 600 447 189 1019 17 254 770 639 786 1008 98 308 460 616 504 552 1089 1064 46 244 170 98 1169 572 898 516 1256 280 75 699 897
3258 10 794 924 99 232 598 181 122 88 276 930
3259 143 864 641 350 969 967 926 85 97 1171 101 559 1387 802 761 925 138 1165 728
3260 21 1010 791 366 30 249 708 420 48 183 26 834 106 26 724 412 399 256 1114 1114 699 1 33 1162 47 525 112
3261 1100 1068 30 1397 629 349 65 460 352 352 30 352 1231 47 1162
3262 82 232 10 106 619 273 138 348 430 138
3263 174 483 388 801 372 909 619 746 189 1357 69 193 791 132 1378 132 739 961
3264 758 1480 80 52 641 112 350 782 189 1066 1364 839
3265 706 33 1009 1050 662 687 1413 114 346 829 945 295 185 1177 244 467 412 647 757 681 202 1328 1415 78 318 65 48 575 112 241 519 786
3266 363 248 1343 654 50 1258 73 656 64 662 440 554 832 600 106 33 10 5 521 240 114 88 622 114 519 880 674 681 639 330 903 713 679 111 595 32 746 980 609 56 421 1328 699 894 1500
3267 259 236 143 209 209 196 300 391 172 110 18 179 213 482 751 20 196
3268 851 523 381 194 1478 809 759 420 423 54 862 172 713 525 439 230 232 427 925 70 1018 640 6 433 163 861 1132 930 135 101 76 162 1210 1309 549 768 68 1171 996 270 921 320 110 474 143 233 129 465 370 186 234 505 823 910 142 86 908 790 391 864 997 113 231 1419 13 0 115 333 399 167 801 782 917 1462 378 1130 146 354 66 428 521 80 14 171 1377 760 118 1290 1246 590 182 639 131 463 464 89 857 1039 338 478 829 27 189 962 127 311 274 1431 277 809 813 877 543 847 348 112 1133 181 99 969 169 9 1025 767 867 1177 1355 72 294 845 847 771 350 44 1013 47 440 196 96 983 1 284 97 799 174 75 148 90 1138 1078 193 849 844 103 641 81 138 399 713 656 550 331 257 1304 146 50 845 88 248 12 682 351 236 168 12 268 808 214 1371 986 1084 195 1269 412 794 165 388 476 226 336 177 1432 862 71 1277 505 684 1001 873 923 966 1183 133 969 109 5 1502 1241 324 658 1001 67 198 930 760 1308 1478 831 679 855 852 1401 172 270 1478 320 524 577 421 606 1405 63 291 133 779 206 791 282 1169 495 477 240 18 780 1046 181 499 171 1289 131 1079 235 382 520 7 310 242 1175 1238 216 802 536 93 243 353 1394 486 542 1175 958 679 1135 201 52 1186 508 475 1041 464 245 630 92 1001 606 495 1175 198 1419 780 1243 1243 630 224 996 872 479 449 42 1043 1178 39 197 13 20 505 243 1048 489 192 140 1015 1168 803 1435 572 45 505 518 993 505 465 1078 503 448 949 508 697 419 453 963 1020 504 786 495 1105 521 508 168 1169 171 590 63 1111 554 21 1054 513 486 1137 559 1215 1402 262 1037 13 239 257 232 296 713 448 78 590 611 353 486 1072 526 1041 582 823 828 557 69 619 1001 750 431 1028 505 73 622 1352 460 97 1372 371 553 240 169 639 226 500 619 1364 50 991 34 174 577 280 315 502 750 594 213 136 98 916 176 1195 597 308 225 914 732 488 472 91 156 679 345 448 1266 453 894 448 631 505 598 485 518 181 220 221 315 1006 553 983 778 1060 652 1430 1335 609 43 1032 543 854 1031 194 954 617 606 1016 322 734 1233 399 116 68 656 550 43 539 526 333 127 1186 265 674 1193 636 787 26 568 828 605 490 699 155 763 899 287 636 31 1119 1023 92 172 1282 546 667 41 114 1106 60 203 135 1326 16 1114 13 981 1079 1302 653 1113 1219 976 742 742 824 742 179 1279 673 33 1045 919 1258 1122 1219 1244 244 1334 56 171 241 692 1014 247 595 1026 415 178 724 119 971 106 1378 1181 665 374 1378 742 13 1024 706 723 567 1194 1303 1058 13 612 748 1021 812 903 1144 1472 757 519 1228 633 755 702 232 1011 858 720 604 887 898 1047 685 707 1049 1476 574 575 1059 256 77 1171 1434 1487
3269 912 313 265 1078 515 259 250 1439 777 1268 213 697 1 1384 712
3270 818 794 1051 778 88 112 335 590 361 792
3271 362 980 861 572 1165 207 463 623 1058 873 249 1039 804 233
3272 244 361 526 143 196 460 471 1051 259 906 689 684 172 702 349 1123 1504 1035 256 638 1394 720
3273 182 181 713 590 786 80 174 39 609 329 181 609
3274 147 104 76 932 1323 185 619 552 583 215 143 750 203 119 750 107 248 575 324 285 715 85 475 27 1117 685 773 266 1405 1238 1285 110 619 1023 1045 47 1071 143 1155 623
3275 959 107 249 747 1162 738 121 215 725 1514 21
3276 525 297 996 297 1378 835 930 861 605 761 873
3277 30 143 362 605 88 1137 324 1512 519 1082 684
3278 715 683 249 1006 1024 1080 897 852 244 927
3279 189 721 1246 1107 617 110 476 1039 523 930 383 1041
3280 1238 566 13 65 758 463 909 294 110 324 324 13
3281 1185 378 1165 231 142 207 990 795 55 871 138
3282 807 807 103 932 143 1075 433 1353 99 75 308
3283 248 451 233 263 449 88 284 317 98 804 430 917 468
3284 1171 1225 419 247 574 684 419 713 419 961 1437 112 577 910 31
3285 467 98 142 202 696 568 731 696 782 143 221 720 596 1117 841 823
3286 508 13 801 1032 718 778 430 207 64 1039
3287 5 734 595 232 112 444 432 106 477 647 48 619 126 407 702 214 1227
3288 937 588 66 864 998 317 374 342 858 343 324 343
3289 415 76 490 304 274 145 32 131 75 118 64 137 80 930 351 269 154 104 107 80 10 79 1014 186 163 196 344 157 166 477 783 659 168 273 338 423 107
3290 504 421 927 667 572 723 333 936 1139 1345 1328 1197 994 78 205 832 391 50 242 1268 932
3291 1119 110 182 572 203 475 69 286 241 10 196 65 129 50 440 269 878 33 473 155 121 875 637 69 77 1043 54 97 262 662 1071 670 26 1307 1105 1105 581 680 250 77 933 76 401 683
3292 1112 76 315 76 1008 68 1334 1029 503 26 49 950 698 137 256 833 898 46 1071 265 1168 705 133 699 837 879 382 554 773 1428 228 753
3293 121 143 244 65 50 508 9 674 952 203 352 683 1023 955 712 712 1436
3294 572 162 1279 656 802 230 440 1024 1066 684 116 794 1255 530
3295 702 595 185 1228 674 143 734 1236 812 838 1450 557 1158 1331 1226 782
3296 1165 147 566 240 49 1151 1151 961 1151 493 47 1045 676 1151 773 52 512 748
3297 665 84 597 361 638 325 796 380 858 569 906 407 88 395
3298 794 1286 778 1398 142 864 297 1477 861 185 232 230 1398
3299 525 254 699 143 53 244 687 898 572 898 804 194
3300 249 647 889 69 172 54 1302 304 683 30
3301 10 909 864 765 1066 174 818 440 112 230 1036 1120 525 270 684 1120 236 776
3302 1039 476 463 794 0 818 233 847 521 490 182 233 171 828 801 996 546 1171 782 760 230
3303 190 46 428 801 275 254 213 275 622 241 1496 376 607 64 1374 683 26 1084 382 683 683 888 115 118 807 575 757 1226 1328 807 707 1181 703 896 1199 739 436 1094 3 203 722 722 812 1200 838 838 183 1129 1162 1507 723 228
3304 1269 1269 80 1135 469 218 560 189 344 257 96 1324 916
3305 223 21 67 407 873 789 152 601 846 1148 619 248 520 907 812 812 710 730 170 256 183
3306 391 231 871 163 452 355 521 924 335 69 440
3307 471 981 1132 1017 226 226 876 1112 106 49
3308 474 156 70 216 440 1137 53 98 864 10 1231 963 525
3309 226 1276 561 1140 872 78 962 1109 577 561 831 554 1226 223
3310 255 641 1176 1056 757 69 757 50 972 696 133 401 579
3311 432 381 68 33 36 72 691 46 194 1157 143 1307 890 421 391
3312 592 796 1255 544 476 230 210 1013 233 1062 563 1245
3313 202 41 114 107 126 515 300 331 13 656 1458 958 3 115 467 808 381 1069 341 781 420 500 133 242 358 185 89 401 985 224 1015 818 687 1303 948
3314 80 600 65 434 1051 308 345 415 1117 229 718 244 1377 88 1085 778 833 182 65 217 718 10 413 217 239 727 1105 181 99 21 143 1268 315 74 103 834 683 412 1130 188 203 568 1354 248 989 223 699 21 480 951 1446 490 707 241 1233 1505 39 50 838 304 521 741 75 13 31 490 280 837
3315 770 525 1104 249 425 896 63 834 581 566 250 818 832 50 84 52 65 445 169 63 566 133 1491 30 683 763 1204 227 33 932 839
3316 343 343 1286 778 1083 857 857 804 1286 857 804 954
3317 135 168 168 72 440 748 244 21 626 39 1431 257 1242 8
3318 229 39 232 684 440 143 47 790 447 79 519 1050 202 47
3319 909 1365 1509 864 1488 440 54 362 249 297 1001 233 207
3320 223 79 78 748 686 1015 1105 539 273 674 178 707 47 686 10
3321 21 586 123 1105 272 399 575 1195 1387 308 557 179 439 452 47 546 183 502 529 673 1470 312 691 655 1258 1113 1181 779 880 686 1178 739 981 720 160 687 720 894 1227 1227 1228 841 712 173
3322 765 3 1441 323 254 1365 708 684 362 778
3323 823 248 786 27 248 639 786 10 248 483 291 1082 97 490 330 619 713 54 138 399 58 463 239 452 463 362 317 674
3324 795 233 1255 234 1212 1303 1452 705 1136 783
3325 1023 223 253 249 382 813 33 463 1507 725 84 1375 1216
3326 75 1165 930 1105 490 178 713 143 273 173
3327 794 47 523 297 1036 30 362 864 873 476
3328 1419 505 1210 805 761 1136 762 44 990 924 742
3329 254 239 194 593 593 47 593 653 780 683 1056 513
3330 189 847 81 207 615 324 98 120 1233 476 1265 156 818 801 523 241 231
3331 830 675 1066 863 297 82 1364 1267 554 440 69 1058 335
3332 1182 792 727 778 490 554 324 832 106 554 554 361 257 1152 283 385 80 622 1105 234 925 1017 671 1112 241 554 656 487 324 1012 679 217 188 110 1012 560 64 782 1375 75 841 1057 907 75 65 1158 193 575 103 66 463 886 450 207 112 771 1134 976
3333 1378 1365 233 758 162 1497 254 112 554 287
3334 166 168 504 353 606 457 361 143 557 448 654 1106 1373 69 831 595 239 50 634 932 642 242 278 1060 1029 1182 697 1243 1470 924 971 951 1014 925 1264 791 687
3335 231 1289 276 942 578 684 232 1264 1406 129 223 1340 525
3336 88 482 315 115 10 415 336 177 782 170 789 410 949 287 207 485 595 346 214 1266 107 272 179 657 64 583 600 252 107 106 827 333 493 440 23 1347
3337 801 1227 521 779 439 486 889 156 713 142 232 930 377
3338 147 963 217 1319 95 879 129 1111 29 1114 619 1226
3339 73 839 33 1201 653 812 662 1333 838 727 674 82 42 65 351 236 50 739 412 148 1117 290 1010 1495 746 841 188 21 73 1339 905 1068 1229 545 444
3340 1265 142 405 978 64 940 523 451 1096 1365 913 559
3341 739 1072 674 812 520 834 686 1014 757 1306 838 443 1347
3342 759 1370 467 924 854 112 589 80 262 232
3343 250 44 5 170 1048 300 71 281 338 1 39
3344 1073 121 36 254 1307 185 248 10 80 1513 812 736 730 1375 991 673 662 840 304 199 1514 517 26 702 188 692 1338 1293 980 842 362 1010 596
3345 70 269 684 310 946 382 323 380 1211 114 968 542 1089 114 372 372 30 1234 496 311 114 633 323 507 1130 250 323 110 30 1440 342 447 244 52 526 630 1055 484 475 217 19 224 1373 618 172 35 1123 374 1335 626 35 196 384 310 189 1006 1275 759 1182 824 1112 1105 683 1416 1219
3346 639 910 792 248 181 136 173 150 141 114 143 476 179 74 899 21 232 47
3347 812 662 257 976 106 69 1059 97 1058 440 418 734 1171 1391 961 1057 430 75
3348 84 321 115 115 878 63 545 352 223 381 112 331 1117 952 904 609 660 14 677 70 1176 653 74 206 832 239 133 1303
3349 39 236 572 88 211 76 54 818 1364 97 1050 26
3350 233 10 112 490 80 112 476 864 490 847 112 80 1135 112 554
3351 762 801 88 440 143 792 236 232 106 248
3352 30 249 724 447 1501 765 575 476 21 782 679 568 1235 223 193 241 626 182 21 1068 189 865
3353 32 581 581 1226 1146 30 581 1334 84 1319 253 1335 30 253 616 65 628 952 1216 813 1145 255 249 388 955 909 31 1377 763
3354 859 742 665 143 1176 1024 861 231 146 234 684 539 297 232
3355 1216 106 419 64 625 917 709 112 112 572 941 360 88 10 873 1057 452
3356 985 116 209 355 336 23 206 54 340 431 44 61 455 269 566 1274 797 129
3357 32 173 103 790 782 760 466 588 207 294 372 131 969 541 389 192 1104 351 575
3358 141 704 987 1069 143 467 1088 1074 1273 1089
3359 30 31 39 1380 162 30 30 65 47 1158 1204 1208
3360 861 792 233 1271 804 142 914 864 291 909 233
3361 864 1216 452 230 110 122 522 407 476 184 787 188 589 162 476 861 762 639 81 361 663 156
3362 63 525 1206 696 420 236 696 378 52 1216 241 106 53 1154 688 1011
3363 926 476 794 965 79 864 501 112 248 1286 669
3364 47 141 554 684 1253 13 162 39 483 1125
3365 1165 361 794 713 1373 590 873 1340 925 521 828 792
3366 778 311 1038 929 549 1013 433 207 476 853
3367 349 932 554 1072 1056 440 718 1051 519 564 399 50 674 172 491 280 1328 732 1 218 63 424 154 475 407 471 889 525 110 568 777 179 270 1027 715 21 713
3368 525 834 568 832 526 33 269 1199 662 833 1072 552 1416 1456 65 898 686 410 177 653 50 734 835 521 504 1053 757 1119 746 366 610 1164 21 1375 600 738 840 1253 1428 901 121 236 837 486 752 1207 349 5 1160
3369 604 112 1280 1178 91 156 663 962 831 21 904 236
3370 295 50 889 625 360 174 968 504 822 307 389 623 550 335 69 787 1234
3371 164 308 757 346 407 244 552 282 718 351 262 106 206 645 569 707 661 35 149 630 720 491 727 836 132 906 1181 880 715 740 754 106 568 1428 906 789 737
3372 554 579 845 263 80 173 156 1441 491 21
3373 110 948 560 336 1088 172 186 186 768 452
3374 143 1078 1364 88 553 269 657 421 1014 621 57 473 1144
3375 945 550 163 799 113 23 983 107 784 301 947 310 144 1078 338 246 265 85 124 274 1015 843 566 1100 157 336 132 599 1 1087 154 428 257 548 894 353 186 65 44 746 485 421 115 406 212 66 473 466 468 72 161 1169 1439 258 71 5 41 52 440 482 852 520 420 135 164 42 410 1439 17 508 519 21 572 302 1043 160 432 831 291 1014 221 70 553 557 653 580 591 652 107 133 19 33 580 688 661 673 141 690 1244 691 40 1490
3376 684 1304 778 189 26 665 486 184 440 230 231 702 1225 88 80 1378 256
3377 88 238 42 773 676 773 1117 239 194 655 65 626 1233 708 47 626 985 88
3378 916 794 617 120 909 1512 1309 861 976 138 560
3379 574 818 1386 758 889 861 995 30 1512 1497
3380 50 88 517 1078 96 84 236 301 300 278 76 321 782 59 54 768 118 948 1015 100 147 346
3381 801 297 794 956 1286 544 924 142 343 1354 82
3382 1001 987 342 20 542 1141 1005 97 1281 378 535 1281 1141 1073 896 795 342 232 990 424 10 463 244 330 223 1342 4 741 754
3383 1105 112 794 477 854 1370 855 864 1179 43 818 362 1255 231 790 847
3384 609 430 619 1166 963 481 156 1141 794 765 638 569
3385 454 44 1337 30 1154 57 1254 1049 752 752 499 740 557 818 508 748 366
3386 361 796 873 142 990 81 95 864 110 762 493 1321 308 1378 335 231
3387 610 476 84 166 467 525 162 110 861 818 773 143 181 445 467
3388 20 994 202 459 444 1343 78 311 533 391 628 420 527 1353 994 133 1218 636 988 36 193 50 779 802 570
3389 795 263 1393 917 956 863 397 467 1044 638 95 505 976 230 1265 81
3390 539 189 1455 112 395 794 568 476 182 234 1421 1217 641
3391 1354 430 708 1075 704 1389 1260 30 1374 888 1389 30 1162 728 1150 249 699 866 747 1216
3392 1073 1171 230 1036 362 257 39 794 873 156 609
3393 314 539 31 399 801 380 713 823 70 786
3394 430 233 818 85 490 0 864 1186 88 440 80 930 434 69
3395 912 79 327 405 91 1323 921 132 96 339 829 819
3396 262 156 1165 430 287 207 374 556 113 806
3397 1035 91 1036 131 106 81 1502 348 105 355
3398 311 554 923 499 766 1079 146 633 475 321 606 321 1081 65 1021 104 361 275 236 406 518 455 619 217 1372 1425 855 443 875 1051 15 1072 1115 1307 57 50 875 620 1014 471 1027 1062 903 1001 686
3399 847 493 82 213 101 232 1364 525 1006 847 688 33 554 1340 421 391 492 54 1181 1186 1049 420 1364 338 572 665 903 953 1057 97 577 567 10 591 1084 315 1043 893 581 107 64 1296 520 962 798 71 401 196 569 206 1415 722 562 432 80 963 1505 898 732 757 1266 665 1151 599 1298 1255 835 176 248 108 1446 1054 980 304 1029 254 727 364 203 821 57 600 1434 594 702 718 1182 886 322 1097 687 1024 66 839 362 68 39 828 1487 27 493 525 847 688 577 1266 42 132 1452 440 1182 65 619 1129 351 50 835 421 295 1510 747 249 570 1201 840 989 745 649 699 622 361 1428 412 88 236 199 21 569 740 1134 448 1330 600 730 743 1447 685 121 1065 1366 1204 1053 737 782 905 506 1226 1325 1338 30 474 1207 1471 184 1297 842 906 1295 673 77 43 266 1492 682
3400 230 182 110 861 430 146 1464 1114 226 778 1018 110 172 523 1082 226
3401 128 430 539 560 70 456 1364 1137 560 88 456 683 1219 10 239 106 440 864 236 254 1350 77 734 456
3402 728 1008 1197 1294 717 9 1389 717 928 952 1491 1191 894 1235 1307 1507 1029
3403 132 143 572 575 1112 928 684 529 866 1238 554
3404 774 813 143 58 804 725 56 1406 404 904
3405 41 420 785 257 921 1141 854 991 475 626 566 299 77 422 707 1434 1487
3406 112 526 1072 39 1364 1328 80 0 191 1499 43 665 554 519 440 1423 681 1036 1450 622 518 362 1308 50 88 241 1253 1081 663
3407 684 231 142 230 81 925 1298 1286 1211 818 864 112 438 397 441 434 335 765 778 1036 1084
3408 182 794 684 818 889 207 765 979 181 279 521 120 146 106 710 88 229 1036 572 773
3409 1185 233 142 207 924 794 1286 909 913 762 1406 1212 138 786 182
3410 1048 864 88 1479 778 419 1104 399 1231 683 1463 424 837 451 189 642 651 1134 730 481 702 707 1156 66 879 1203 691 268 6 946 218 440 317 1491 1229 44 727 64 575 463 1428 699 871 349 256 525 210 630 1015 904 898 239 114 718 179 564 1294 75 227 487 521 782 1113 1339 251 412 720 1057 639 743 188 228 568 581 1112 1051 905 623 1375 511 183 539 1166 149 80 985 674 1145 1155 415 1207 1006 308 974 1105 75 1204 840 841 1112 945 399 1184 80 1012 165
3411 299 177 79 590 590 866 1068 698 896 447 249 763 631 137 240 879 724 833 330 1017 678 50 30 1068 982 1203 1162
3412 403 864 248 1136 182 1105 861 189 1176 623 184
3413 397 917 182 619 50 595 249 30 917 324 1354
3414 281 79 246 112 358 70 456 83 102 468 807 97 167 150 194 112 115 787
3415 684 863 889 112 434 335 794 539 476 818 1245
3416 476 1305 801 1039 684 230 440 554 1227 904
3417 763 656 460 310 866 1456 985 1456 699 593 425 679 778 673 476 463 1164 47 440 1017 560 1154 1052 763 1216 1229 601 738
3418 49 88 20 518 172 571 1015 43 1015 1231 130 554 874 709 1433 898 256 895 30 143 440 169 1159 1505 412 738 1049 1232 657 974 1124 773 730 110 516 832 244 1293 388 791 738 753 581 725 456 40 44 184 1208
3419 106 684 248 31 596 713 794 452 849 155
3420 831 789 208 562 899 333 732 846 785 731 39 809 933 244 85 5 287 516 579 65 323 1060 535 26 1030 644 580 606 869 869 575 581 723 890 1117 643 73 450 944 308 1148 569 1328 77 511
3421 244 443 660 831 9 746 683 13 728 1328 1056 133 304 591 568 351 582 215 30 199 780 68 132 818 554 500 483 1151 674 903 74 143 890 1115 639 1228 69 751 196 330 349 1155 867 1043 834 148 773 786 232 440 977 835 419 1303 1454 169 1201 526 33 26 52 259 202 1380 65 791 1380 609 239 1199 210 236 1491 636 193 736 730 137 1436 1375 1006 798 64 727 1334 1203 1428 564 744 114 707 121 905 725 900 898 6 743 737 410 1338 49 778 754 511 1297 1 174 728 1293 703 378 63 1207 92 1253 838 280 653 183 752 1233 451 1194
3422 441 401 986 847 244 163 207 1410 488 780 1001 687 254
3423 112 487 255 1116 350 4 96 392 793 98 1177
3424 352 1030 488 980 8 1319 566 194 68 84 20
3425 143 324 620 1052 568 683 193 50 1084 48 702 715 1199 412 592 1114 665 1294 1429 1084 1423 1210 679 744 691 679 1134 757 1162 710 1000 653 194 1256 236 1079 30 631 1207 566 696 581
3426 653 131 539 73 554 97 1 232 440 684 1340 568
3427 93 333 1088 9 1343 936 116 468 894 52 1088 236 45 1157 1364 1178 169 777 1505 842 580
3428 1216 164 1155 1114 834 568 533 1057 382 307 72 660 521 206 600 308 31 679 698 242 1324 189 616 1226 1053 640 227 1446 1302 346 1221 1295 475 100 1194 511 609 239 1158 21 1203 609 1134 1150 554 112 1010 720 106 47 593 702 763 720 463 720 832 727 388 782 1338 80 1227 1207 904 727 1017 1105 837 181
3429 1307 1474 831 684 140 143 999 249 1109 1071 227
3430 801 232 1378 450 41 930 297 641 269 727 1226 1151 13 149 493
3431 263 868 488 430 441 335 393 1285 91 656
3432 254 1299 49 773 1011 13 1015 1254 1238 37 520 899 47 1483 143 216 735 898 569 1251 932 119 106 143 1011 215 577 46
3433 1045 686 712 734 681 894 443 1059 205 1227 85 246
3434 113 1179 156 157 778 490 189 768 490 112 910
3435 88 82 407 143 116 76 182 192 69 133 401 440 232
3436 909 778 1230 362 794 1276 1223 851 231 909 765 30 980 1202
3437 440 106 233 1452 49 248 64 1421 232 656 1424 1039 49 569
3438 529 790 53 177 576 463 476 130 993 1294 1229 681 744 673 1244 675 691 1012 740
3439 112 597 80 273 577 252 1468 481 564 493 491 589 452 64 361 509 79 434 263 619 163 1001 232 913 213 1331 44 223 108 113 890 631 968 674 1364 21 924 588
3440 143 600 552 47 1151 143 239 818 645 84 754
3441 560 248 1057 1226 757 232 149 500 1117 1111 554 440 174 839 88 169 143 903 694 703 1169 526 832 560 270 685 412 591 679 287 1155 64 722 702 678 891 333 1012 906 1357 904 504 684 568 1064 1378 456 744 631 712 1500 708 891 818 88 702 249 754 188 680
3442 706 405 430 442 232 263 797 1025 463 452 572 450 588 208 492 360 81 196 925 537 56 255 641 493 297 209 910 294 721 214 477 654 818 525 10 106 778 230 81 437 229 563 114 1340 98 99 511 656 778 374 337 405 723 733 1265 334 802 695 1171 528 265 1057 715 733 886 1330 1384 1502 307 1137
3443 794 362 1264 549 430 641 762 543 915 102 325 81 804 320 271
3444 177 1154 223 147 1 244 85 866 254 1380
3445 636 701 1268 988 879 980 129 527 1330 1251 566 1391 109 693 1044 109 1 886 421 752 150 572 1256 1307 130 103 1493 859 1452 1293 897 150 840 903 707 765 254 757 142 183 1015 959 118 1024 741 179 143
3446 847 809 1224 541 721 399 1421 964 239 521 563 1165 155 854 925 791 1171 380
3447 1365 913 1398 796 467 698 430 684 503 1212
3448 84 77 64 249 930 647 629 1084 909 757 794 333 889
3449 371 919 778 440 761 97 755 995 1137 27
3450 641 30 362 193 525 413 1426 1444 248 1136 970 1125 328 434
3451 103 136 81 83 88 214 212 153 100 515 113 134 64 129 232 577 209 209 146 206 1274 240 196 1355 54 471 782 1177 110 530 121 8 146 845 162 0 168 1079 351 799 167 174 14 482 521 440 1431 777 186 72 807 39 42 160 845 443 1111 412 188 878 1240 21 1039 894 880 143 44 308 546 493 18 308 22 545 1382 546
3452 539 232 1024 1165 794 307 207 873 49 335 762 82 440 179
3453 84 928 452 452 568 147 708 1309 7 1073 915 13 626 13 256 596 50 985 406 223 194 837 867 974 1229 681 128 265 683
3454 112 248 68 786 263 292 142 393 938 297
3455 684 794 769 236 70 80 362 143 194 53 401
3456 794 760 913 909 539 636 796 762 1024 860 544
3457 779 864 143 44 687 463 133 1151 64 410 278 211 132 269 591 511 50 194 412 389 76 504 126 557 518 520 596 572 643 906 366 569 579 639 334 897 179 535 47 950
3458 1137 1467 382 837 757 447 1150 1077 218 888 182 590 887 47 600 840 1238 30 554 707 1349 752 702 1067 63 765 679 440 898 1068 568 631 206 179 1375 720 112 842 560 241 29 1156 138 203 699 1017 1194 1 106 50 905 1207 823 575 174 1231
3459 1230 30 243 65 182 13 47 250 399 29 707
3460 529 1404 210 976 1030 81 864 76 53 69 566 351 577 194 525 458 287 88 54 684 420 54 147 870
3461 779 648 183 183 268 17 425 425 696 21 26 1047 18 37 685
3462 166 80 127 554 199 167 21 147 74 284 315 698 575 609 630 37 112 521 702
3463 909 1027 79 1037 428 1027 134 1311 575 132
3464 684 315 216 843 648 1001 1108 928 1103 831 101 256 3 1029 1103 1260 1253 1295 1253 1379 244 715 1379 43 927 1379 1509 593 216 715 1297 1267 568 50
3465 759 476 233 308 943 911 818 122 1241 996 1386 1245 297 403 523 156
3466 873 397 476 331 430 694 735 714 554 101 661
3467 179 147 42 1004 566 1345 143 1151 460 525 728
3468 640 172 258 575 789 179 410 54 44 802 188 196 199 0 18 33 115 1499 415 1302 557 533 572 695 42 135 686 1122 225 961 691 977 65 577 609 33 680 440 239 679 459 240 827 1327 269 412
3469 33 421 421 258 103 782 739 110 980 782 143 1380 1417 421
3470 1444 1444 735 459 1146 778 255 568 1203 871 763 1335 1024 629 1027 227 1225 65 753 1231 392 244
3471 128 1407 525 1269 451 818 202 297 847 995 403 270
3472 115 381 676 1088 841 1069 782 135 560 1069
3473 1226 683 831 721 834 590 254 1303 1196 1057 961 837 1203 1447
3474 773 9 1224 297 463 156 1036 552 65 52 142 1455 47
3475 179 74 223 420 657 906 932 744 241 244 903
3476 333 1118 59 485 789 252 934 202 261 205 1157 894 1343
3477 924 1286 1482 549 142 343 1482 271 1217 100 1211 273 325
3478 325 231 1353 909 142 796 1321 320 544 393 110
3479 1200 762 99 463 539 82 232 758 476 230
3480 850 309 1224 378 266 268 68 1082 192 63
3481 189 801 1013 207 248 91 142 156 713 1013
3482 407 1104 907 569 1151 525 47 110 1054 691 26 1010
3483 1155 705 452 440 50 1299 702 739 1063 568 1181 13 699 280 630 773 736 17 330 687 1253 569 78 1090 766 932 154 678 738 835 707 757 424 1374 946 1486 886 683 44 842 513 1207 59 74 1051 577 70 743 557 659
3484 819 616 133 568 616 76 440 1150 1167 745 30
3485 185 751 782 739 466 410 241 619 730 143
3486 186 174 1319 320 698 1242 80 47 564 39 133 85
3487 37 831 33 244 600 595 1227 835 401 554 832 572 41 1328 629 581 1066 734 239 1364 338 69 199 156 439 699 362 132 324 440 241 569 1303 744 720 734 729 903
3488 786 793 362 331 549 447 406 1082 585 489 1243 193
3489 143 57 88 1343 170 488 716 53 948 119 194
3490 244 483 331 561 1372 1331 142 923 873 1352 566 1136 575 147 8 74 459 446
3491 362 47 182 490 1230 1068 483 445 112 609 1082 1082
3492 1463 141 48 121 121 114 812 195 657 64 1097 440 21 811
3493 10 1359 794 182 112 1430 684 197 976 1497
3494 80 50 236 550 84 763 1176 170 932 680
3495 259 808 382 20 302 872 872 96 382 302 831 57 47 1076 13 41 97 41 421 936 783 311 483 262 791 246 46 468 1088 336 218 114 440 243 378 67 331 43 236 50 291 37 1114 653 21 609 17 867 1177 30 239 655 174 174 1111 39 845 215 248 35 240 1141 746 1050 500 832 342 1117 342 971 275 196 76 521 679 707 26 1066 893 691 247 833 66 308 75 88 1104 566 1227 607 841 693 974 80 1155 905 254 698 1408 738 727 73 1428 1203 904 1297 744 1010 619 1068 419 727
3496 525 1349 30 757 1067 324 65 834 392 1167 707 1162 1151 866 699 50 744 206
3497 452 1367 687 385 83 64 415 278 1078 430 145 118 773 208
3498 1088 490 349 142 408 319 931 319 361 110 207 889 1342 39 1195 1146 602 319 941 595 685 685 335 488 1084 437 26 643 1453 49 460 572 549 391
3499 628 106 696 10 203 171 430 283 763 1303 579 569 1294 656 81 716 232 193 696 566 560 841
3500 248 917 129 355 207 802 105 163 452 440
3501 656 861 916 1292 873 1230 99 1024 757 712 362 539 131 1223
3502 801 182 1387 172 487 182 230 233 720 64 713 976
3503 1190 189 89 181 21 801 182 143 42 223 321 889 216 22 885 1075 232 1226 244 907
3504 818 226 231 1469 81 142 912 490 248 97 525 794 1286 325 88 146 1371 1130 684
3505 248 818 362 794 0 233 1224 1178 1105 1393 430 1455 760 873 779 684
3506 778 795 1105 605 656 112 247 633 233 235
3507 521 188 572 18 412 518 786 1283 420 1069 50
3508 823 801 767 813 917 778 440 663 1010 861 1057 859
3509 362 135 249 249 1146 1036 577 812 812 1268 749 447 525 1197 82 806 1229 513 1452 63 707 745 674 1294 253
3510 52 355 521 802 129 577 99 813 10 541 91 767 163 284 486 1017 270 39 231 143 1195 790 1268 74 486 412 64 20 44 1068 854 452 1287 510 162 131
3511 463 80 909 430 794 233 362 273 112 156 106 554
3512 70 407 1286 110 452 440 156 792 758 596 433 263 550 467 74 1080 695 232 539
3513 156 1075 476 798 764 232 729 463 75 248 1294 491 1231
3514 119 1117 447 459 1472 203 732 880 666 143 1151 1154 26 834 254 1395 244 698
3515 427 233 801 1176 804 1082 828 427 230 81 187 792 232 778 1027
3516 1137 727 1114 440 1169 806 835 206 568 21 26 1266 1046 832 736 410 699 568 680 739 687 751 685 836 1201 901 88 889 412 121 1254 228 737 1134 757 842 1017 179
3517 1114 430 864 818 172 189 229 232 397 335 430 463 818 698 325 669
3518 1114 74 619 1154 737 30 1293 1229 842 746 662
3519 1201 818 554 1438 430 864 36 1513 894 1448 1389 566 1141 76 581 76 31 1151 228 443 47 580 77 691 619 906 516 5 1257 794 495
3520 179 653 733 950 1291 1 897 886 143 185 244 789 258 18 76 77 188 336 196 1291 84 129 1035 680 1157 1438 754 890 657 877 1057 1507 1514 981 228 1499 1349 643 1201 600 1161
3521 468 116 1168 1315 1351 953 1088 1315 1315 1088 468 468 1315 141 933 65 128 13 783 468 57 980 232 202 110 455 596 58 107 1028 781 1 290 1351 57 539 675 468 1274 5 1081 895 230 948 297 339 525 577 977 1030 635 1315 63 1215 864 389 56 1315 468 549 71 1351
3522 125 1298 868 319 1298 598 864 1372 960 88 971 1312 191 675 675 1434 191 732 1434 1416 1487 1491 465 1370
3523 40 1062 1141 1201 1504 64 65 1316 1154 735 1307 1163 798 600 1134 903 835 744 1063 1160 737 900 900 757 746 1293 782 147 419 707
3524 153 116 1106 9 1455 966 135 162 378 24 546 201 631 631 702
3525 444 198 997 493 15 648 619 1340 575 558 1183 701 885 136 419 1181 1400 907
3526 129 107 1 1080 903 65 818 557 195 33 794 236
3527 656 818 230 476 1416 65 1145 248 1137 1051 174 44
3528 182 759 760 248 910 86 88 539 1217 182 1216 801 232 399 778 1217
3529 52 143 244 112 802 791 879 1117 683 162 65
3530 1364 709 1112 269 1266 64 734 199 751 1377 1057 345 993 773 1400 26 622 626 47 156 142 1286 183 208 50 660 1197 33 1199 812 981 708 831 1377 691 382 595 730 746 1129 122 361 450 332 796 797 383 207 738 1129 673 1476
3531 564 38 1489 1196 689 1 1072 239 412 259 891
3532 362 291 476 818 1431 656 1027 855 758 864 1027
3533 80 399 222 639 493 1392 695 777 270 1042 695 1042 1042 590 1174 812 276 1158 508 865 802 1496 823 231 1330 475 92 892 1253 892 433 985 110 656 590 43 136
3534 230 864 871 97 233 612 954 1185 80 439
3535 979 930 801 605 864 889 476 860 828 699 828 600 156 600
3536 706 572 82 1508 1328 873 751 1024 1505 308 889 1424
3537 864 1107 362 147 801 202 990 1084 1423 910 985 1374 1260 1374
3538 525 948 170 47 1322 979 280 1247 485 663 250 232 1105 1066 520 39 196 930 189 308 33
3539 399 207 558 268 1277 248 88 966 467 1165 232 525 1210
3540 965 849 98 433 189 721 249 778 818 965
3541 832 31 619 1258 351 716 782 459 716 566 4 785 254 103 720 757 757 215 121 835 1010 1293 702 1339 842 29 707 258 1204 838 734 1233 600 905 1303
3542 521 440 1119 106 112 162 684 143 232 819 331 1111 910
3543 414 50 76 431 41 572 885 789 1095 262 88 202 1015 499 43 112 1178 554 133 65 194 244 132 172 216 444 196 550 351 353 116 297 269 1137 1307 239 239 322
3544 864 519 875 794 777 1371 273 1105 864 378 112 1425
3545 382 832 866 475 1195 64 225 80 1195 206 1151 1057 54
3546 584 786 50 430 930 801 1029 311 155 231 684 1335 182
3547 612 407 643 980 634 382 702 1238 1201 440 33 242
3548 801 545 1492 191 304 734 112 64 131 1097
3549 776 861 663 768 805 997 544 492 337 297 778 434 796 572 798
3550 440 793 1131 656 504 291 79 214 672 689
3551 1086 966 488 268 130 864 771 942 209 996
3552 144 8 346 1224 748 748 676 896 1345 927 518 1345
3553 319 1241 189 399 853 146 502 266 1038 135 189
3554 112 75 21 103 622 1287 792 231 88 782 75 1158 419 21 88
3555 77 439 413 1001 915 818 866 66 1 248
3556 230 82 913 1452 9 1336 1081 1508 991 1452 871 1115 955 205 424 738 1009 622 648 751 879 1201 683 600 634 280 425 1066 362 80
3557 1166 430 861 50 143 890 818 891 338 663
3558 662 80 1165 471 138 110 206 1378 560 254 232 1416 66 835 280 1490 889 1009 807 715 1066 656 726 648 21 97 568 721 1164 1201
3559 684 847 143 873 1454 1075 684 1452 30 863 1512
3560 1073 443 148 1484 688 352 704 29 378 1345 1253 763 1008 628 244 1023 798 708 1401 1145 1141 1000 9 84 647 747 16 755 1035 675 447 1307 1302 1145 1504 519 710 834 1475 1301 728 140 886 119 696 460 1035 707 698 36 1068 188 1491 1203 33 1475 1162 18 1144 1204 1295 241 1454 737 447 106 1068 227 753
3561 1230 794 729 818 781 549 702 432 792 233 1505 358
3562 794 909 230 106 1231 778 760 1298 142 230 1298
3563 594 1044 525 1152 702 452 1 248 581 174
3564 189 710 1225 58 590 232 713 74 623 720 232 590 710
3565 716 561 29 643 1418 1116 181 466 707 840
3566 254 1 1024 833 1072 42 203 165 443 630
3567 233 794 1187 112 476 97 1286 798 1066 930 1336 50 1448 832 1328 1452 703 44 82 233 762 297 146
3568 10 919 861 483 1208 560 1216 1426 596 249
3569 97 303 10 871 468 1017 167 100 217 841 31
3570 399 1417 55 335 430 762 463 273 839 889 1180
3571 852 962 542 162 1246 440 787 1122 294 1122 1122 582 852
3572 229 232 463 1038 128 1404 868 232 430 75
3573 233 525 248 684 467 1165 1182 554 1137 663 873
3574 904 924 232 189 917 638 509 919 81 794 82 631 317
3575 217 342 1231 439 257 1342 465 1225 864 1146 1145 1176 763
3576 1005 1071 89 560 248 750 1034 182 560 739 898
3577 1481 713 116 240 126 32 358 109 114 129 849 54 1083 306 913 81 1177 286 1019 861 172 439 768 236 1095 331 158 405 88 917 187 182 612 86 347 277 507 589 348 976 427 401 452 847 31 387 58 272 1133 78 331 954 993 641 560 759 476 1298 913 128 938 925 194 440 813 942 323 999 538 383 200 538 794 501 127 141 1418 696 232 258 256 741
3578 780 444 887 748 554 734 712 898 41 1059 1196 1263 568 707 119 244 1338
3579 724 795 1416 1374 319 512 1417 1150 1 724 1279 1452 834 1291 378 798 1164 818
3580 97 801 85 1080 206 1240 244 568 828 1010 371 782 707 600 684 679 233 82 407
3581 838 174 173 840 33 37 188 147 1155 56 779 739 85 106
3582 955 794 393 1404 972 340 341 1181 995 1479 128 916 529 557 643 440 581 407 906 1301 1312 374 733 529
3583 142 47 1345 1139 1330 1166 812 203 295 1499 600 974 653 65 778 50 554 1203 162 726 683 1038 193 1144 566 434 549 841 770 315 1207 13 112 890 734 1437 1257 1141 649 886 206 331 778
3584 786 328 803 182 1219 641 794 1096 325 249
3585 989 131 440 21 179 634 662 39 680 832 887 686 739
3586 778 760 746 1241 345 434 397 276 1182 138 539 804 142 122
3587 57 162 248 490 1195 199 382 491 39 520 168 899 56 351 1015 504 78 269 1168 110
3588 333 946 116 635 656 284 771 462 348 68 386 554 566
3589 362 129 657 63 806 1268 687 750 39 1001 1007 461 119 231 952 269 1007 1144 109 1191 185 1001 460 1318 1191 977 1233 88 1233 1149 650 30 616 30 1001
3590 10 438 1231 143 778 249 786 1231 778 794
3591 1165 762 439 1024 778 794 684 1452 863 1022 864 358 1348 70 371 1391 143 112 1416 53 256 244 1454 231 818
3592 406 945 464 279 172 202 287 415 208 433 300 506 348 300 1015 977 172 328 512 50 968
3593 1213 85 244 259 459 119 268 668 19 355 716 446 280 199 147 491 513 1193 634 610 185 881 692 657 1227
3594 1005 520 1023 1247 1475 241 205 410 1510 4
3595 561 987 460 241 1374 1480 919 696 806 919 919 1253 1194 864 972 1194 1393 1393 254 683 616 900 1064 1100
3596 647 639 463 333 223 395 232 330 262 141 1109 223 1 1431 10
3597 262 33 579 600 236 473 557 1066 757 852 82 606 972 244 206 581 142 85 440 1079 684 64 946
3598 205 21 748 626 84 1122 1385 520 841 1062 215 753
3599 634 1258 65 143 1195 138 864 129 919 560 557 684 639 1218 315 412 33 17 812 1117 699 643 31 440 1114 1303 910 709 880 1011 725 838 452 739 1333 1201 898 56 1295 80 1051 710 1160 1164 685 174 1375 223 891 1375 1330 223 1157 610 1328 708 1244 699 688 557 712 730 1510 539 745 424 679 182 1114 791 460 905 554 757 38 900 1231 121 179 1155 1338 754 545 88 182
3600 1066 82 830 554 1267 440 675 863 1364 335
3601 915 118 847 1007 991 1169 1420 1358 96 210 1301 550 90 845 808 226 146 76 548 349 80 451 1355 455 763 243 5 525 44 323 889 100 1021 39 481 88 64 1104 590 262 768 337 155 216 50 1503 181 1342 56 539 137 482 167
3602 58 232 181 554 539 80 490 609 103 39 639 1068 1137 590 330 229 526 596
3603 930 778 430 796 476 142 761 112 1477 549
3604 981 609 748 835 702 1151 568 1303 1164 88 839 493 626 26 835 554 1057 886 1303 88 1432 521 1325 1479 619 674 762 440 236 38 65 1152 780 747 1049 1339 898 730 720 841 1166 737 149 269 1416 4 54 107 468 310 228 694 1204 485 1233 366 961 170 1176
3605 909 110 1337 957 1165 50 762 1454 101 110
3606 257 1082 801 1365 919 1225 378 430 663 88 794 1179
3607 1017 112 1105 80 483 904 75 91 399 794 80 1090 43 554 707 1194 131 702
3608 1332 1228 683 526 834 696 239 223 86 1114 610 177 833 1201 1303 153 244 47 744 702 504 566 1180 720 600 687 579 839 49 52 735 715 29 1446 132 244 194 898 1332 566 518 156 1051 270 699 46 425 1238 76 513 415 720 744 833 47 752 647 261 887 1428 740 610 1181 707 1263 459 702 8 985 702 1494 566 1227 133 1303 46 1494 1330 244 47 1072 215 687 763 727 887 702 286 974 1051 1054 763 47 812 696 901 324 270 49 554 206 351 727 622 1494 744 1206 579 1151 415 1152 782 648 65 70 72 1338 950 407 707 1297 691 65 331 1233 840 214 1227
3609 1137 440 684 156 595 88 174 112 582 88 568 758 595 434
3610 217 523 657 1181 569 112 114 69 858 223
3611 656 65 107 746 428 802 980 406 801 746 10 91 106 42
3612 110 794 30 362 812 794 641 1075 861 1022 1156
3613 1066 244 523 206 425 154 97 287 485 583 239 54 420 789 382 382 630 474 577 557 691 41 928 736 169
3614 818 148 794 782 156 521 924 778 688 440 112 615 563 437 801
3615 267 199 269 106 173 898 232 353 353 410 1436
3616 792 1479 1182 937 503 819 416 916 430 792 976 252 351 1324 1377 966 13 355 110 1165 768 563 399 978 623 886 568 640 74 812 324 859 1015 182
3617 554 143 68 1421 706 233 1112 860 84 235 64 1092
3618 1393 420 676 244 1223 1229 439 249 1380 174 570 1015 1244 974
3619 52 779 818 819 196 52 192 1015 65 223 440 381 440 508 787 422 50 1243 239 39 734 116 846 1266 1028 636 690 903 777
3620 254 595 639 1051 600 590 133 509 698 54 280 628 716 473 49 1254 182 520 13 1011 206 407 185 746 170 304 840
3621 787 523 129 244 194 1023 241 549 192 1154 566
3622 1171 935 232 794 86 873 1426 778 713 27 1308 801 1479 795 232
3623 233 68 909 804 230 549 264 794 232 232
3624 106 250 174 452 440 85 818 1340 707 44 794 68 734 53 791 248 230 600 440
3625 771 676 708 216 683 48 48 1303 44 1233 382 256 185 699 752 568 836 1457 730
3626 504 425 30 1302 249 425 888 172 1289 52 1452 460 740 1452
3627 250 106 179 107 216 399 977 610 1091 30 296 74 420 1109 94 284
3628 324 794 980 128 1452 847 1137 217 50 254 451 871 1231 362 451
3629 1068 249 763 253 1151 834 763 391 256 203 698
3630 399 102 782 487 86 174 91 502 64 500 1075 1190 575 1017 763 1111 163 196 1195 131 622 1300
3631 202 779 268 596 335 271 488 911 947 1237 415 68 182 141 84 455 414 66 242
3632 778 1226 794 132 295 233 1150 959 323 684 322 33 185 1253 424 66
3633 141 1028 86 232 182 236 281 99 79 103 490 596 68 54 88 1079 310 240
3634 1131 1090 558 861 914 809 343 759 864 142 430 1115 794 430
3635 794 476 930 335 1211 427 437 853 909 452 81 1217 1212 857 1289 266 979 831 196 801 252 47 879
3636 268 762 549 1210 639 311 776 786 684 297 88 330
3637 133 179 177 12 392 1080 443 259 67 945 105 921
3638 847 812 656 605 794 641 755 590 1136 430
3639 12 1015 10 46 801 10 1177 1088 440 1049 106 179 45 480 33 351 254 143 553 693 572 467 177 1273 789 1224 47 85 49 107 1066 687 21 244 1144 1160 82
3640 864 452 233 762 82 818 231 1286 796 1277 965
3641 203 1225 678 1137 256 1418 1154 1028 1028 315
3642 476 864 362 991 1096 247 980 879 1416 943 822 82
3643 406 10 684 99 262 320 107 99 112 81 110
3644 1165 1187 998 1187 1133 1212 207 142 80 88 231 362
3645 1113 191 768 1491 1491 191 203 1027 707 203 1426 112 1491 1355 501 1355
3646 1210 106 1136 1210 844 1309 504 550 1108 688 930 138 239 899 899
3647 1469 980 156 930 297 1038 1331 1216 1092 232 106 207 809 1398 335 328 607 155 463 430 1223 1406 297 809 384
3648 1287 297 142 56 687 202 934 335 10 1092 234 235 687 849 1286 1358 993 240 235
3649 1075 819 142 269 452 328 930 230 143 500 868 792 1112 88
3650 621 1100 88 554 568 424 238 106 677 449
3651 418 622 92 13 30 363 838 424 1423 49
3652 1335 663 1084 1421 249 65 888 78 391 728 30 474 474 647 323 773 761 1197 30 207 110 250 1504 66 30 871 82 323 30
3653 550 1015 54 390 135 65 1028 940 358 354 440 448 474 1005 1138 296 1106 176 491 485 194 67 350 108 1092 535 429 936 224 10 322 1 174 315 401 883 652 980
3654 612 778 818 331 1035 249 1378 605 559 776 82 438 441 399 397 873
3655 539 100 181 21 64 1 106 179 1111 88
3656 308 388 308 847 1373 828 818 864 362 623 917 559 138 1360 1223 792 486 319 88 1431 127 847 786 762 297 539
3657 554 71 21 258 783 116 116 353 1063 42 193 455 199 448 1016 76 76 259 259 268 439 1051 170 1253 116 1063
3658 115 751 1045 174 351 774 30 347 114 273 760 535 118 467 1001 65 802 202 649 572 360 33 1389 1 1505 268 162 40 897 741 516 338 193 751 45 1366 1151 978 165 132 978
3659 115 1116 104 746 186 539 600 74 499 185 595 681 1012
3660 135 50 13 236 452 96 781 389 1028 205 251 989 84 202 389 1097
3661 159 245 572 496 880 597 597 692 1427 215
3662 249 746 834 1227 724 747 172 1349 763 1057
3663 1036 1084 1096 761 1010 778 249 1354 230 778 1452 388
3664 99 430 554 131 864 600 232 81 230 889 80 328 361 64 980 794
3665 8 23 1243 268 1243 734 580 519 143 1244 740
3666 758 1298 325 393 1165 1182 437 438 615 929 544 639 930 796 795 335 794 82
3667 181 112 99 232 1216 917 1348 112 554 1426 1489
3668 64 476 801 142 106 399 916 521 961 695 6 185 961 917 129 64 778 188 362 720 47 549 864 702 218 818 230 782 98 4 279
3669 880 194 909 740 840 1348 898 554 754 121 900 727 244 412 503 1229 520 169
3670 1141 33 709 952 425 841 194 425 831 609 687 254 256 1436 1006 1350
3671 962 0 1043 553 477 428 5 583 269 282 570 475 768
3672 768 540 656 235 864 95 625 105 68 393
3673 1321 297 943 362 825 370 230 1241 760 207 590 1286 146 778 759 233 1378 796 726 248 342 1082 1309 374 82
3674 362 104 521 1017 257 1114 795 539 182 189
3675 393 1165 913 348 88 864 330 463 663 639
3676 640 59 219 390 633 627 980 208 100 206
3677 241 420 672 1054 683 188 112 194 839 174 38 739 834
3678 355 1310 458 278 418 779 143 208 81 864 1214 631
3679 17 1093 1105 606 78 1186 54 238 244 199 1266 626 420 194 57 133 1303 199
3680 372 172 829 785 1141 106 4 121 47 436 808 363 16 513 791 419 269 104 878 262 168 1301 782 521 336 199 1168 71 154 123 209 39 194 473 520 1364 54 583 351 260 116 1049 681 699 993 557 355 634 18 33 655 326 259 569 382 475 1117 815 1044 757 338 1450 903 73 721 163 516 736 1302 1155 232 1288 526 43
3681 129 581 651 32 447 674 564 194 331 199 1426 910 791 342 195 63 463 13 173 106 58 196 896 831 791 174 283 864 210 66 1051 631 39 98 778 1105 824 210 1006 569 698 257 1299 242 1472 1210
3682 82 230 430 889 81 684 440 232 917 762
3683 308 140 452 232 143 1075 858 684 91 355 174 889 554 1042 138 80 1111 623 74 39 910 362 156 334 64 335 818 112 192 521 146 917 395 980 976 97 619 460 408
3684 1400 44 283 189 689 690 73 1227 1238 447 351 739 1331 1327 1112 43 609 174 727 839 452 1366 568 1181 1152 432 575 1199 841 1225 432 236 686 961 189 1155 1306 73 837 39 734 1434 692 80 707 554 182 840 1054 795 244 1208 1452
3685 99 674 762 1066 794 605 112 174 82 232 463
3686 362 156 523 525 813 193 97 236 847 1136 873
3687 230 81 976 403 786 778 1309 493 98 1024 917 395
3688 1125 257 855 875 1094 244 1236 1091 87 9 1475 1458 1388 331 350 323 1125 1458 107 1076 1001 324 616 518 310 889 836 519
3689 1044 867 1505 143 91 554 88 732 521 21 1039 1171 232
3690 81 362 474 979 406 250 173 82 829 415 112 351
3691 401 630 697 199 440 242 97 346 513 831 69 50 20 363 22 1246 275
3692 112 236 1119 798 736 1201 630 569 115 723 569 888 256 733 897 707 1495 770 88 1065 521 712
3693 358 899 474 193 951 1 899 53 1 1118
3694 33 562 444 520 1440 1023 593 99 609 1483 644
3695 184 383 146 1212 477 505 797 794 1410 523 407 1468 1245 156 232 64
3696 1238 98 1018 1005 98 639 549 362 290 490 331 494 778 463 194 1378 786 1299
3697 890 1059 57 421 10 609 789 770 71 33 1307 199 153 21 118 196 464 401 739 747 1079 1347 432 554 358
3698 179 300 485 63 330 246 698 63 653 1023 662 662 688 688 656 26 244 662 33 647 80 833 707 412 1151 609 727 196
3699 976 778 818 143 909 362 256 976 430 388 713 143 818 702
3700 1178 1038 684 980 397 581 586 142 924 1455 467 629 919 530 91 231 64 232 248
3701 81 663 88 794 106 430 554 463 335 191
3702 525 653 3 295 766 1486 249 253 896 1509 1412 106 132 1141 568 63 72 392 483 834 1167 1112 280 253 770 1105 177 836 40 631 647 254 398 256 1467 112 840 1068 244 65 974 33 1134 181 616 773 1162 707 837 1206 1511 1203 1161 521 662 63 362 609 1036
3703 1319 864 17 442 889 250 349 280 331 1469 951 200 654 447 1131 491 1136 10 404 342 1473 612 55 84 758 852 969 610 778 439 763 1276 566 66 700 378 340 283 439 286 562 645 1194 1134 475 1137 1015
3704 1298 307 1182 665 523 638 138 335 774 688 184 91
3705 235 1105 361 106 231 361 761 569 407 864 361 554 895 142 142 82
3706 546 113 14 996 55 156 270 165 612 1326 930
3707 1071 875 866 1389 216 1077 1144 1388 743 1162 1065 679 1039 13 1375 707 1457 1053 754 1231
3708 44 30 680 1100 1389 1197 1156 760 1162 106 1194 833 879 1035 1129 898 708 832 880 1293 1051 842 747
3709 517 124 257 136 403 98 918 818 207 138 1321 778 713 156 362 782 96 521 713 189 88 248 10 338 481 590
3710 943 331 142 297 463 864 1459 156 792 1465
3711 761 864 1219 490 910 639 818 818 248 818
3712 644 593 421 1 529 557 1259 513 88 587 973 1416 1105 789 781 118 33 236 1231 121 170 188 13 1198 1066 110
3713 115 121 278 129 818 282 861 248 930 407 254 272 748 866 1331 861 600 1206
3714 989 230 409 829 109 440 790 66 0 304 168 236 156 520 577 206 142 1247 792 796 383 930
3715 135 47 349 785 13 347 931 566 1392 50 778 243 65 342 194 521 566 577 304 41 346 106 1319 92 1214 10 770 141 1068 137 362 65
3716 127 590 232 1482 1196 590 694 47 907 1446 463 1165 823 463 1165 1159 713 539 679 590 539 713 463 232 27 639 623 1002 408 493
3717 683 831 818 262 539 691 35 114 962 50 1258 580 258 333 1130 242 333 950 5 887 13 1063 1079 64
3718 311 784 1268 687 413 425 27 994 1139 312 656 80 695 1264 384 815 407 628 65 630 148 1381 511 785 435 929 457 564 1240 572 280 112 988 155 214 252 50 140 878 381 180 499 1032 1105 44 843 447 1174 1496 829 1102 109 66 566 251 585 853 30 523 183 771 1307 1379 616 532 652 697 536 287 278 952 428 569 529 1002 54 896 661 317 1144 204 649 161 798 928 3 628 728 177 703 188 241 76 273 811 1501 1197 475 827 245 1053 1216 1253 70 1064 813 444 1065 536 743
3719 1171 470 856 756 255 182 142 1024 794 156 663 1176 720 171 1453 5 463 640 18 383 995 505 1438 964 813 207 956 430 822 1165 1387 718 120 879 1201 1039 812 625 44 619 1375 1205 990 1451 930 1286 307 639 1396 1217 33 269 384 1366 1058 778 1149 1002 715 436 733 572 1435 1172 567 399
3720 590 142 639 104 413 593 338 683 362 1448 634 440 525
3721 1308 1165 777 794 162 497 297 244 832 795 1436 652 1378 101 889 1287 764 778 976 684 143
3722 1039 801 818 476 434 1290 909 171 330 924 99 88 397
3723 861 861 783 852 202 861 65 202 269 752
3724 91 487 483 52 1425 616 1486 790 1051 1016 699
3725 150 88 248 232 127 452 189 10 493 493 493 666 861 895 768 623
3726 764 801 82 1036 434 713 695 182 917 910
3727 142 804 1082 335 910 912 1287 641 81 713 162 802 5 33 474 879 894 100 1340 33 434
3728 1301 777 868 143 188 64 31 691 254 801 1307 1233
3729 156 656 273 399 182 679 684 235 273 861 156 182 695 1179 80 330 27 273
3730 247 523 1393 172 349 207 357 430 1286 142 665 624 1138 721 861 476 794 476 430
3731 523 156 1165 450 822 55 1419 357 430 761 1488 463 395 207 665 998 441 797 142 1453
3732 412 910 823 232 765 189 80 178 143 610
3733 336 932 65 262 112 1 10 214 336 214 1100 577 203 170 248 550 232 27 1415 1232 779 258 823 535 1151 81 609 72 346 399 521 1415 65 1233 221 619 726 660 463 639 399 10 1303 641 26 838 836 977 584 31 382 74 739 584 244 218 545 739 730 1010 143 1155 730 1333 132 739 1164 106 945 174 73 33 107 114 707 415 681 738 841 840 1229 1141 5 1203 781 229 974 232 1347 702 272 535 315 679 900 1156 388 718 215 752 744 726 13 791 196 228 683 1451 141 1375 131 287 110 566 150 425 104 181 702 382 1370 315 106 619 901 233 695 600 121 596 1051 68 1201 61 382 595 21 1208 328 65 1207 1105 31 623 663
3734 126 976 370 143 439 97 1132 866 1238 525
3735 913 1479 847 760 404 179 523 930 174 818 688 30 1467
3736 48 241 401 1150 1284 725 194 1509 1150 1035 256 169 765 1307 724 568 987 1266 1489 708 1006 1077 254 1260 223 693 1349 1454 1159 1073 1035 568 33 959 1263 1389 692 961 84 609 115 974 1500 905 686 1203 888 162 667 1009 1457 1233 460 917 520 475 1137 782 1154
3737 106 554 430 711 361 996 99 112 589 792
3738 1415 315 229 778 112 248 798 1010 268 1264 763
3739 785 8 203 179 526 626 210 43 273 1135 239 77 1049 31 147 318 156 693 308 748 197 620 46 567 680 698 683
3740 230 53 371 1340 50 1348 244 54 143 520 110 21
3741 138 864 248 490 837 1491 1450 1426 731 98 598 80
3742 476 43 207 64 106 761 539 521 818 794 597 230
3743 529 635 1128 434 95 341 1315 65 180 353 1404 460 343 778 403 1259 985 1433 424 555 441 434 1128 244 114 722 404 722 269 50 1505 363 72 407 284 696 474 880 1156 149 757 61 572 474 1370
3744 138 362 142 232 641 91 956 476 774 138
3745 658 198 324 268 381 198 194 194 358 873 110 1264
3746 1226 106 65 68 1226 852 572 881 521 765 1216 1024 1105
3747 279 509 376 328 209 328 355 1382 562 295 68 97 767 13 978 262 100 391 1240 377 540 625 376 80 1382 131 345 1088 802 1163 146 448
3748 445 1175 704 1486 626 766 244 1054 766 1175 600 1162 78 923 78 425 765 765 249
3749 232 713 99 156 66 274 274 1301 455 5 874 21 474 564 5 691 338
3750 791 0 550 878 113 412 240 5 42 71 452 554 879 1071 203 552 269 201 609
3751 760 804 713 794 110 308 1432 150 1075 244
3752 601 430 72 781 702 474 203 74 82 47 399 138 244 737 13 182 981 1330 37 743 193 408 433 751 214 812 133 56 1510 433 280 705 141 1051 63 266 138 657 1051 228 753 1003 1257 1051 65 188 400 37 765 522 232 765 812 644 720 1208 715
3753 149 133 304 22 10 663 106 596 1113 684 619 595 21
3754 273 156 554 419 830 525 963 189 136 1166 1039 33 1195 684 21 575 557 463 304 553 39 638 475 150
3755 173 460 363 115 229 21 56 899 746 315 1169 909 315 315 315 591 304 315 1 315 106 315 315 838 1226 21
3756 888 443 33 898 170 840 737 410 738 662 258 256 516 708 1051 1227 265 727 609 214 691 842 553 265 702 1229 691 1056 486 974
3757 427 1217 847 1321 762 187 233 1478 207 1212 142 1223 81
3758 463 765 1114 79 1268 112 248 910 79 248 181 131 174 273 639 765 765 1200 88 174 32
3759 399 1156 236 248 1375 1339 156 410 691 581 335 304 621 33 64 82 1063 511 258 246 707 840 434 31
3760 727 412 21 709 702 523 691 595 0 707 901 415 26
3761 173 232 609 790 483 363 75 1137 979 801 206
3762 106 864 568 133 961 710 886 734 681 58 115
3763 825 778 861 162 270 1216 1373 110 1479 270 1171 1373 1479
3764 1313 1455 297 761 1279 231 476 1473 792 430 156 807 80 88
3765 50 179 47 26 684 185 1226 889 121 1165
3766 141 476 141 143 207 202 1182 106 84 88 97 230 236 1036
3767 641 362 362 65 1075 430 138 476 112 707 818 80 231
3768 68 224 67 1005 194 864 76 107 88 231 595 554 697
3769 521 1117 476 177 663 786 735 355 1117 812 1105 1431 1051 595 889 1117 1306 44
3770 1196 112 232 409 297 233 1036 1165 1044 792 142
3771 975 1 1107 597 564 850 233 318 491 297 232 521 792 1287 64 1364 445 127 1182 1107 66 467 424 44 477 1066 1360 674 205 1328 479 203 1468 490 886 257 640 256 832
3772 815 459 147 42 748 1247 179 746 893 170 962 832 1495 716 1141 119
3773 196 349 39 13 519 72 388 910 623 232 930 349 324 85 110 47 193 707 1176 1295 203 69 236 194 80 566 675 734
3774 794 1421 760 944 684 1096 1230 1421 350 875
3775 1335 708 927 1151 757 1417 707 141 371 753 919 358 1068 763
3776 7 258 1066 236 782 835 579 1049 1505 784 256 1049 1446 1066 553 869 1056 1492 1151 626 595 1169 833 1492 464 1151 1164 674 143 643 432 77 39 684 45 1059 33 898 708 1164 798 421 751 401 888 485 785 1329 1307 1366 830 1375 557 743 1227 757 1047 1159 1097 1065 249 715 8 42 1514 1380 1296 1303 1331 351 388 653 107 974 252 1235 1053 691 1204 1044 1263 905 811 513
3777 944 696 142 823 889 873 156 554 539 605 476
3778 890 811 184 1062 33 691 667 602 421 112 1053 1194
3779 691 980 662 304 211 232 389 33 595 58 961 38 74 841 143 579 835 739 898 185 887 27 73 1333 681 730 64 1158 707 1155 727 133 525 779 107 903 1159 363 699 752 904 526 1181 559 754 228 900 412 1057 1338 545 740 905 150 753 1339 1164 76 244 121 601 1047 985
3780 827 1266 265 43 963 921 96 630 730 1159 49 895 445 1495 516 1124 581 738 709 554 412 1505 1232 657 1262 1380 77 974 595 687 1124 69 244 45 773 1159 1495 110 179 1015 75 1141 567 623 730 1273 130 1293 791 262 753 738 757 130 725 521 1058 456 932 44 184 40 1208
3781 230 1075 663 1182 818 868 1200 605 232 156 88 1105 307 795 956
3782 630 566 1242 63 1158 112 47 460 13 696 831 244 744 683 52 50 840 107 1418 1151 65 199 1010 1154 581 141
3783 1424 633 778 430 1497 174 786 1219 795 812 1491 1066 362
3784 529 44 681 992 269 1435 249 1436 723 622 122 1129 1288 76 789 1204 1 1349 194 751
3785 796 758 568 1151 1453 324 136 27 171 612 450 348 861 691 567 1505 554 1063 1186 338
3786 115 249 554 106 440 1467 867 699 143 33 566 1010 831 725 676
3787 155 410 474 478 239 410 566 68 550 179 308 32 677
3788 722 818 397 434 924 1453 859 233 156 911
3789 179 137 487 894 137 1233 412 485 883 42 281 23 1463 188 518 891 1415 46 1258
3790 1026 760 913 1210 930 308 1378 576 142 956
3791 52 351 68 264 406 129 612 246 86 176 304
3792 21 554 699 1113 595 106 818 1469 778 684 112
3793 21 725 683 791 1089 276 1010 699 183 631 952 420 727
3794 959 661 1046 1193 448 568 1060 194 50 26 679 351 33 26 193 683 809 746 188 276 1055 1408 579 69 192 440 31 353 115 700 239 613 54 85 352 773 244 734 757 412 47 680 691 40 702 634 1056 702 232 116 169 1328 832 1194 688 1200 1057 1010 107 552 178 284 80 407 100 1228 1227 1151 206 189 1228 720 398 545 690 1446
3795 476 818 792 734 80 818 794 165 21 801 69 91 142 142
3796 488 1216 980 362 1421 189 207 955 1082 98 91 1255
3797 641 82 955 1455 1426 674 729 539 476 778 794 818 1105 490
3798 162 430 1024 230 82 656 1226 684 554 554
3799 8 367 336 1170 1 517 219 821 383 768 452 455 1088 202 427 945 121 41 175 300 621 313 815 639 358 146 362 1456 909 933 286 115 154 265 302 530 333 94 355 236 925 463 85 641 65 481 107 97 143 153 84 976 849 476 331 149 281 1343 654 363 794 98 81 140 13 867 416 412 345 93 1273 216 566 132 200 1078 1247 443 1079 66 139 777 116 1084 177 466 71 77 64 468 401 1168 525 1307 1127 232 330 179 46 46 622 678 693 686 1499 1328 1505 770 9 1049 244 49 773 1151 42 37 1043 77 565 47 1157
3800 1441 1416 539 1386 1165 207 665 1166 81 574 758 1286 792
3801 304 663 486 155 374 1236 91 304 630 1006
3802 559 671 1287 732 233 671 864 853 1223 758 732
3803 889 665 207 633 597 759 337 595 372 1182 847 97 1165 1503 544 98 924 1421 1454
3804 64 851 1230 818 569 1469 328 889 98 549 82 980 65 207
3805 1433 719 33 1162 695 1162 1162 1500 8 750 1457 1129
3806 39 609 653 581 639 17 232 168 1117 575 308 521 415 46 667 140 880 871 1247 452 443 806
3807 295 1496 630 56 878 295 1084 119 51 1323 898
3808 427 657 1024 255 328 695 715 1235 491 340 98 1431 1290 1378
3809 65 280 298 302 381 336 948 67 482 414 1028 948 22 224 580 1343 621 692 199 133 696 253
3810 75 823 315 106 440 65 713 598 487 590
3811 916 23 42 526 115 554 449 1291 449 1330 554 674 622 707 626 223 182 770 656 968 191 185 188 904 244 1295 686 737 241 1347 708 1426 1390
3812 414 440 1100 568 304 177 1075 1 165 890 46 1182 53
3813 19 143 17 1147 993 460 107 657 443 358 1030 1080 1505 685
3814 214 804 231 101 1292 88 1340 1104 708 894 708 661 85 49 63 452 1035 897 1046 452 196 719 897 987 638 897 993 424 1375 126 579
3815 1421 823 794 639 761 276 641 143 1358 684 1075 1226
3816 674 1059 827 880 133 1060 730 315 1 53 363 900
3817 244 1036 254 162 847 1234 809 1100 138 809
3818 97 27 199 1307 243 99 73 43 40 467 649 508 1194 39 1328 898 136 1303 31 834 841 661 1380 1201 643 1160 286 839 74 676 554 244 691 31 45 773 575 401 702 782 1357 1238 1194 1227 870 641 1089 221 685
3819 829 129 662 1364 1226 653 1003 632 1071 719 30 833 619
3820 804 793 320 768 1211 549 1022 427 1298 1286 476
3821 155 463 794 236 1175 172 203 440 137 1022 260 596 346 873 587 1022 97 342 250 930 1225 141 68 1397 752
3822 488 270 560 391 889 474 186 50 262 370 656 129 64 196 206 163 877 984 697 88 801 10 91 64 897
3823 492 81 802 143 8 525 304 0 44 391 700
3824 49 755 113 605 172 732 463 248 629 182
3825 342 251 1212 631 778 47 818 1217 959 142 230 439 82 761 1286 576 938
3826 190 177 1003 336 526 867 779 1072 847 1486
3827 320 641 226 818 278 79 656 590 1177 778 243 790 50 713 954 323 819
3828 358 259 975 320 50 945 112 229 1170 194 54 76 930 1079 550
3829 1010 65 1037 30 203 30 1203 864 866 1226 30
3830 827 281 41 236 831 21 833 232 112 1063 750 84 709 1328 260 256 241 520 246 1230 1475 440 199 639 1066 1035 485 1070 667 518 318 230 65 415 521 54 261 50 143 80 1415 702 662 82 738 382 517 57 1126 634 248 88 1056 197 252 205 1258 194 687 932 202 789 1343 948 1118 653 1266 1029 410 737 887 366 1169 571 1072 1172 838
3831 99 423 525 265 143 232 162 80 88 910 456 560 239 834 701 696
3832 715 430 1204 720 633 33 974 513 1162 47 905
3833 232 248 539 864 713 362 531 79 393 864 103
3834 362 1202 624 383 1360 1308 357 372 1401 1185 1096 1223 623
3835 1182 1242 419 196 156 728 829 61 1340 1383 1327 595 1009 879 1057 64 1227 1291 1240 894 21 533
3836 925 833 179 738 898 1471 88 170 798 228 440 112 143 1348 1053 751 673 662 904 47 1
3837 233 100 68 418 980 889 143 304 655 782 456 106
3838 82 231 142 207 794 143 1378 230 861 796
3839 762 143 362 230 778 232 430 755 864 143 731
3840 1084 1036 1509 357 1378 794 297 1512 1223 796 1383 778 110
3841 100 85 181 600 1181 782 823 725 928 182 112
3842 70 210 871 342 494 110 408 1092 400 377 331 711 1406 760 320 55 909 325 359 942 385 669 998 476 372 379 1082 954 372 210 361 424 999 460 871 268 340 341 1340 1165 597 518 396 478 628 701 101 112 1122 832
3843 628 66 280 683 30 295 1 440 699 910 724 65 1147 898 216 295 330 1226
3844 189 1223 925 1354 156 823 232 182 760 138 142
3845 112 1342 864 491 1365 342 721 43 378 88
3846 907 1219 207 1012 1424 861 189 910 98 88 521 82 488 841 1180 156 257 713 818 182 609 854 248 100 1208
3847 297 142 980 851 75 75 801 47 85 741 141 233
3848 8 452 1481 133 1015 322 172 118 115 313 197 894 322 467 1071 1281 223 1369 1405 775 750 1463 1148 43 471 683 85
3849 476 328 641 434 1210 80 1452 340 206 755
3850 11 997 249 196 670 244 834 653 791 1196 798 780 644 1467 888 1024 636 720 1380 31 1198 1141 1330 227 425 1349 568 392 747 743 1015 747 866 1161 1338 1164 735 1059 1166 708 647 143 1177 745 1297 170 1167 1059 1216 753
3851 304 521 232 786 1100 323 778 1100 1105 112 249
3852 564 1394 1029 195 30 1023 683 626 650 518 112 1510 692 193 708 1157 748 270 1226 50 866 1256 241 1243 833 753 475 888
3853 55 156 732 207 142 980 1095 474 1309 759 847 794
3854 430 778 1404 491 641 976 182 522 990 1452
3855 919 612 1504 776 235 1455 663 1230 924 1355 1504
3856 401 1466 1066 63 653 634 656 1307 243 832 33 5 526 557 1399 680 73 420 80 673 600 1228 1051 1167 812 839
3857 1006 1438 191 249 1390 1295 836 909 232 725 824
3858 97 818 232 128 609 88 490 193 660 236
3859 1185 340 1241 955 1479 956 778 340 430 762 490
3860 653 460 197 10 968 191 1048 350 486 39 350 519 1048 1299 331 440 448 39 280 1058 923 191 1168 486 440 1312 23 699 242 702 730 702 570 520 174 1021 1064
3861 361 863 1265 262 1226 835 207 1452 684 1505 794 233 801 917 400 1039 720
3862 683 485 636 636 702 554 702 103 674 920 625 372 1166 919 599 1378 1330 174 854 1043 1024
3863 78 179 789 961 76 887 475 520 1015 1303 887 1303
3864 361 440 81 405 191 665 1452 818 1024 847 532 138 1223 1171 39 440 231 818 378 1328 82 1505 1208 539 639
3865 378 450 549 47 84 315 50 254 244 250 50 959 834
3866 33 421 265 440 49 21 366 1347 757 106 248 244 707 841 44 80 1049 1514 553 1338 77 170 662 188 1010 842 554 1065 798
3867 481 100 232 864 1075 317 928 562 613 667 511 72 425 360 1088 49 141 792 195 652 155 807 323 510 223 629 30 851 427 1111 1038 268 7 30 797 512 656 1388 917 631 202 337 498 272 646 134 401 798 732 723 40 495 892
3868 215 770 47 1177 47 440 119 84 47 1176 30
3869 401 244 236 751 691 744 707 65 33 623
3870 1181 663 798 917 1378 1340 1181 1217 861 1421
3871 1218 64 886 1059 1015 1118 727 1251 871 1297 832 1495 1031 898 440 1152 1097 1 1051 897 317 210 114 374 232 1425 385 76 244 634 595 730 842 740 424 205 410 1048 272 579 33 556
3872 1469 794 818 156 182 233 713 271 99 232 930 1013
3873 909 255 1452 230 372 1451 976 182 75 463 265 521
3874 199 179 662 848 76 568 244 738 114 246 1347 715 697 812 1226 443 174 1294 752 630 1343 106 169 653 626 214 903 682 452
3875 647 282 653 894 1513 739 1448 1205 1389 40 1012 1 738 1375 686 798 33 812 981 945 5 595 1166 1201 730
3876 794 248 476 463 236 156 802 776 355 1146 325 1223 1286
3877 605 889 539 143 1286 873 552 325 1370 337 360 559 705 1305 156 751
3878 899 899 582 47 557 371 634 33 600 232
3879 1217 22 937 30 1231 44 172 72 1149 143 813 412 746 42 684 133 728 1500
3880 811 723 554 235 75 0 64 21 577 1137 519 894 41
3881 49 443 165 162 23 653 40 728 890 666 40 1129 993 879 1284
3882 794 248 786 925 813 172 207 361 100 308 156 98 273 232 418 233 1348 924
3883 1095 549 864 362 1212 858 1176 1301 128 955
3884 873 605 142 794 925 325 578 778 297 669
3885 591 1414 904 598 725 38 118 1194 358 232 570 600 1232 1229 653 1194 1493 636 727 363 179 456 1229 1297
3886 1073 21 692 424 898 1056 1073 683 1334 63
3887 1 230 129 801 391 88 684 525 142 98
3888 798 35 1038 493 74 729 232 792 1503 521 623 307 419
3889 382 155 25 574 490 620 525 545 407 1307 91 398 244 121 121 49 728 47 1307
3890 794 1501 5 497 1123 728 247 1100 1389 163 831 1089 909 189
3891 864 793 713 27 764 794 494 202 142 910 232 276 490 1082 786 924 229 823 27 403 472 263 276 335 55 713 823 403 1039 430 889 434 427 924 864 1171 684 229 1013 330 430 635 713 232 823 149 27
3892 280 110 437 1099 277 471 1174 439 471 715 533 533 533 1248
3893 684 1022 755 88 955 795 297 187 1398 142
3894 476 430 307 1452 1328 1419 378 1504 1455 1068 1020 1354 778
3895 421 1202 106 233 1137 1066 464 280 236 202 1048 338 553 1053 421 412 963 23 513 401 1483 1331 477 898 1129 1059 694 673 838
3896 605 1010 491 463 864 1225 1309 189 861 818 919
3897 82 1421 1374 230 1423 142 759 437 1453 873 863 1286
3898 778 861 1426 1024 1452 605 1505 833 656 1226 1348 203
3899 460 1202 985 223 232 702 248 88 417 140
3900 430 141 47 1056 634 181 181 688 831 831 406 406 280 188 1072 104 248 832 904 440 1304
3901 363 13 641 362 63 231 471 300 75 88 351 590 44 367 647
3902 1 520 392 63 667 177 1169 1 65 35
3903 65 177 485 781 78 650 202 670 636 182 742 330 729 990 635 768 181 440 1120 1479 778 154 476 636 1009 1022 879 333 1039 742 1328 239 889 236 1088 1092 1424 1 777 336 1493 1230 1298 773 684 77 626 1286 859 776 9 499 430
3904 1416 1165 82 523 362 919 768 795 439 861 1245 741 1354 541 1292 233
3905 410 831 97 656 351 581 33 1051 13 673 41 112 282 459 29 727 1029
3906 778 112 665 706 572 230 684 452 1075 10 490
3907 34 963 335 832 727 868 1137 665 619 597 1231
3908 757 834 382 702 734 65 1011 708 1114 1182 47 29 1328 831 1181 93 1241 132 199 1375 284 1199 254 245 1436 1080 447 241 1334 1491 1436 1437 382 763
3909 31 731 767 393 802 569 162 681 143 391
3910 1154 566 1167 425 40 54 47 887 33 13 1348 129 1266 636 728 789 833 40 866 529 232 1205 1513 903 287 894 1010 76 244 1129 282 170 928 1343 595 866 737 1380 1160 70 4
3911 1156 474 1492 248 65 474 107 1017 1169 1467 236 70 859 315 21 554 900 440 447 790 80 23 739 1105 520 363 730 1229 674 841 812 738 1010 1208 75
3912 230 1210 476 434 112 794 639 463 362 1230
3913 525 74 141 103 97 801 21 88 493 136 273 930 830 1331 270 1171 231
3914 864 818 110 755 864 796 172 156 247 82
3915 78 1221 315 566 1375 554 841 1328 513 37 1337 1134 835 903 1299 707 84 837 1204 718 720 807
3916 342 864 141 362 793 229 130 37 216 876 223 725
3917 619 732 493 297 248 964 822 174 801 734 925 860
3918 432 748 220 568 168 291 239 779 1055 1049 1238 688 581 182 874 155 500 701 704 1386 33 1151 626 1244 1167 1500
3919 549 241 84 525 250 203 239 443 715 896 680 165 223 897 657 1051
3920 232 503 1246 1210 126 503 469 23 287 68 1176 595 886
3921 88 782 925 779 0 1178 622 452 1345 1270 1391
3922 491 768 142 297 1455 450 1287 979 764 1286 82 1230 230 1298 558
3923 10 405 81 1084 248 230 112 355 917 99
3924 450 161 995 529 1151 37 179 987 1000 676 927 1069 260 366 8
3925 319 235 601 378 1353 873 957 574 236 698 270 378
3926 818 399 861 755 1176 801 679 1024 388 1451 1452 463
3927 233 98 864 308 1335 236 586 583 710 420 26 1016
3928 925 88 81 886 619 64 143 1 248 97
3929 485 647 85 1001 1343 1066 662 254 246 33 879 894 1375 143 751 517 707 132
3930 980 98 539 794 430 694 434 889 818 233 440
3931 873 913 248 795 523 362 1182 684 30 249 1467
3932 696 1379 630 626 280 702 678 707 72 92
3933 849 588 514 308 577 574 388 1225 608 570 64 360
3934 483 542 619 981 846 22 73 591 206 74 678 688 412 504
3935 142 1286 1452 726 393 801 674 762 782 1223
3936 866 162 566 459 254 1067 593 33 889 440 525 1229 1024 486 622
3937 639 684 539 1223 68 941 694 142 481 55 1261 143
3938 476 713 266 434 438 1042 847 713 226 521 849 713 648 1128
3939 17 346 1043 5 867 258 84 833 1029 829 812 1447 836
3940 795 1479 980 442 434 361 233 544 142 778 433 80 129 1252 702 889 488 1312 695 183 138 280 68 961 932 389 1226 1417 193 405
3941 192 601 959 181 572 831 655 686 42 690
3942 864 1182 708 30 847 684 1226 216 747 970
3943 988 777 135 244 1264 1102 628 452 1379 802 1119 594 572 1349 1001 725 1144 798 253 837 745 727 1203 753 1334 1347 382
3944 463 760 980 232 10 947 910 786 156 980 463 930 847 917
3945 811 715 26 961 223 391 63 110 1194 433 595 1502 88 837 707 1198
3946 1078 550 97 466 1305 269 1279 75 572 71 353
3947 521 233 801 100 476 98 91 307 439 813
3948 778 776 1165 1386 873 980 142 623 755 476 1491 249
3949 876 276 217 568 63 74 50 1151 143 683 566 683 566 508 215 734 460 103 103 324 823 399 600 1085 1158 1303 686 1251 639 812 229 13 1010 471 85 1006 705 1299 1068 112
3950 1111 272 239 1340 92 38 141 591 655 153 667 595 832 39 43 653 33 655 781 789 539 539 1343 690 412 674 5 1226 609 174 622 1200 508 194 39 736 244 1056 1127 622 183 1329 1215 607 838 92 1301 733 250 13 600 1152 366 622 733 1462 730 727 812 838 153 1116 744 1471
3951 747 5 807 928 696 84 182 1486 720 696 1205 256 399
3952 1200 729 54 98 521 713 554 734 1434 673 1204 686
3953 99 244 85 765 684 452 236 838 1176 1066 1009 361 925 889 231 82 859 98
3954 141 795 1250 802 1212 783 231 143 93 335 995 254
3955 74 729 122 762 430 207 1424 232 595 138 684 182 98 35 1113 702 130 231 100 463
3956 232 1249 82 75 100 55 605 1 6 110 1286 403 114 864 1452
3957 39 478 192 683 31 21 242 128 92 580
3958 476 430 539 463 232 639 1154 560 1286 721 574
3959 932 894 1387 879 896 674 33 5 1258 683 68
3960 69 691 55 80 864 82 297 174 440 232
3961 248 207 463 378 55 430 794 56 1246 1082 112 1286
3962 864 980 844 34 976 1309 128 347 560 1212 232 804 592 938 116 940 609 283 174 679 487 1176 188 631 707
3963 644 1442 79 698 186 644 414 229 1231 72 239 163 412 779 287 324 263 587 66 50 552 397 126 609 646 1440 112 113 5 561 474 572 890 1225 555 746 33 883 1181 728 699 973 554 182 1003 1105 702 40 1513 1389 44 1141 813
3964 129 920 556 163 669 64 1075 684 230 142 156 864 452
3965 1426 675 1216 248 174 328 64 1376 1370 271
3966 216 1313 81 1038 320 526 1354 1271 539 1374 1120 605
3967 88 1424 207 405 98 432 802 1 792 1036
3968 30 1264 221 1446 1390 1425 1051 1312 1072 375 1176
3969 203 1226 50 30 684 852 613 1510 262 256 622 629 707 985 47 631 679 757 840 1204 1150 1162 1197 763 725 552
3970 1217 1105 1153 1454 1432 1454 202 1295 1 1
3971 1137 116 894 683 948 1167 193 76 244 242 568 143 245
3972 917 1146 1146 447 945 185 26 716 8 109
3973 229 229 75 640 97 502 150 229 653 829 355 75 235
3974 81 82 27 143 684 362 762 794 430 81 232
3975 924 276 1269 859 990 864 1212 1255 297 82 1307
3976 794 393 112 801 297 231 864 80 904 362 637 539 430 10 684 639 917 88 27 597 361
3977 1082 864 778 976 1224 273 1022 1225 1455 1182 871 913 297 207 522 523 82 656 230
3978 314 143 355 1285 509 376 646 337 751 1285 110 452 360 1390 148 64 129
3979 561 1231 173 412 487 1201 653 310 1375 662 37 56 315
3980 244 502 57 232 864 440 21 515 521 19 609
3981 115 781 56 98 554 619 755 142 135 977
3982 663 804 1082 88 81 230 1123 1371 875 854 791 1226 10 909
3983 554 554 1408 1374 1010 1162 974 1216 249 699 1203 447 106 667 74 1075 69 203 525 832 525 974 707 1467 744 244 49 1229 1162 837 1162 702 29 110 1349 349 609 1077 1339 1075 65 707 26 392 1065 1207 554
3984 864 634 778 520 525 269 33 833 699 707 1029
3985 156 437 656 463 1165 853 399 64 908 142 695 308 181 762 889 21
3986 663 919 818 818 613 84 1100 1001 440 1472 1105
3987 212 531 864 644 80 127 50 554 0 173 182 10 378 554 1231 849 422 1113 919 395 778 143 699 1156 440 412 539 639 430 818 21 388 1105 1514 304 345 1068 622 178
3988 684 129 97 725 951 684 687 140 244 244 684 681
3989 795 1146 231 863 81 82 230 112 713 49 112 791 233 361
3990 794 1084 280 262 1150 1303 256 74 463 425 1428 684 738 520 699 203 1204 763 241 707 837
3991 101 232 362 30 795 778 255 818 1100 463 794
3992 1334 688 1117 895 712 600 660 984 112 1129
3993 116 609 782 351 691 191 421 698 33 727 85 751 833 425 727 1375 194 485 730 412 901 76 170 65 236 630 179 150 121 751 699
3994 488 261 110 207 1118 142 358 262 1286 404 68 79 414 617
3995 1097 554 729 10 297 179 794 525 64 863 600 55 156 142 65
3996 1016 454 750 650 202 246 315 10 1032 1505
3997 913 1286 142 439 1407 641 851 297 1361 849 1212 234 207 81 232 996 1179 523 847
3998 778 1054 760 762 1165 143 914 889 55 1090 142 605 1146 518 1328
3999 127 127 88 525 129 304 208 782 907 895 895 588 450 1195 53
4000 818 761 1165 1066 1491 210 378 476 699 236
4001 143 1036 194 952 650 516 713 132 671 888
4002 804 1082 142 156 1182 1137 481 231 776 864 864
4003 980 233 729 31 70 757 150 430 713 1421 75 741 456 10 833
4004 539 231 82 233 1223 879 235 1455 957 1390 424 1081 1279
4005 302 391 340 529 105 407 1040 333 50 1387 740 898 894
4006 170 687 244 33 244 331 633 633 1072 1220 1261 1051 687 1342 1443 1443 707 203 1151 633 633 256 751 65 26 1336 1420 33 1218 1375 1358 1336 1219
4007 70 269 819 68 274 1116 301 831 550 979 787 1119 42 195 608 580 831 199 351 1232
4008 795 913 641 1223 128 578 794 393 796 370 142 81 142 1271 257 1024
4009 142 207 1421 574 595 405 328 794 88 930 1165
4010 236 1038 232 964 563 273 521 156 805 1176 889 539 419 101
4011 633 1378 778 818 476 757 818 976 84 47
4012 21 554 840 475 707 161 1059 674 894 74 1158 903 694 232 160 1229 106
4013 84 111 135 1209 148 818 133 1071 143 112 358 206 85 1505
4014 98 1230 808 925 476 861 996 120 778 233
4015 1374 1001 917 819 1221 254 1349 1128 1151 871 77 33 179 121 1204 37 1514 757 253 47 560 391 686 194 1297 318 648 880 635 763 552 1105 73 80 977 1252 1418 279 695
4016 1104 39 583 96 633 334 1053 5 991 622 1501 894 1021 98 707 432 728
4017 667 202 21 338 50 333 115 85 363 662 566 1415 115 31 830 637 1301 632 338 179 23 513 143 241
4018 616 1380 1203 520 1051 1204 647 512 723 743 837 227 609 430 616 1010 65 1426
4019 52 196 773 974 744 643 74 1114 13 626 194 1231 215
4020 794 232 853 1104 1371 141 917 656 1138 1216 430 64 415
4021 476 807 97 472 55 760 231 794 207 947 320 328 603 230 1217 848 81 372 120 1138 847 0 943 937 641 937 541 427 1298 624 426 430 136 1025 588 81 937 947 174 273 356 424
4022 427 114 10 79 358 53 158 864 68 110 809 276 263 262 301 289 290 326 379 389
4023 1354 249 941 708 794 30 798 1374 765 526 1452
4024 1445 1129 1 553 830 254 753 738 43 807 730 44 412 898 179 653 1059 249
4025 763 106 832 746 174 232 50 21 977 258 246 315 683 196 406 440 525 460 1233 699 583 107 41 78 443 852 155 52 566 65 500 517 304 1051 1266 1258 1015 666 148 33 674 841 727
4026 866 474 63 447 249 1483 490 52 1036 447 30 65 1467 460 463 707 1293 217 1293 1335 641 1335
4027 76 595 143 73 248 174 121 259 684 493 732 54 569 579 1227 1104
4028 106 142 778 247 122 476 976 112 818 65
4029 162 852 1113 202 476 572 1112 216 952 254
4030 299 662 865 601 763 1377 593 308 269 653 330 276 932 1231 33 698 88 601 980 460 181 1068 1017 65 74 362 460 1513 1167 33 513 1156
4031 233 656 909 603 400 1468 1286 794 156 1512 919 30 1460 1469 1230 82 1354 331
4032 272 75 179 699 840 258 662 106 244 516 1375 76 681 752 1195 513 382 904 1014 738 906 932 1129 1054 1134 687 709 131 880 228 38 730 33 723 1339 21 1057 622 415 780 684 1254 1229 1157 282
4033 143 132 924 81 82 1084 863 430 684 770 539
4034 263 917 273 762 334 112 143 1 122 136 1171 1289 570
4035 195 945 1015 195 366 1060 1015 89 98 54 450 1034 194 807 311 735 9 1015 880 1215 1028 1001 30 30 699 256 460 751 13 688
4036 846 790 88 133 1066 1195 778 188 1006 47 13 697 147 77 738 1375 1229 691 734 1428 282 567 1198 552 812 412 879 1438 1339 527 740 1057
4037 456 1068 189 223 20 1068 848 1423 1268 626 763 1457
4038 68 517 97 103 243 315 1343 979 590 259 259
4039 101 992 778 873 794 910 765 629 665 399 600 493 172 818 629 112
4040 932 132 42 1380 71 265 46 121 42 160 880 487 1494 1045 1493 727 1494 905 42 880 38 838 1380 773
4041 106 6 397 684 239 126 64 185 521 827
4042 80 1 33 554 665 887 727 1 754 382
4043 69 773 1334 412 706 1014 1268 119 893 704 630 203 253 1444 1486 1444 110 78 389 683 443 985 706 132 980 606 1129 495 254 568 903 1015 10 60 232
4044 1162 1001 84 747 440 1094 738 1015 1258 1204 249 554 730 1161 866 13 121
4045 979 917 477 440 560 10 783 925 729 1105 112 207
4046 39 807 1434 1370 1354 1491 1066 662 1157 683 1156 697 755 30 754 1036 702 643 779 143 897 256 110 1328 1507 1508 656 249 1129 572 1204 1001 391 165 445 1253 595 752 1158 54 520 1423 1258
4047 927 52 80 539 713 141 47 135 88 143 99 174 82 129 50 85
4048 99 794 248 231 88 232 64 142 232 156
4049 215 203 622 666 215 378 378 215 687 378 1253 1376 215 85 471 501 865 350 674 1202 143 1134 1116
4050 955 424 955 595 841 730 475 702 847 362 7 773 440 812 1389 392 779 679 476
4051 234 287 1104 361 207 794 525 248 127 32 63
4052 566 1051 84 679 694 643 65 382 351 906 1152
4053 1001 778 110 1036 864 362 1378 1226 1075 297 1230 434 1423
4054 802 242 58 802 68 1229 193 21 448 740 42 751 236 1063
4055 831 662 401 49 532 412 33 1169 1169 687 653 443 132 1054 741 619
4056 362 490 82 1165 39 1058 493 122 1504 1011 297
4057 1005 56 58 31 691 1232 739 691 371 880 182
4058 765 1077 392 866 1307 798 162 1454 619 169
4059 106 917 684 768 207 822 50 525 232 776
4060 430 980 1212 233 910 463 230 463 233 656 1212 388
4061 1131 1403 771 235 619 1430 792 182 181 231
4062 276 713 156 1036 476 560 467 372 684 10 404 492 232 149 162 433
4063 243 1269 916 562 273 474 675 777 338 1404 683 590 651 1394 1302
4064 760 873 430 762 597 1245 794 231 395 1146 297 467
4065 81 560 560 44 560 64 620 916 113 794 487 560
4066 260 165 169 425 190 88 232 248 52 143 244
4067 1156 216 97 962 597 807 975 84 586 609
4068 463 82 1096 1159 1371 1252 1505 889 156 864 331 210 325
4069 1417 742 794 430 82 156 343 325 142 796
4070 260 304 513 1014 33 619 199 65 1201 80
4071 193 684 230 976 476 430 794 864 871 81
4072 1013 767 88 502 434 539 463 476 910 801
4073 338 421 975 1005 474 1039 875 917 792 634 1066 333 258 653 609 47 410 575 421 1058 757 1059 673 1053
4074 1020 166 346 197 1229 837 188 680 1066 730 738 900 930 241 839 739 738 244 841 1162 554 754 1226 841 1338 707 842 622 1177 228 904 193 730 1328 1336 613 1257 753 887 751 812 801 73
4075 720 82 207 554 297 679 156 755 801 721 450 345 403 231 694 868 80 493 732 440 609
4076 818 424 128 412 268 440 554 1470 708 1006 33 259 721 33 734 182 684 256
4077 128 1131 81 1356 423 50 816 1361 93 1369 480 1481 352 69 1397
4078 751 1060 1399 770 833 1051 33 304 761 691 1105
4079 78 206 650 101 1145 391 206 460 1226 1252 626 244 697 452 216 1510
4080 1421 1156 1156 1489 1489 1216 769 840 33 223
4081 595 1340 256 440 88 270 1375 688 863 133 782 1203 47 568
4082 734 639 698 1177 972 529 194 1404 657 521 637 13 607 629 581 1059 447 1328
4083 430 110 330 1075 705 1212 818 256 924 82 761 1290
4084 174 475 179 31 690 595 1227 86 189 106 666 1346 662 575 112 1057 245 572 723 746 575 1117 183 657 691 419 1303 838 841 727 99 1012 730 147 1493 1075 744 710 707 1203 382 44 667 663 1065 619 907 694
4085 1117 440 440 691 65 791 430 904 734 80 231 1228 88 248 554 362 143 823 103 315 39 110 526 207 280 688 21 1303 474 232
4086 794 864 115 684 32 268 232 1048 10 440 248
4087 821 1165 794 1176 909 955 362 955 470 1219
4088 39 823 871 232 1495 82 955 1416 1156 324 812 362 406 463 80
4089 297 1404 562 200 527 39 1270 1033 424 1387 1436 1146
4090 1211 521 589 1473 998 671 1135 394 325 181
4091 248 202 248 88 727 351 350 707 21 720
4092 1073 70 52 70 362 866 566 44 848 879 577
4093 1066 670 241 78 33 65 493 666 143 88 595 520 174 236 739 182 1247 106 26 568 812 108 85 252 1060 443 525 33 366
4094 10 930 266 801 181 325 576 1364 1219 667 1066 182
4095 626 456 21 170 118 1303 739 232 111 468 894 1493
4096 74 74 185 763 250 254 1024 254 256 63
4097 778 1373 110 48 643 142 1001 133 143 47
4098 1066 88 244 770 866 572 249 1307 626 833 253 30 701
4099 685 634 50 46 275 170 566 467 26 1105 1476 119 1108 1056 1008 1251 1156 1155 1270 1366 1201 64
4100 493 419 142 308 639 27 86 539 679 232 980 605 430 663 98 778 586
4101 1497 600 916 249 239 904 521 351 1015 1122 199 342 559
4102 786 1068 164 177 910 777 143 314 244 248 989 7 98 85 1171 873 234 588 851 64 109 215 639 176 189 399 769 114 275 196 792 196 221 195 508 1111 47 713 1279 42 337 194 1424 701 773 539 168 580 1020 569 542 254 28 30 666 86 609 427 361 568 10 666 643 729 592 782 1144 115 263 985 39 1255 254 719 710 709 422 1071 1053 1332 721 628 1303 961 240 1194 459 1288 521 1345 84 141 1128 486 660 1380 182 734 867 770 699 33 802 1256 223 1391 174 709 1330 1391 1037 132 533 133 1514 1391 183 65 798
4103 114 68 283 250 1018 110 320 406 135 52 331 315
4104 1216 372 713 1075 801 372 990 30 818 665 70 910 232 1035 521 142 1454
4105 1307 715 866 82 828 903 835 177 1073 85 147 1505 743 766 1293 388 52 842 1204 511 778
4106 668 447 467 447 668 63 1401 37 1280 50 244 23 1165 675 955 955 504 722 347 600 725 378 112 181 1158 905 206 609 837 63
4107 1307 674 19 698 349 110 236 952 33 401 1066 593 10 182
4108 1452 98 372 82 138 818 143 463 847 138
4109 773 1141 1141 425 425 425 1303 133 51 133 752
4110 861 138 430 233 678 308 182 521 181 39 43 1312 930 231 1479 1210 487 196 761 110 1210 861 886 886
4111 230 179 525 577 410 232 194 485 525 1165 919
4112 634 1139 33 647 789 1201 626 1067 223 112 859
4113 1374 878 1266 138 50 65 107 1036 1445 1194 692 81 1001 1328 47
4114 1183 979 1386 450 1013 118 207 463 297 80 798
4115 679 859 778 276 95 1491 476 1377 679 122
4116 928 1021 1450 250 647 460 853 778 1141 1450
4117 523 135 1321 641 255 1289 174 1055 1452 861
4118 99 112 142 232 136 801 925 361 786 561 156 554 1135 1342 656 80 864 776 930 625 598 110 581 874 273 65 873 792 149 99 539 476
4119 203 347 1263 13 1037 526 170 1299 419 841 837 600 988 1134 227 21 770 566 1330 744 1081 903 779 699 752 1295 898 388 29 628 1023 1507 696 183 1388 684 626 662 1207
4120 214 88 231 231 88 765 595 236 88 568 475 595 757 338 771 708 568 681 595 757 214 253 231 88 1198 1057 705
4121 146 297 142 231 1171 792 463 930 924 502
4122 442 39 185 33 42 1 653 1266 464 553 511 252 475 898 334 106 412 984
4123 801 935 873 549 818 864 1176 440 76 1230 378 976 362
4124 26 68 898 718 679 1017 362 174 143 691 112
4125 857 81 112 1276 248 362 273 325 1286 55 969 774 297 909
4126 1084 684 924 539 88 917 56 794 391 233 1421 410
4127 1051 1056 253 97 696 832 812 609 1263 193 66 258 747 730 78 730 539 653
4128 1491 525 932 64 236 785 832 757 21 1374 399 199 721 112 1066
4129 10 34 1290 782 315 879 248 864 980 879 98 239 849 1180 182 487 362 463 98 10 29 977 702 698 173 188 391 609 315 182 1208 1001
4130 131 715 349 609 1017 1434 575 460 841 463 674 193
4131 1131 847 378 1469 476 1018 181 1031 297 1469 274 155 112 380 142
4132 695 190 791 216 681 10 315 282 358 609 1171 110 991 601 74 831 215 1030 72 143 1105 182 781 248 1114 1368 174
4133 1430 835 195 1167 353 1295 1152 493 1295 1394 1158 636
4134 536 620 444 715 18 1253 196 889 567 879 1046 33 879 240 1345 577 254 536 391 567 185 459 798 1474 879 886 209 202 8 882 143 1382 886 811 680 1024 866 44
4135 864 231 1454 609 794 864 174 663 760 430 656 1113 1421 778 1219 1353 88 930 1340 762 818
4136 579 691 1057 634 33 600 149 64 194 757 174 636 734 65 1058
4137 609 526 82 231 248 88 207 801 156 713 80 440 196
4138 794 818 493 362 182 156 721 491 623 419 476 588 335 792 136 612 348 95 320 100 207 507 1013 532 1017
4139 345 230 794 430 138 916 1437 599 1451 82 233 81 88 801 463
4140 1452 1423 1511 1252 162 206 679 1421 818 1176 255
4141 193 751 133 823 56 879 280 1051 433 721 705 141 1118 37 203 232 522 65 812 765 228 1208 707 715
4142 1078 728 1448 826 1244 894 1436 5 566 33 23 36 1013 287 262 1340 890 18 756 1448 346 116 1 432 287 76 835 295 1253 172 894 1005 1063 503 1510 1389 1513 1129 353 737 1127 1053 1438 448 399 406 1138 146 572 150 577 451 1366 682 1288 13 508 933 569 643 1505 405 1232 1513 280 116
4143 82 851 1459 233 1210 794 760 1165 663 430
4144 1070 854 1308 572 234 771 165 1261 82 705
4145 898 695 459 80 452 791 21 1015 840 33 583 707 121 619 738 707 581 837 1375 1303 905 29 227 29 1375 1155 837 727 746 1105 1428 730
4146 315 1105 299 1068 802 919 1349 30 708 837 928 730 728 959 600
4147 392 1420 1358 163 109 333 163 1164 196 1006 1154 30 164 798 179 757 661 244 172 1010 730 1341 1496 1389 747 1513 451 1162 132 1134 1492 1156 1068 84 737 1229 754 1065 738 840 46 722
4148 725 130 30 1387 52 878 46 216 275 697 48 1077 1511 699 1090 701
4149 273 622 1066 82 925 804 418 304 179 65 112 10
4150 778 233 910 641 694 859 122 760 794 641
4151 430 1331 44 255 5 138 695 1306 864 720 1469
4152 333 68 524 179 572 163 622 1401 552 104 1010
4153 39 909 351 560 21 629 1033 789 845 91 401 649
4154 0 99 471 80 782 170 915 181 112 639 713
4155 794 430 539 82 684 476 1113 248 182 619 136 823 539 889 782 493 21
4156 80 684 1371 265 336 10 490 790 74 182 248 609 1357 1328 961 674 706 739
4157 549 794 207 639 472 1182 713 273 805 98 178 924 142 156 776 287 397 684 335 434 184 149 941 112 1171 248 761
4158 50 19 866 610 575 64 609 73 668 678
4159 778 233 657 1230 977 1130 65 605 934 949 205 894 421 473 33 13 6
4160 1210 868 930 980 1451 861 487 782 232 916 1434 50 399
4161 74 249 69 203 1112 1075 974 629 49 1229 249
4162 331 1169 410 315 57 202 331 315 57 443 252 493 728 673 205 575 104 1375 174 1057
4163 580 1307 84 1056 432 78 88 106 1079 989 681 38 832 1495 736 887 1151 1263 42 1 953 890 1233 184 674 622 833 33
4164 1044 828 114 600 888 1447 1203 536 904 798 754 745 723
4165 110 284 331 1261 447 1443 1443 1005 804 699 447 199 1145 1156 1265
4166 110 792 142 476 663 361 1479 623 403 202 639 861
4167 30 488 81 564 866 443 226 831 831 412 268 542 26 569 516 649
4168 491 438 98 1305 873 562 1393 1090 1465 297 849 463 311 990 491
4169 539 650 98 1330 82 1039 1287 126 873 399 1455 1421 1286
4170 1452 233 179 1129 1014 686 47 74 141 26 182 85 712 196 66 33 137 753 841 1
4171 7 244 43 84 249 72 191 782 1472 1175 623
4172 1505 1365 859 1419 1269 990 762 605 559 207
4173 232 1131 79 98 269 97 112 10 786 97 335 434 231 401 31 326 103 684 794 50 53 290 289 782 207 361 88 1458 1178 864 85 575 554 49 236
4174 557 23 1053 1060 595 513 673 244 432 520 757 194 835 1053 1129 570 160 33 898 1059 830 1159 338 42 246 41 840 351 903 835 199 194 738 842 1492 241
4175 1284 30 841 988 974 121 170 951 1067 757 140 1330 927 443 752 1088 752 741 1423 898 840 388 1023 459 1139 735
4176 97 340 1449 529 265 99 112 88 351 232 930 338 151 65 8 316 783 746 97 336 97 482 1449 300 963 97 894 637
4177 1225 955 162 256 990 98 684 639 388 1075 82
4178 699 818 1328 725 229 704 490 253 253 463
4179 284 602 232 980 560 590 713 590 909 792 138 378 138 1450 1302
4180 156 232 1172 142 1286 595 539 463 925 64
4181 684 864 794 82 684 43 248 112 818 713 88
4182 794 848 82 804 910 90 97 10 152 98 786 918 207 297 767 97
4183 122 112 174 74 801 419 273 619 782 156 924
4184 92 684 1454 153 406 979 13 264 52 53 363 175 269 263 208 981 250 577 274
4185 1301 525 232 250 70 93 335 437 82 889 980 702
4186 76 13 763 129 193 72 1444 765 15 1394 194 1312 1343 13 192 1030 1126 195 261 1494 315 60 107 595 26 554 424
4187 684 65 794 112 713 1036 230 82 143 539 248
4188 328 863 790 64 212 107 1035 1209 137 340
4189 195 100 543 856 505 930 427 793 1132 1017 521 1025 762 1222 1017 847 94 824 359 137
4190 50 138 523 1383 447 778 249 725 342 726 249 794
4191 848 315 1226 112 282 1118 412 601 662 840 1015 641 520 751
4192 56 232 32 181 181 58 560 924 156 713 823 539 345
4193 1424 517 794 1001 266 209 53 882 537 877 1341 254
4194 804 207 1459 1313 1230 162 523 1452 675 143
4195 644 1154 754 754 699 747 129 628 691 1226
4196 656 179 35 8 133 100 864 21 106 254
4197 521 1117 720 757 65 1194 837 653 249 679 1229 674 1203 727 839
4198 248 587 129 644 587 109 1233 728 66 852 68 256 311
4199 21 156 231 232 5 143 595 53 236 794 82 248 539 1035
4200 77 1177 1054 265 936 71 1312 443 520 460
4201 909 807 554 647 196 980 835 486 583 1247
4202 521 185 950 1389 626 256 1284 249 1419 1334 1412
4203 804 98 623 95 395 755 463 476 980 318 82 916 576 990 297
4204 457 21 424 424 39 580 420 513 382 308 239 489
4205 109 12 1374 57 704 750 1147 1206 647 696 1486 47 119 888 65 1035 1191 1162 9 9 1486
4206 843 572 706 1172 188 440 110 338 391 883 1039 97 50 163 1431 818
4207 455 230 1130 46 777 425 85 288 1141 116 1226 1456
4208 44 577 154 0 248 794 802 381 115 1328 525 1328 1336
4209 162 1039 980 100 660 1364 273 792 230 861 729 916
4210 111 734 780 8 840 1263 1428 289 143 1258 1203 1418 781 4 407 1207 424 149 304 1307
4211 182 230 1416 778 99 233 490 297 794 924 232 786
4212 684 439 1130 849 663 976 1220 1096 941 331 1096 1145 523 910 708 129 1236 871 1145
4213 88 81 265 142 207 768 248 554 599 675 1122 440 642 709
4214 335 156 440 231 864 792 146 142 1286 794 476 112 956 490 232 297
4215 818 1503 113 521 1503 1166 732 412 207 1180
4216 976 81 695 162 39 433 1212 889 996 225 801
4217 768 1022 976 864 778 910 793 156 231 98 760 980 430 476
4218 530 185 244 42 829 9 129 467 133 697 236 1238 179 1387 52 406 88 286 61 1043
4219 27 590 980 232 182 1146 476 823 312 430
4220 50 265 46 76 406 143 170 401 264 517 946 236 6 243 1177 986
4221 763 434 917 430 760 101 84 864 760 778
4222 427 86 801 181 181 917 86 287 186 440 33
4223 216 818 619 399 794 141 85 174 74 639 147 47 142 80 42 666 287 72 1043
4224 214 684 143 773 572 723 112 452 248 762 761 941
4225 194 734 962 794 232 248 308 595 1168 684 864 430 654 655
4226 774 1217 1488 505 925 1165 1044 930 207 395 758 430 361 156 361 1416 297 729 1417 639
4227 335 794 207 112 99 394 248 979 232 589 174
4228 586 315 1301 1426 854 232 65 98 476 870 463
4229 1131 1488 1468 1217 605 794 1419 554 617 1105 112
4230 796 476 81 1199 1370 44 552 890 1 1452 250 206 80 568 866
4231 99 674 103 801 660 738 1113 99 182 74 707
4232 230 1426 854 516 248 569 156 132 1105 873 233 82
4233 248 1431 1135 778 263 79 802 1404 21 10 162 597
4234 641 554 684 82 1354 778 910 297 447 943
4235 223 133 724 170 196 294 229 118 601 65 50 110 1142 414 1050 194 30 698 1023 1375 626
4236 230 792 248 88 525 477 778 864 1230 476 818
4237 1303 724 681 115 666 724 736 1151 980 833 30 65 727 673 1227 739 744 730 1347 1071 1293 738 840 1232 260 754 737
4238 143 33 569 393 115 1151 239 1452 473 527 82 630 1435 163 65 69 1063 754 162 1495 1129 1487 5 1065 897 535 563 318 228 577 77
4239 476 372 1426 997 232 70 69 791 193 97 254 794 257 88 476 910 254
4240 65 899 580 831 1423 202 554 240 41 742 707 1201 65
4241 889 193 732 646 82 1180 230 231 493 307 732 873 437 656 44 818 69 976 399 419 549 1340
4242 474 1082 342 362 865 128 255 640 1013 1217 768 823 156 142 207
4243 232 590 1354 590 763 1497 181 232 1230 1068
4244 447 1408 966 896 1225 401 30 249 143 132 1084 778 684 244 49 504 1105 1142 1408 362 476 685 495 232 794 430 1036
4245 1242 644 9 7 69 644 850 129 852 1212 928 620 1423 717 551 1051 50 1085 110 1433 253 253
4246 683 1053 609 568 133 1114 1390 572 65 686 80 256 630 1180 925 361
4247 656 684 232 138 793 641 778 909 232 463
4248 415 765 113 490 1171 351 186 206 129 684 163
4249 663 801 755 618 684 563 638 786 1225 247
4250 133 888 1149 243 1156 568 1104 1186 342 476 249 980 1194 724 30 666 930 765 566 493 447 572 628 817 564 249 1162 1511 831 1024 106 905 728 232
4251 639 488 851 759 277 829 393 805 695 792 759 768 1217
4252 1504 554 254 244 889 143 233 797 600 156
4253 863 231 889 663 684 778 656 82 917 234
4254 1316 1394 867 1084 1034 205 1108 202 936 1157 281 1218 57 1243 155 260 57 1218 202 934 1268 1206 49 1353 851
4255 342 257 251 671 498 343 501 758 1286 342 378 501 1370 210 217 217 1342 110
4256 5 818 165 349 65 707 33 107 256 443 214 351 80 170 52 720 1169 755 244 580 653 1084 407 570
4257 773 112 818 65 773 1453 18 1279 273 492 50
4258 1328 864 351 68 831 33 662 1228 1014 1244 1329 1227 557 1306
4259 80 103 216 801 243 811 917 683 1509 10 239 650 461 249 1129
4260 57 68 260 54 948 53 280 63 363 282 194
4261 729 54 115 511 440 33 789 351 315 583 1134
4262 60 149 459 572 707 254 206 554 225 156 5
4263 88 1066 1055 1384 101 729 1158 129 30 285 1039 595 708 554 231
4264 1165 362 182 258 244 38 1226 795 647 961 30 751 692
4265 554 20 165 165 154 1156 616 520 1036 40 203 249 1162
4266 801 683 841 1155 1263 460 591 47 834 1303 834 171
4267 362 1171 233 232 847 1017 103 320 782 104 1309 818
4268 430 909 1131 255 930 70 50 239 656 554 633 639 182 80 86 593 30 47 1226 847 1440 1505 1010
4269 106 864 713 182 1230 873 430 143 463 854 818 88
4270 41 64 620 683 474 757 338 473 1122 674 581
4271 99 21 708 697 529 977 1374 1084 619 276 588 1228 99 202 476 529 310 1005 185
4272 813 156 577 81 105 50 765 118 410 248 168 304 338
4273 64 374 539 106 326 734 248 58 1165 791 415 199 802
4274 403 932 1085 97 1247 894 283 715 513 1063
4275 702 33 807 895 674 269 834 554 1054 346 674 653 261 261 1294 1012 837 1166 980 1229 121 1134 627 184 991 1043 131 415 38 1331 1124 21
4276 408 186 80 112 277 162 376 968 391 167 159 181 491 521 337 1153
4277 1030 1134 718 6 1229 1058 525 575 68 451 1210 88 757
4278 268 930 230 605 1075 265 861 215 85 985 1454 964
4279 110 170 250 362 290 759 284 810 172 68 50 336 751 232 1116
4280 1036 818 81 1082 853 909 1075 778 523 847 521 68 873 758
4281 954 372 868 990 917 233 39 818 1104 794 1331 156 801 165 554
4282 685 58 456 143 205 215 106 31 248 371
4283 286 185 512 254 662 1047 1177 1238 1141 744 525 841 647 49 579 751 673
4284 865 818 873 156 181 325 656 1185 1406 343 539 142 911
4285 231 202 1392 794 1131 523 230 845 315 1068 873 202 758 864 794 207 231 230
4286 823 232 868 1021 1212 255 335 639 768 1075 112 1417
4287 1393 236 13 539 230 216 595 976 155 581 106 287 231 98 50 569 173 474 1006 699 333 412 606 460 232 801 143 173 338 575 206 951 49 257 1330 1151 26 683 890 1366 1164 1155 1201 1012 738 42 106 64
4288 149 50 847 1081 172 732 656 122 112 554 106 78
4289 889 64 452 440 230 232 595 81 401 434 437 248 684 782 917 149 106
4290 49 863 864 403 1505 818 795 50 626 1022 297
4291 410 111 1014 653 502 622 26 609 244 241 699 886 1228 1303 1228 691 739 730 812 131 182 76 228 351 691 739 88 232
4292 232 136 823 931 4 713 419 801 88 182 103 430 3 804 27 539 56 273 231 663 539 174
4293 362 346 177 420 52 1135 440 299 831 562 179
4294 713 80 476 343 0 248 794 818 325 430 142 66 207 156 509 921
4295 26 1242 725 1161 65 1100 1169 616 696 447 1511 1510 626 707 600
4296 194 819 461 884 667 1335 585 534 1456 534 1070 461 132
4297 1396 218 150 695 1310 103 333 684 141 899 46 42 85 1069 1008
4298 480 182 1481 775 1369 531 447 283 871 214 931 1397 1392 229 141 869 466 1114 788 932 8 107 685 130 306 138 156 1242 363 47 1247 1135 127 131 1214 171 951 1481 315 445 31 679 178 80 299 823 1429 215 865 200 1288 569 516 1319 184 568 1116 786 643 645 407 1238 1316 1281 483 1085 714 1342 661 330 107 626 103 818
4299 69 112 10 207 142 297 325 361 1223 476 156 976 617 181 88 14
4300 463 262 287 10 193 229 783 135 232 31 504 477 75
4301 867 47 673 1491 630 763 566 26 40 405 840 720 1334
4302 213 532 232 419 337 64 328 492 393 400
4303 778 544 1013 320 156 474 956 930 232 476 335 801 1131 924
4304 88 236 358 324 142 476 234 136 525 232 917 129 412 1364
4305 382 823 460 179 362 751 696 217 1253 44 1253 687
4306 213 65 452 1399 232 580 150 249 1384 909 1250 314 276 155 1104 1044 330 917 765 64 533 1212 527 143 1036 811 244 289 141 1042 680 161 891 616 829 1484 1022 634 280 193 391 162 628 663 355 452 870 567 1117 333 1001 1196 1044 864 1429 331 164 331 141 214 432 143 963 554 734 65 47 163 131 1049 130 46 447 580 757 691 1001 49 335 794
4307 232 568 143 554 863 1454 713 539 889 769 685
4308 683 214 74 75 487 905 1017 4 173 1158 707 131 600 182 595 961
4309 366 50 791 1270 72 132 226 72 113 295 135 404 773 100 244 374 65 29 572 258
4310 684 1426 713 1421 778 232 182 605 1370 674 663
4311 465 311 525 320 1082 234 1212 1179 403 1317 804 76 297 783 497 935 675 148 777
4312 1368 452 420 575 1014 879 194 1029 239 295 667 1319 50 1085 89 601 415 609 54 133 699 1173 645 10 1288 673 38 647 1400 1400 236 722 835 679 289
4313 430 207 633 13 219 286 405 400 868 320 998 50 635 332 172 261 203 460 609 1010 141 746 581 49 735 1223 1069 757 295 249 1274 1075 1105 1057 308 143 823 110 132 120 579 590 13 133 1141 1084 1332 840 753 676
4314 80 450 1340 963 230 99 76 732 832 230
4315 207 232 732 55 804 142 1286 895 361 233 873 328 909 713 1340
4316 1452 112 1417 249 112 97 476 760 244 471
4317 676 1154 545 111 1071 1357 1332 720 419 256 84 1116 1017 754 657 1312 695 37 129 778
4318 632 1340 467 684 805 706 337 563 864 762
4319 681 42 894 932 33 789 840 1229 121 118 410 545 80 118 898 891 1229 734 757 42 815 1065 1063 160 1338 37 33 906 838 65 1266 29 366 545 232 841 290
4320 103 629 679 343 324 82 297 174 832 607 833
4321 641 667 752 518 1182 760 315 215 605 1353
4322 80 1465 1342 182 1264 1036 1084 778 287 156 362 217 1395 217 1365 335 794 1370 99
4323 17 217 591 798 217 39 284 1156 30 724 949 1161 743 112
4324 764 214 1194 1129 782 111 782 823 1208 782 1024 702
4325 518 899 338 321 196 952 80 202 641 68 236 930 1020 909 133 30 228 1294
4326 1224 1340 521 113 14 432 440 266 5 768 0 1166 813
4327 1066 595 228 842 539 609 812 1416 179 730 412 807 739 1137 133 1438 757 886
4328 846 524 432 410 977 845 1045 1122 174 78 346 697 599 899 751 52 240 654 76 391 107 485 1266 750 1188 296 401 831 41 194 89 327 609 1071 867 962 84 634
4329 523 351 572 248 440 554 699 1111 792 1127 1135 890 97 239 653 678 1466 662 652 149 619 1190 304 483 1148 103
4330 1082 141 456 947 452 248 684 774 687 430 53 924 466 88 150 112 463 127 855 99 639 1359 229 358 401 182 106 112 577 521 34 910 933 331 976 174 32 58 112 685 1 333 50 65 75 239 486 131 196 979 232 382 1066 428 660 636 440 675 291 490 17 688 103 10 133 508 464 1060 351 21 193 1075 168 572 477 358 1105 399 781 1299 112 520 43 757 353 179 30 823 265 169 483 708 75 705 126 230 656 1058 467 642 622 702 575 1157 712 830 1063 526 648 242 591 791 1129
4331 590 176 913 99 794 106 418 1452 430 207 818 679 308 156 203 729 112 1036
4332 1401 39 241 244 626 740 686 154 1014 268
4333 420 1154 256 182 330 26 1105 443 647 1307 842 1208 707 1118
4334 1450 441 910 362 440 50 138 27 43 847 791
4335 924 1036 531 230 1135 55 112 912 1286 477 234 88 248 930 1353
4336 88 83 112 82 684 233 490 106 521 230
4337 699 143 552 382 1204 791 295 707 1375 451 974 757 837 65 256 770
4338 792 1039 1171 1107 1279 807 997 467 452 567 64
4339 581 594 1010 50 554 410 812 476 734 97 840 1339 961 199 699 64
4340 525 82 353 503 1010 778 1340 762 106 82 255 688 1416
4341 133 244 1066 1001 952 203 245 999 1167 1144 110 1067
4342 65 1433 791 78 1104 244 590 724 199 425 959 600 679 1060 737 955 21 179 707
4343 823 1114 864 182 430 823 221 1219 64 641 521 110 801 92 648 181 129 909 595 1082
4344 713 88 128 179 297 1294 82 142 328 50 1286 193 795 864 812 1398
4345 29 1114 631 227 696 757 110 699 1022 328 589 641 31 1421
4346 231 778 761 1398 786 1066 485 335 85 639 82 1182 762 265 138 795 1452 1165
4347 563 99 857 395 684 467 549 760 362 248 614 1046 335 437 472 563 1287 801 207 1241 522 1233 415 283 792 284 101 1100 592 328 1314 312 450 230 372
4348 136 297 521 156 273 916 1212 1223 930 142 271 27 1462 996 405 597 665
4349 1036 917 778 560 232 980 156 207 1426 792 236
4350 250 50 572 331 110 1463 39 265 834 641 1400 683 667 2 686 114 950 1374 675 1261 554 1433 33 1370 722 1167 1119 133 54 0 1147 903 520 1328 106 1201 526 708 148 1199 132 1330 1330 308 1105 1084 724 280 613 265 835 688 747 21 928 738 106 1349 249 636
4351 1194 1219 408 463 273 809 1421 778 1057 81 270
4352 18 84 685 1452 21 1129 33 33 410 232 412 474 1330
4353 199 757 734 1 705 295 50 707 545 38 643 898 1201 262
4354 640 142 189 669 539 1468 794 430 138 641 81 1185 297 1279 513 582 456 255 207
4355 1265 638 889 1287 1212 1176 1286 1298 1398 778 476 980 1451 758 1396 1455 82 1165 182 405 162 848
4356 81 919 863 563 1455 50 262 1512 995 82 794 864 782
4357 914 864 773 156 49 1 684 232 248 663 1426 430 794 122 801 263 1165
4358 463 1335 684 889 861 142 761 362 232 909 804 822 82 430 794
4359 919 430 778 605 663 919 261 1309 605 663 794 624 138 758 233
4360 657 742 65 894 239 176 239 362 1375 778 13
4361 521 628 256 600 1071 1010 1389 1114 1141 754 837 575 26 174 199 840 65 241 1203 728 1338 1216 1164 1375 73 1129
4362 761 10 143 684 138 430 1452 539 207 729 230 162 917 234 231 82 248 362
4363 85 21 33 1328 420 674 520 655 26 593 838 148 520
4364 21 104 115 467 41 21 39 80 65 99 1117 330 284 676 778 50 919 85 504 460 121 566 440 333 338 77 832 64 438 236 243 196 97 554 889 581 7 656 232 1042 1151
4365 236 268 515 477 294 424 333 196 656 70 789 783 1324 1188 236 577 127 57 870 128 1305 1322 97 257 828
4366 609 1491 412 248 191 729 421 191 1119 361 191 834 581 1472 257 239 1119 1433 43 236 1024 834 1328 1331 554 50 519 1151 686 812 1417 570 284 643 1424 1097 69 1201 40 1434 18 258 879 1375 230 1048 129 17 754 1162 798 382 110 743 1338 39 13 107 1198 1397 1295 26 1065
4367 107 182 568 412 181 84 561 182 217 491 244 412 568 1057 1196 206 566 1154 770 519 50 662 1233 382 653 655 244 399 834 35 215 60 452 241 1347 244 817 724 138 899 193 456 699 1303 886 141 399 1145
4368 729 930 1216 248 778 1039 230 1386 10 674 437 1426 1097
4369 943 794 909 854 112 81 207 1187 50 1431 112
4370 231 380 909 214 88 70 456 910 230 794 142 174 525
4371 1226 1162 896 33 613 779 84 257 831 1167 1273 121 930 30 54 955 147 1434
4372 933 447 889 798 1105 77 1065 74 1049 1514 3
4373 1105 91 441 421 133 137 268 981 490 554 500 622 39
4374 97 1226 440 1165 207 82 809 1452 1286 441
4375 1316 352 52 143 206 575 1141 696 656 691 459 29 1293 47 636 1295 13 1514 260 99 280
4376 259 755 248 525 795 81 82 465 1503 38 1338
4377 915 202 174 1491 518 244 1048 232 333 1267 244 854 150 1295 1295
4378 297 231 782 539 1212 419 1176 98 732 227 142 1216 925 1286 233 171
4379 233 913 688 791 54 794 230 82 764 1226 255
4380 1095 760 794 641 430 1082 1241 476 248 778 656 88
4381 348 1452 463 605 1479 1029 1426 917 990 1451 1024
4382 1430 778 794 142 861 476 91 335 49 467
4383 80 39 889 691 254 21 554 351 794 181 713 182
4384 965 796 640 979 248 88 917 231 889 523 792
4385 17 778 794 412 50 1147 203 41 959 268
4386 639 1122 315 667 54 38 118 1028 440 1436 70
4387 768 233 189 792 476 590 782 904 699 1203 739 174 729 841 64 963 1039
4388 325 1455 1194 230 818 430 30 1104 1176 864 1176
4389 231 910 729 53 539 88 273 794 265 232 539 181 1075 1279 233 930 476 362 794 53 230 812 854 713 202 1421
4390 801 297 813 924 930 75 233 86 232 181 99 88 1225 609
4391 131 688 182 21 539 58 525 831 1186 111
4392 358 640 202 864 684 476 232 1286 1286 1469 82 143 848 146 150
4393 1066 554 1 521 112 440 101 143 97 1156
4394 21 1347 88 1015 132 361 691 228 554 740 496 143 121
4395 1183 1455 335 1287 207 930 438 142 1165 399
4396 354 287 263 472 488 335 95 397 549 378 1442 276 91 268 76 864
4397 162 493 539 713 521 794 726 778 665 483
4398 414 324 264 121 543 549 818 210 469 791 1238 21 782
4399 1417 284 818 440 720 55 122 1182 82 1286 156
4400 155 1193 1100 927 109 352 882 1191 1035 425 69 140 764 662
4401 1266 199 686 195 412 76 959 695 182 54 691 681 195 241 256 256 256 945 26 730 831 236 282 616 1294 1229
4402 0 792 909 427 476 778 98 427 1210 1424 851 605
4403 774 476 924 801 427 639 776 1446 758 189 82
4404 861 1421 794 81 466 233 925 434 521 287
4405 110 330 320 236 274 10 362 248 315 1130 415 129 121 401 930 269 962 250 386 186 414 568 590 952 224 684 630 577 482 133 1328 1336 757 33 833 579 280
4406 932 1187 894 14 268 615 165 406 1039 1176 807 450 23 165 113 896 664 44 156 1005 1253 1048 40 1253 520 513
4407 925 129 1420 129 1078 451 628 88 110 335 358 231 229 143 82 142 794 713
4408 543 338 899 486 214 718 50 108 1505 372 1039 864 791 335
4409 831 229 812 256 657 1342 834 63 678 179 196 591 898 133 78 520 653 744 130 773
4410 112 157 490 80 248 486 963 430 1172 572
4411 52 269 581 521 64 1419 584 1010 430 39 840 963 1166 361 142 631 143 569 1340 707
4412 110 286 612 323 207 335 7 612 332 142 407 993 133 295 50 407 978 805 805 694 380 920 638 1272 1288 805 805
4413 10 559 1454 964 1455 1421 230 804 957 507
4414 214 231 81 10 684 1013 112 54 1025 278 560 490 148 88 940 679 872 609 405 823 596
4415 1101 227 1151 818 33 1226 1104 720 609 1258 801 1112 65 319 974
4416 169 26 1088 725 85 143 53 734 244 1049 662 1366 724 626 107 833 781 440 513
4417 65 30 193 459 977 1154 1134 552 132 474 147 735 10 488 1006 836 725 88 324 49 904 748 703 626 29 648 753 121 626 781
4418 644 236 1328 680 653 33 258 241 945 812 833 194 63 244 65 738 439 170 1338
4419 98 794 804 976 330 820 395 212 816 976 1095 979 110
4420 794 146 370 430 768 687 143 169 710 807 554 118 424 710 143 1292 1306 1024
4421 106 232 304 335 434 131 463 55 1431 248 297 419
4422 230 231 142 162 69 1384 801 434 563 362 864 1 456
4423 64 852 560 177 177 880 33 691 196 44
4424 822 917 1340 273 82 230 684 1286 335 361 795 796 1343 764 128
4425 1233 1010 1084 324 1161 385 1307 236 52 69 259 526 906 1266 412 1233 351 251 1010 236 1053 475 244 643 539
4426 689 54 1006 23 1129 1158 746 239 771 1316 154 1256 718 1490 684 572 649 115 1274 730 734 779 1235 1159 1058 244 687 823 256 315 1447 1330 153 743 228 88 833 202 513 33 573 137 557 456 106 465 794 182 363 26 1207 1065 674 1471 326 1350 723 133 1428 653
4427 1389 898 1284 107 699 1338 644 1387 644 613 1129 196 520
4428 447 244 794 80 283 818 142 804 230 1039 163 265 776 554 1 656 1176 0 554 782 5 1119
4429 0 1078 1238 557 1016 667 71 1266 608 179 666 712 1157 1244 1016 1117 647 683 836 78 1337 351 699 1141 622 1016 133 1016 736 270 88 1226 657 754 590 1338
4430 84 1343 65 899 230 1225 573 1428 358 1079 950 730 688 746 149 643 1011 389 683 107 10 753 194 707 1453 1303 114 1158 1114 842 974
4431 80 659 112 88 794 97 599 54 248 84 351 0 10 525 1177 518 930 294 269 155 554 1186 106
4432 202 485 282 371 513 662 897 1347 1232 70 681
4433 68 50 688 641 193 1404 340 1210 705 97
4434 1230 778 156 1451 581 66 663 297 751 324 430 255
4435 801 33 69 18 282 894 723 572 29 684 65 1075 88 596 248 110 182 232 727 747 754 249 554 1010 723 106 1065 245 196 1068
4436 389 441 553 45 194 1106 513 421 114 1452 65
4437 172 1075 136 176 99 112 143 475 21 1053 88 1017
4438 818 64 897 1447 1268 129 323 87 236 691 887 1016 703
4439 177 577 88 1038 66 65 112 149 491 143 476
4440 76 1367 684 304 269 61 1014 1190 88 248 282 232 831 282 844 570
4441 90 10 21 232 236 33 65 202 118 831 182 1347 886
4442 113 868 441 434 112 207 930 813 860 801 933 979
4443 794 498 807 822 393 911 263 233 138 762 232
4444 447 30 1034 688 985 701 106 889 9 1068
4445 476 189 476 142 156 1113 233 231 957 207 663
4446 1203 757 112 739 80 751 244 1247 1229 554 399 1160 349
4447 794 233 82 230 684 143 49 1505 81 688
4448 355 527 129 64 174 162 795 362 134 340 360 232 794 802
4449 1400 1339 752 5 900 244 205 33 740 583 738 595
4450 466 174 566 1108 447 794 1323 460 1108 467 1323 141 1206 460 141 447 147 610 460 610 460 4 549 137 398 1071 566 770 1323 119 546 610 876 566 698 1307 178 676 147 29 641 716 132 460 748 866 174 398 713 1154 460 1206 1332 1154 748 1288 398 1163 1154 560
4451 544 1211 5 255 248 335 438 1 523 393
4452 80 794 778 1039 864 248 273 930 82 796
4453 762 39 193 362 412 500 641 1105 609 832
4454 14 1411 94 476 425 275 286 563 299 596 67 1141 703 879 37
4455 713 69 229 763 80 1301 1430 639 1227 490 424
4456 553 106 1268 1060 1229 241 972 412 1 570
4457 747 121 65 903 424 250 452 440 173 673
4458 430 1090 82 760 138 794 55 181 1451 142 439
4459 1328 1450 609 554 674 80 607 609 1499 1463 44 526 174 930 1051 483 232 75 363 979 801 80
4460 504 787 239 133 103 50 69 153 106 1113 193 430 622 1011 575 1028 734 310 905 1027
4461 137 487 210 6 210 424 573 1244 852 778 1243 65 1141 76 587 68 195 525 1510 214 601 59 757 1253 93 193 698 202 643 1337 50 6 683 93 1297 577 1381 60
4462 1466 126 1107 110 76 194 1404 529 331 1003 50 534 148 203 1148 24 341 696 644 587 605 643 1023 50 132
4463 137 97 76 278 303 182 79 13 136 378 405 942 10 109 8 273 658 646 142 577 1271 818 625 328 120 66 39
4464 248 153 244 495 668 1016 1379 143 1077 812
4465 443 203 715 244 47 249 1071 910 93 286
4466 358 230 106 440 65 54 1043 132 776 1497 231
4467 929 1464 128 142 324 1022 864 1298 1176 1479
4468 10 64 56 917 81 110 405 97 937 505 335 556 541
4469 263 767 1039 81 1290 1478 861 1424 434 231
4470 248 338 852 577 420 194 199 68 104 381 630 846 239 1394
4471 451 250 474 1182 872 644 248 112 483 763 63
4472 525 82 778 503 1340 762 1010 106 82 255 688 1286
4473 818 1185 795 639 27 122 924 794 990 860
4474 1000 15 797 1176 1015 851 761 383 15 939 1090
4475 906 1104 889 890 995 1479 181 1340 1428 1416 403 813 82 233 1166 995
4476 133 1231 620 52 242 75 249 1229 112 629 880 218 699 460
4477 233 156 1138 1265 782 794 1482 1066 890 1100 343 1370 607 174
4478 1280 1187 341 706 280 495 626 529 242 734 112 643
4479 421 1387 89 420 686 304 15 1498 179 179 894 342 323 508 5 620 621 1335
4480 1176 430 929 866 430 866 1176 949 65 456 460 913 463 362 226 866 1330 50 949 1488 383 1430 609 207 1437 226 990 362
4481 263 1210 81 868 27 794 477 91 99 909 1460 131 505 231 207 1165
4482 997 1288 636 142 1216 569 878 10 801 106
4483 354 8 106 135 731 88 864 50 80 361 619 208 539 99 651 449 971 188 424 424 424
4484 249 232 10 684 85 791 1426 65 27 865 639 78
4485 976 794 925 671 325 669 1459 91 207 328 361
4486 778 1511 1036 1510 769 1391 30 683 1073 451
4487 142 1025 818 96 4 88 1018 75 909 98 207 588 762 86 1039 782
4488 795 633 543 1426 191 956 1378 0 308 1166 1426
4489 156 559 474 1015 864 919 142 82 1202 1146
4490 654 10 641 1286 911 543 1321 357 818 230 1287
4491 1082 148 142 639 849 759 156 711 1430 138 307 656 605 633
4492 430 266 767 156 761 930 523 1051 818 656
4493 863 720 26 757 174 974 907 840 880 521 738 388 835 842 1203 745 241 1204 1156 1507 73 712 1065 1129
4494 630 1348 730 837 748 266 751 1471 1006 195 905 906 1350 1166 88
4495 502 1230 619 80 143 828 1105 248 112 182 486 557 103
4496 142 1360 194 523 1469 584 834 255 1317 830 503 297 930 981 1287 63 1230 851 21 622 170 1296
4497 449 153 214 688 424 33 577 840 1491 656 228 898 230 941
4498 430 684 207 75 112 230 55 142 1340 729 82 1036 778 1286
4499 862 99 75 88 174 917 976 399 1216 560 597 794 324 251 1289 120 269 156 590 146 1064 588
4500 731 1298 864 1044 230 996 1386 523 631 1082 10 641 795
4501 10 1210 404 452 447 430 202 605 980 142 624 114 53
4502 231 879 1462 142 38 917 1452 1454 964 44
4503 447 683 378 871 763 342 362 579 331 566 1206 70
4504 1182 713 684 182 143 82 231 88 1340 794 230 233
4505 178 69 504 491 50 734 692 791 1023 239 80
4506 778 688 193 1426 1265 1354 755 762 138 1370
4507 930 382 283 630 182 905 1063 410 572 39 75 21 840 554 85 739
4508 864 1182 1136 1424 155 804 641 1090 914 1354
4509 427 818 794 233 804 909 854 864 1028 925 854 91 81
4510 156 358 287 1452 287 684 1001 722 1328 1001
4511 778 818 1452 142 1426 1298 859 930 490 335 1370
4512 156 476 155 930 112 873 165 1039 127 813 113
4513 84 864 202 224 374 311 816 1082 388 776
4514 455 818 778 362 554 873 436 115 202 440
4515 65 1150 350 554 641 255 81 1080 231 88 990
4516 930 1113 1497 521 230 75 1452 778 230 1454
4517 774 976 488 231 335 792 490 925 951 684 308 463
4518 609 1260 1221 1509 1094 1034 143 1002 622 1065 1335 132 244 199 1077 1156
4519 175 143 252 549 47 566 1338 763 837 679 1113
4520 119 1154 1056 1071 1491 1198 391 651 459 36 748 1075 1071 999 839 1164 744 700 945 991 250 29 610
4521 557 557 575 199 111 232 21 33 831 440 831 1186 831
4522 490 864 55 760 1185 850 656 233 612 142 1018 766 847 944
4523 656 112 590 207 1395 10 818 864 1225 609 1137 539 189 965 720 308 639 679 233 823 759
4524 1455 297 325 1194 230 430 1398 818 30 1104 82 914 1176
4525 1036 1182 434 853 980 216 187 1095 1176 372 81
4526 503 853 311 309 864 913 1212 414 819 930 943 1424 849 1280 340
4527 232 88 490 112 97 80 167 910 502 10
4528 14 698 50 30 268 50 110 791 728 888 1454 1114 798
4529 99 10 684 793 143 101 129 79 1005 861
4530 1070 1401 244 1119 250 571 467 265 299 265 1009 614
4531 1171 128 110 549 1217 305 320 207 142 81
4532 81 864 165 641 521 74 118 14 1300 42 1239 687 500 245 1307 647 714
4533 52 170 1238 216 47 121 1036 141 177 148
4534 669 231 760 804 864 1305 818 1469 395 864
4535 1387 1323 41 179 459 179 49 49 179 876 1486 1023 388 832 170 487 1257 577 1164
4536 244 47 216 110 179 1141 174 179 130 52
4537 810 1212 778 1018 1246 1241 976 406 107 46 640 85 84 467 1091 1238 77 928
4538 1379 1073 1230 1217 794 253 1426 1370 138 241
4539 264 401 529 50 194 168 69 282 1265 242
4540 967 110 84 342 8 549 1311 979 226 488 1132 490 37 14 408 320
4541 304 918 612 136 156 113 100 181 157 1190 419
4542 232 248 794 864 230 10 483 283 147 314 610 866 1068 1163
4543 1497 30 792 143 1137 1204 82 401 1423 877
4544 291 99 138 414 10 172 259 94 366 415 1005 908 80
4545 410 913 794 81 978 391 88 56 142 924 82 684 297 1084 1022 1286 764 539 233 335 95 917 572
4546 47 80 792 622 223 699 483 665 833 568
4547 189 930 21 270 106 295 174 1190 674 1072 746 712 838 290
4548 83 487 1015 194 112 72 214 580 972 338 580 214 338 17
4549 849 916 88 525 131 407 88 230 70 778
4550 790 165 156 182 88 384 335 889 207 828 22 771 968 360 521 389 304 326 231
4551 930 427 640 767 430 550 113 937 138 263 441 187
4552 1005 1255 295 909 151 97 671 1298 55 207 362 1305 201 440 50 656 297 764 556 142 391 156
4553 635 1215 1215 242 601 794 214 864 110 58 780 230
4554 786 864 207 1407 68 128 804 142 980 794 755 395 1370
4555 212 557 147 282 241 963 757 932 1108 1125 1254 695
4556 579 177 520 1293 33 459 610 566 1307 1258 662 1225 18 244
4557 1463 191 595 1021 346 699 287 891 239 1072
4558 231 913 21 82 641 452 439 1217 463 430
4559 171 925 713 156 1179 233 795 996 467 560 848
4560 81 490 232 348 172 129 347 110 207 64
4561 244 1347 1316 1273 647 738 194 57 13 65 833 107 566 1229 715 839 932 840
4562 1210 873 1484 671 372 250 50 1370 255 761 859
4563 169 85 529 768 532 807 1454 431 521 452 129 802 801 527 174 209 889
4564 46 49 49 867 216 215 231 914 49 435 17 626 824
4565 262 50 295 477 248 916 291 214 97 69 106 437 206 335
4566 782 500 660 188 189 430 230 150 194 304
4567 226 1082 248 794 1095 378 182 138 560 864 430 329 189 106 27 1473
4568 41 179 107 190 326 258 492 300 1119 1410 932 412 42
4569 406 287 98 869 849 935 263 560 113 1033 1033
4570 1165 430 110 802 544 492 1435 572 101 101
4571 262 19 916 224 279 1082 620 583 260 90
4572 514 81 1002 266 560 951 554 135 172 824
4573 80 778 1241 804 232 776 764 27 143 232 758 523 521 476 172 639 964 804
4574 778 1163 778 110 1007 1035 358 265 917 708 179 742 85 687
4575 153 59 195 386 550 381 93 421 847 196 67 1014 162 133 104 1015 198 302 1054 880
4576 58 767 782 930 88 560 182 99 136 521 452 1135 362 849 459 171 202 394
4577 55 320 612 498 207 439 915 235 472 943 588 920 361
4578 233 546 328 540 889 1165 493 361 434 430 263 804 301 114 1106 297 207 116
4579 412 117 72 779 166 275 81 132 143 19
4580 196 196 263 1323 481 66 168 404 208 195 420 248 432 958 698
4581 346 21 346 10 199 181 500 1345 727 744
4582 568 88 855 53 165 657 143 65 794 1015
4583 209 799 868 248 412 482 1068 412 167 504 81 242 421 196
4584 1025 232 143 320 96 354 98 684 131 1177
4585 81 263 335 233 804 362 207 142 794 349 232
4586 1078 143 106 231 82 467 85 791 27 437 1241 847 291 864 774 1025 233 503 156
4587 101 1001 114 684 1233 864 441 989 1286 357 544 578 101
4588 81 864 554 430 449 1082 248 1225 868 233 919 1021 794 230 255 823 623 98 273
4589 864 774 170 996 847 1035 801 873 554 176 764 1241 521
4590 818 362 110 1036 1095 802 889 143 794 802
4591 320 105 488 450 1100 751 504 280 207 361 427 519 262 156 504 30
4592 515 50 98 404 10 439 170 424 248 131 179 1141 154 21
4593 168 251 802 1005 564 1095 660 674 1033 1193 838
4594 794 141 786 966 129 392 276 110 1085 116 334 404 192 407
4595 430 804 231 476 182 10 917 502 1230 684 207
4596 1121 872 872 980 683 683 691 727 609 801 75
4597 142 81 1469 231 226 912 1305 1130 684 1371 1286 231 864
4598 171 818 319 617 156 171 756 913 1212 1138
4599 214 131 103 214 173 232 10 229 979 131 158 521 577 141
4600 929 65 335 311 128 774 1075 230 129 1241 81 232 639 319 476 456 279 65 488 141 150 335 287
4601 27 515 362 366 794 248 443 114 76 137 443 1117
4602 534 143 1084 263 434 734 214 6 1171 1001
4603 1246 549 184 1473 731 0 1286 523 850 476 142 828 172
4604 467 299 195 894 61 557 557 487 1028 757 688
4605 504 808 852 699 242 245 76 407 867 715 631
4606 268 799 170 266 300 54 194 143 300 412 1116 789 192 114 70 1343 133 423 423
4607 624 207 328 142 430 549 930 864 226 491 276 397 544 118
4608 1165 630 1195 615 791 578 641 1230 106 55
4609 821 439 320 142 284 271 930 202 588 383 822 206 759 146 797 1356 1506 97 156 219 135 270 325 1287 427 998 505 1171 97 128
4610 146 45 72 801 1021 412 447 80 232 56 691
4611 268 489 503 336 819 269 474 934 66 1104 270 523 320 274
4612 847 794 923 88 129 273 889 208 768 913
4613 90 1469 351 1319 54 362 589 195 67 1368 763 10 147 1281 50 232 1017
4614 786 631 631 684 266 378 88 481 1420 795
4615 131 786 1230 362 109 1349 1349 521 315 114 668
4616 476 778 848 641 909 979 623 81 574 909 1503 930
4617 198 1178 554 554 554 554 550 554 1020 43 523
4618 185 185 560 412 1432 634 140 1472 1432 140 140
4619 320 1356 128 476 1286 768 1461 1092 142 343
4620 1269 146 863 822 122 297 146 231 319 969 235
4621 283 415 80 366 386 57 382 1122 1016 258 149 953 589 41 1343 382 258
4622 85 142 968 639 182 560 399 786 1299 657 758
4623 632 297 14 209 536 505 826 18 783 453 1173 1002 1240 129 496 706 723 891 461 1390 1001 1483
4624 852 81 50 517 415 53 894 61 313 443 333 41 255 106 481 679 920
4625 331 794 1135 335 276 148 325 795 467 980 81 476 1036 1054 128
4626 101 447 447 133 177 1221 1045 880 880 258 981 424 1150 192
4627 72 399 183 399 539 823 487 171 502 1278 554 56 977 283 371 874 382 679 676 677 686 961 725
4628 182 74 73 648 179 203 8 866 10 485 21 1066 351 174 738 490
4629 804 451 1290 1360 925 1419 559 639 449 207 1041 140 505 311
4630 88 381 148 351 521 577 553 623 513 302
4631 172 381 474 529 666 244 987 26 244 972 474 1345 270 244
4632 625 135 528 163 196 219 541 186 829 10 800 185 225 419 684 1053
4633 963 194 1178 239 46 278 582 930 220 106 203 846 1006 1169 801
4634 1286 935 80 854 69 342 1301 232 142 1331
4635 403 231 759 235 490 230 926 142 776 1313 252
4636 566 781 460 226 676 676 244 133 199 1032
4637 794 92 909 560 430 969 931 623 138 172 231 274 979 909 81 930 1025 143 1271 92 342 230 100 187 909 129 129 119 561 92 639 502 226
4638 864 590 474 110 268 207 349 1092 490 320
4639 554 232 774 617 578 142 156 138 136 889 207 452 427 372 563
4640 88 1217 1095 917 684 10 231 864 1017 554 526 43
4641 791 1410 88 97 100 114 889 75 232 545 287
4642 1393 138 778 574 230 639 823 759 309 1146 67 996 1419 378
4643 248 1114 864 929 182 362 823 910 976 320 590 102 10 474 350 819
4644 658 1037 194 596 402 381 386 478 751 195 808 1157
4645 823 10 142 332 1286 343 944 590 232 53 917 405 335 263 110 389 262 114 397 208 1114 326 345 474 374 252 54 207 53 917 427
4646 278 46 1043 84 141 275 252 412 880 93 85 19 435 976 203 1001 1224 864
4647 407 69 1138 929 1131 794 808 207 303 481 818 66 274 442
4648 80 296 261 350 8 455 921 263 1078 265 783 1215 297 54 869
4649 474 50 930 1022 320 262 264 768 202 129 351 84 1177 115 54 54 1104 52 504 199 1104 192
4650 6 767 175 113 577 818 10 454 415 94 81 354 1240 287 44 258 189
4651 269 300 504 172 50 172 482 630 311 412 50 831 25 49
4652 34 82 490 1286 231 255 207 850 167 110 232
4653 280 867 165 278 577 275 1019 30 724 459 10
4654 88 103 782 523 564 554 414 414 414 452
4655 487 268 85 894 115 772 21 109 680 1345 42
4656 391 437 543 761 665 400 376 82 684 568 699 162
4657 801 349 318 216 1374 181 76 684 143 590 155 401
4658 260 443 535 1015 76 216 1343 1138 74 656 855 199
4659 1362 194 415 573 1169 143 814 725 718 699
4660 98 277 774 656 284 1018 849 778 1132 912
4661 474 70 89 326 455 255 143 321 53 917 81 297 401 193 371 69 423 382
4662 49 1016 1032 246 265 485 17 133 1157 1266 1345
4663 491 493 494 828 230 491 1340 266 624 266 742 354 1479 474 284 1100 1424 729 1146 135 683 930 622 607 858 663 612
4664 1039 430 996 490 778 794 909 778 143 1176 156 231 795 439
4665 146 76 971 1200 476 174 70 471 1297 675
4666 250 1215 79 1232 414 152 962 1015 318 72 5 782 1041 564 1005 22 963 580 554 1333
4667 1040 894 89 1432 1240 879 5 802 203 963
4668 427 763 378 663 920 270 430 774 807 273 873 1165 363 187 362
4669 143 1440 461 616 650 852 461 217 704 69 203 730 626 1032
4670 706 1172 183 554 44 1225 890 88 391 232 1022 521 1176 136 434 397 162 163 567
4671 214 260 202 358 143 110 231 456 1106 947 88
4672 434 889 230 485 773 85 248 792 129 10
4673 452 474 57 197 54 351 1177 143 378 194 488
4674 10 823 99 248 804 202 173 100 56 782
4675 1268 684 143 818 1381 172 311 69 321 1035
4676 163 153 930 981 452 1068 1114 54 782 80 786
4677 107 1018 623 915 543 844 331 107 230 915
4678 27 86 590 362 864 335 790 58 863 143 193 98 233 233 539 778 854 232
4679 287 1119 174 1105 76 97 708 371 1182 1070 1335
4680 10 72 475 542 510 374 384 474 818 232
4681 182 847 14 171 222 746 1299 823 712 1346
4682 443 346 392 250 927 349 353 751 1347 1014 1160 1301 964 508
4683 54 118 133 366 194 499 196 127 789 186 195 158 115 674
4684 474 406 431 131 515 977 515 1015 366 115 474 997 199 246 185 272 553 697
4685 1014 152 80 1014 482 19 482 1190 1190 351 1013 225
4686 794 142 276 980 1241 76 271 774 1313 430
4687 81 10 53 372 88 439 601 156 521 808
4688 867 864 1035 964 49 1035 976 792 378 88 33 889 757
4689 916 188 245 697 554 177 751 572 475 18 220 526 156
4690 79 412 351 232 1335 600 244 143 85 232 8 490
4691 847 864 230 656 818 232 1376 25 342 778 407 192 1176 110 818 699
4692 452 884 21 362 231 53 103 684 233 245
4693 515 192 346 246 131 1343 831 410 88 656 414
4694 110 109 19 808 561 30 1131 566 425 1101 262 50 697 203 129
4695 170 422 268 4 1316 281 363 639 268 386 1242
4696 849 1176 1165 231 639 539 1373 1450 847 923 684
4697 524 421 423 63 1031 97 321 1343 819 414 302 1169 174 70
4698 864 976 909 207 297 142 263 623 804 430
4699 983 115 980 280 6 211 126 482 1101 486 481 66 354 496 295
4700 794 1392 847 66 248 925 362 523 114 818
4701 427 930 362 1223 794 230 909 979 1013 778 73
4702 804 909 276 523 684 864 297 759 142 768 311 684 437 430 641
4703 847 362 207 142 476 1393 778 549 106 794
4704 78 114 34 232 641 621 250 751 371 358
4705 143 326 267 114 263 404 1118 867 310 1272 1206
4706 196 932 948 302 787 867 199 1032 880 595
4707 150 163 135 439 351 797 325 407 441 263 207
4708 383 822 110 519 383 804 809 828 383 146 142 797 383 1240 408 455 797 821 828 116 185 383 1111 857 822 439 146 909 828 455 828 146 1482 408 826 1001 828 828
4709 302 1015 521 310 194 115 968 7 621 946 153 206 366 360 246 425 1001 46 958 1045 464 683
4710 420 808 19 499 399 586 778 976 143 794 232 230 93 782
4711 821 90 506 254 554 673 557 773 621 36
4712 1185 320 207 909 1130 210 82 669 439 942 476 98 1286 342 142 88 794
4713 523 930 138 103 478 1039 1431 499 554 225
4714 268 149 966 59 326 10 404 248 1104 57
4715 70 553 22 358 686 634 710 568 38 1303 691 363 903 1229 85 196 1171 686
4716 546 588 507 39 81 491 715 18 882 1195 991 488 195
4717 246 371 779 358 315 302 1218 1343 232 823 50 783
4718 143 81 860 252 1034 930 79 1268 1034 143 860 1310 1084 8 231 917 297 85 1036 260 1075
4719 311 1068 864 818 792 283 1105 86 776 148
4720 65 590 1178 849 196 510 572 110 335 209
4721 362 1131 362 1403 182 930 99 181 174 1231 248 232 1225
4722 889 521 493 415 179 74 864 189 782 995 88
4723 864 804 231 794 778 910 142 207 930 782 156 146 122 450 917 232
4724 1017 232 560 138 768 801 75 641 873 786
4725 302 116 116 153 351 88 342 116 295 846 202
4726 1131 852 1038 377 142 372 1407 818 1245 656 1111
4727 828 430 801 84 1105 10 909 0 80 20
4728 590 471 889 251 414 97 311 504 504 378
4729 361 925 778 1396 439 917 248 808 55 179
4730 352 127 265 1086 50 297 182 358 70 230
4731 930 81 768 1038 135 284 1013 156 182 255 430 427 969 142 1360 641 92 916 656 476
4732 483 220 899 594 880 583 591 674 626 961 961
4733 794 232 1075 543 633 88 864 782 854 10 100
4734 847 1146 794 795 814 207 795 663 254 523 395 1286
4735 500 778 602 1153 276 23 46 831 254 143 1119 777 196 1129 717 1064 121
4736 439 491 828 430 980 297 574 546 976 189 847 270 244 146 388 818 502
4737 75 99 521 98 232 679 823 539 244 150 684
4738 794 174 88 847 476 393 345 434 80 273
4739 412 122 407 106 157 1223 230 1038 543 802 1287 966 155
4740 393 986 492 1046 26 1340 185 886 183 245 143 2 1105 165 689 719
4741 873 864 1001 248 66 362 759 1374 1001 1036 778 128 1092 1277
4742 194 97 1156 50 475 239 138 491 1480 81 100 919
4743 474 274 404 489 378 296 153 196 1432 196 354 822 1444 1273 930
4744 1082 378 362 911 916 107 343 544 466 1392 362 142 325 1286
4745 229 10 158 248 138 909 823 231 88 110 560 174 106 226 1105 88 99 80 88 75
4746 282 5 295 114 751 15 265 776 39 1005
4747 10 174 113 302 57 39 818 129 407 199
4748 233 847 113 807 844 266 124 474 849 163
4749 1013 550 414 1156 1104 1217 381 276 371 656 539 995 1113
4750 1078 105 349 261 210 99 115 121 83 170
4751 945 1017 794 685 65 751 162 97 362 114 261
4752 774 452 794 623 255 187 795 143 430 255
4753 1106 155 379 408 376 449 389 359 76 269
4754 75 105 829 1171 799 101 917 110 126 143 724 242 250 991
4755 634 854 22 577 734 70 104 379 389 242
4756 554 1340 1216 490 1337 149 699 868 319 1105 930
4757 864 336 371 783 433 364 389 1175 53 250 110 194 283 56 977 482 381 1079 1344 1239 90 20 582 468 468
4758 147 213 1427 177 572 880 1035 331 814 542 93 1185 773 566 254 616 976 814
4759 514 172 930 128 913 143 101 925 612 98 759 427 819 999 162
4760 1122 143 953 179 287 33 304 572 677 880 1113
4761 685 1316 10 260 452 114 143 1118 54 115 1169 202
4762 207 361 81 549 925 1298 849 408 1171 917
4763 214 193 852 88 504 685 6 339 70 572 188 883 69 448 339 193 476
4764 231 81 362 207 764 544 864 248 684 768 395
4765 85 1095 539 823 801 106 136 181 656 776 963 88 847 1179
4766 862 1396 1223 794 671 801 395 142 1241 476
4767 121 490 80 103 194 734 88 232 182 782 173 269 1017 818 117 199 487 39 242 554 189 734 904 244 1323
4768 342 656 181 56 137 591 880 29 363 378 161 1307 398 75 1238
4769 818 864 75 818 88 801 471 131 378 596
4770 50 1171 930 156 97 98 232 328 849 10 354 1393
4771 656 956 766 133 89 208 197 54 524 1485 549 88 122 207 599 589 158 148 263 536 1212 492 434 829
4772 1342 274 382 1114 50 382 443 217 217 19
4773 1021 460 185 179 73 748 73 591 674 1117
4774 1040 391 192 107 991 137 697 697 1387 554 686
4775 801 412 50 80 110 1328 1311 437 138 560 712 122 217
4776 358 521 310 166 41 487 831 878 748 30
4777 641 430 276 938 162 255 641 917 1301 684 938 909 135
4778 233 230 142 844 82 488 210 947 794 412 181 248 910 490
4779 336 97 202 336 844 118 917 266 371 146 427 505
4780 309 320 1013 110 930 355 527 270 818 979 348
4781 926 1104 1241 362 1407 794 142 404 61 207
4782 82 155 864 909 1430 549 638 407 184 1355 1090 873
4783 8 336 132 133 282 100 300 10 185 801 44 709 351 241
4784 75 804 101 81 776 1039 917 684 80 873
4785 330 113 916 923 917 1182 44 43 898 1437
4786 424 421 1054 194 620 789 382 575 1060 209 18
4787 291 414 354 1214 280 103 372 1223 128 81 181
4788 549 849 393 439 172 231 1262 348 494 848 450 207 286 262 360 425 129 624 496 278 407 57 425
4789 65 630 680 932 1060 1343 1058 261 834 734 1057
4790 794 232 1340 804 10 641 910 864 554 155 88 419 207 1105 155 362 334 617 53 30 342 727 617
4791 1190 22 782 74 1017 1105 1113 106 80 75 904
4792 794 231 531 143 85 362 801 490 79 684 910 764 232 979 427 1038 804
4793 104 456 342 235 194 430 4 1392 1135 350 133 378 460
4794 0 415 98 566 930 74 61 74 346 336 414 186 485 543 864 60 27 220 791 342 1307
4795 110 376 986 185 476 129 792 185 718 904
4796 378 1313 436 947 52 422 304 115 354 52 58
4797 1311 847 818 612 801 188 581 768 572 560
4798 121 74 244 223 546 550 1119 1047 185 254 1020 294 45 1049 115 557 600 174 896
4799 74 523 81 230 74 873 81 155 847 338 847 899 794 74 1126
4800 684 701 684 1036 773 1384 97 1454 656 684
4801 782 101 1131 269 391 967 248 127 550 864 196 186 143 865 54 968 259
4802 1039 7 572 572 1078 567 1340 1240 1240 56 595 907 720
4803 155 131 819 170 269 76 171 476 106 149 315 21 554 1266 127 232 666
4804 1290 1036 192 478 478 165 827 886 1173 689
4805 1355 917 98 823 8 1462 80 566 232 414 336 84 177 187
4806 813 233 202 646 778 263 801 979 768 472 930 113 81 291 328
4807 274 354 1344 932 635 106 808 781 466 782
4808 128 697 216 199 185 831 70 20 846 126
4809 250 371 844 515 269 413 315 269 363 232 141 464 1018 250 111 466 1168 243 759
4810 142 476 1182 0 231 801 403 233 156 361 925
4811 1105 1066 873 854 500 554 568 1105 232 1066
4812 794 430 588 233 388 106 104 231 925 335 88
4813 546 1146 403 156 1290 1225 539 97 233 138
4814 359 323 623 864 556 10 358 601 301 202 278 180 1351 1210 618 731
4815 381 194 320 44 423 53 69 196 432 216 550 196
4816 931 315 232 350 504 504 132 513 582 382
4817 746 248 1440 1404 106 258 628 1449 129 644 990 340 85 223 725 244 593
4818 10 4 248 143 281 76 639 85 79 291
4819 310 1014 213 414 199 382 258 896 1435 115 1156 49
4820 807 697 799 1240 135 44 391 491 843 162 767 572 527 824 18
4821 505 997 813 635 437 438 505 813 790 437 95 1082
4822 779 250 794 88 4 647 281 653 248 21 827 1415 672 1054 54 10 690 720 352 1057 577 1238 0 626 9 1155 5 60
4823 684 10 382 243 354 73 502 443 1050 699 848
4824 1116 447 153 107 94 143 215 84 85 141 412 807 572 423 423 39
4825 980 1025 768 141 318 106 1171 320 162 450 143 52 343 917 1222 1075 615 400 4 625 208
4826 1321 167 430 248 44 818 34 810 138 590 349 181 1017 909
4827 488 590 153 1396 430 430 560 335 1082 255
4828 801 1286 142 930 27 623 427 42 207 372 656 399 782
4829 795 980 1105 818 614 1230 864 549 226 201 1095
4830 443 336 50 203 79 262 131 460 202 232 425 10 1054 4 631 688 1034 1151
4831 979 65 653 1045 410 655 241 115 979 600 104 779 199 880 1060 575 21 179 382 831 38 626 691 533 655 702 1014 838 1181 188 752 702
4832 930 128 85 150 143 231 128 400 202 50 370 380 143 150 998 917 297 784 98 143 998
4833 932 50 1232 1343 414 1028 423 153 133 19 72
4834 287 10 844 847 135 813 873 408 541 270
4835 504 90 644 1464 67 587 310 948 1243 1164 1295
4836 93 147 1323 30 358 129 566 143 194 1177 268 141 524 421 77 1273 770 596
4837 471 1393 827 848 270 595 1212 1220 855 1100 42 523 348 1486
4838 930 230 345 1377 10 10 404 849 909 523 430 940 92 98
4839 241 239 262 295 50 389 33 69 575 241 250 106 455 678 104 193 26 4 504 415 336 757 131 97 107 63 54 351 1228 477 406 521 330 121 1232 483 607 833 362 691
4840 153 1478 4 466 278 282 464 6 371 553
4841 113 523 114 230 207 128 926 849 331 1132
4842 543 80 61 129 300 115 1015 54 420 272 10 410 81 1085 381 192 867
4843 252 54 217 372 110 401 321 194 54 452
4844 259 332 1319 194 346 617 147 155 332 343
4845 539 232 923 864 623 98 1468 889 1022 1246 656 382 854 297
4846 265 192 72 265 477 198 415 657 779 259 539
4847 759 334 947 248 778 794 804 864 456 326 560 230
4848 656 794 325 793 284 55 331 1355 430 142
4849 106 794 233 362 182 248 156 273 782 181 684 521 80
4850 697 106 42 653 162 179 43 648 194 869
4851 128 207 1246 824 768 596 297 335 1179 937 559 758 911 1223 189 1017 438 1217 419 172 388 889 493 854 1290 544 612 688 88
4852 1278 39 406 346 554 99 394 174 21 250 1017 564 930 622
4853 758 233 362 88 864 794 1090 207 1082 497 980 873 1360 156 1249 925
4854 932 182 326 137 827 181 129 617 879 225 1020 1001 879 648 879 730 838 901 974 391 228 631
4855 651 1031 660 280 749 149 1151 195 412 40 579 76
4856 429 153 57 315 948 186 142 684 550 1111
4857 10 165 88 600 634 196 260 653 419 1306
4858 142 330 554 539 135 1195 82 97 1223 430
4859 1223 778 792 230 1182 684 911 801 232 873 996 847
4860 750 1340 676 977 684 88 864 1340 666 248 10 143 177 26
4861 864 430 187 849 399 539 128 910 27 34 81
4862 86 656 1396 940 97 291 320 10 207 1036 277 279 143 110 172 263 131 50 590 1185 156 383 138
4863 471 152 921 639 855 698 458 855 1153 181 1233 867 594
4864 864 142 395 1082 1230 1321 544 207 248 231
4865 239 69 143 208 450 1230 136 326 389 291
4866 362 864 430 439 778 631 794 430 174 875
4867 639 864 1176 476 818 794 996 930 847 641 182
4868 382 550 865 66 106 381 67 269 244 75 432 962 1195 823 99 311 63 572 174 217 878 872 103 734 831 131 930 1105 734 181 166 74 648 163 67 1377 1033 21 266 33 399 1185 720 727
4869 52 262 232 177 132 69 295 1114 435 143 777 1069 179 624 77 129 42 46
4870 421 1414 26 880 792 1014 281 44 513 99 280
4871 10 232 142 684 786 786 476 388 782 521 476 232 684
4872 10 150 456 230 1171 430 917 502 767 248 1279 174
4873 260 456 65 21 232 410 443 672 818 1005 443
4874 574 135 778 995 1355 148 1465 767 864 10 767 943 767 1510
4875 128 863 439 804 759 1298 857 348 849 467 187 1246 207 792 1393 1107 233
4876 10 921 44 1102 864 794 44 96 131 419
4877 348 395 794 549 55 233 380 920 434 207
4878 794 1082 656 320 1083 235 308 97 641 449
4879 485 114 57 309 280 272 177 208 391 245 862 805 488
4880 114 116 153 468 142 962 202 1419 273 596 659 179 351 262
4881 1342 818 162 1342 818 378 347 258 378 818 818 818 818 1342
4882 361 809 374 581 674 684 792 801 554 1176 1022 1287 1340 976 794 559 88 778 549
4883 434 230 813 889 225 431 174 207 156 1340 335
4884 107 415 583 229 315 58 106 208 977 763 1117 32 223 110 39 626 21 1034 836 1169 1045 1229
4885 477 363 391 174 148 475 349 932 1014 394 156 1279
4886 550 63 641 596 476 641 795 133 408 74 248 1017 255 1225 560 778 684 1113
4887 825 498 768 362 383 156 938 233 430 804 1473
4888 7 232 182 235 452 1384 49 864 539 21 97 1156 117 818 976 474 757 1176
4889 335 355 433 427 276 434 98 437 889 52
4890 231 309 979 81 776 786 97 802 88 476
4891 921 875 129 363 206 636 689 18 5 827 185 23 697 254
4892 1038 967 150 81 1212 122 297 232 320 255
4893 818 75 271 156 433 174 182 80 544 476 641 434 691 65 1057 181 1114 1375 1114 974
4894 794 129 609 328 981 622 1049 216 1296 600 1268 690 554
4895 827 104 72 682 188 697 21 67 513 568
4896 248 348 794 554 930 801 335 889 916 434
4897 82 1130 912 864 97 467 165 0 1081 146 124 353 577 94 77 259 280 250 170
4898 1409 794 1105 372 0 554 684 146 88 248 786 818 639 19
4899 362 804 490 297 1241 142 1090 794 909 778 864 230 1371 404 207 684 10 53
4900 868 143 496 278 566 46 387 94 110 186 4 19 879
4901 748 195 701 949 84 452 616 195 177 254 704 1221 195 1334 1381 81 684 78 162 1084 1509 143 1168 256 1071 730 1149 708 778 554 196
4902 651 43 88 872 631 362 27 590 490 641 1068
4903 847 362 162 976 572 554 1182 98 1182 665 792 684 818 1263 863
4904 70 550 57 59 135 129 362 194 414 468 143 596 116 53 262 794
4905 554 16 1254 730 1387 185 968 968 18 738 1375
4906 1212 1176 148 335 263 467 142 230 665 393 98
4907 174 539 73 490 183 622 575 1225 1194 1005 468 834 280
4908 77 277 77 138 350 261 168 1093 129 648
4909 21 539 916 143 362 490 582 88 910 916
4910 138 88 233 818 699 230 792 311 522 1321 665
4911 430 476 543 65 290 386 129 232 1231 10 1047 110
4912 821 476 297 497 231 335 1255 1224 549 1305 801 818 361 925 1038 1039 490 555
4913 825 441 294 1361 476 778 544 81 434 263 804 669 142
4914 653 626 968 1508 424 382 873 171 674 864 566 962 917 33 1181 218 4 163 1011 1467 637
4915 763 658 1054 196 775 452 1397 699 490 1369
4916 1324 354 555 1020 554 490 406 833 717 80
4917 539 818 1111 594 581 874 483 575 104 1216
4918 1171 639 1230 889 230 849 172 467 477 1340
4919 5 804 778 372 786 761 794 86 596 980 430 388 230 491 372 804
4920 981 1177 932 363 979 1034 378 131 148 299 320 977 577
4921 1100 1165 792 276 990 230 729 233 794 138
4922 873 523 354 1419 430 731 1187 819 165 909
4923 521 248 651 720 507 1181 1114 595 487 910 507
4924 115 129 54 150 415 133 196 194 698 133
4925 362 452 349 286 89 79 549 23 129 1131 370
4926 786 185 684 812 162 802 232 488 868 162
4927 142 232 864 521 439 329 110 808 378 206 362 526 1141 128 851
4928 268 389 401 965 439 295 361 208 269 194
4929 181 320 194 596 248 80 963 43 631 526 583 1231
4930 179 539 174 225 99 917 65 118 1316 709 1316 657 229 697 181 203
4931 276 248 86 99 103 181 490 909 684 1075 81
4932 69 1003 466 568 575 73 476 629 138 844 865 1193 948 323 318 184 581
4933 283 14 432 452 966 76 1006 1005 23 464 195
4934 1217 378 996 1018 1165 549 656 930 819 213 786
4935 663 574 809 980 172 809 437 759 452 1138 618
4936 687 105 23 807 167 414 366 186 187 485
4937 451 194 418 207 481 239 97 864 167 449 98 1280 88 434 414 311 138
4938 496 30 132 84 434 190 8 70 67 90 1060
4939 873 1371 774 804 776 248 131 98 99 930 232 1287 868 427 88 142
4940 142 230 380 1131 995 325 207 1286 450 617 342 138 146 541 1025 1082 156 578 207 821 1286 758 182 980 1217
4941 282 977 152 829 844 79 413 158 194 147 962 179 45 242 168 412 648 166 653 1014
4942 1116 106 1442 107 876 195 412 67 639 19 174 7
4943 88 751 300 609 1066 232 751 182 74 174
4944 1132 864 231 430 182 523 308 255 930 156 786 399 233 189 755 590
4945 823 193 10 27 909 786 81 930 523 156 55 233 804
4946 269 310 799 287 983 186 196 787 946 155 443 998 1266 432
4947 131 596 106 230 230 34 88 58 127 141 248 452 143 1075 554 232 21 636
4948 54 128 929 523 774 6 868 8 381 1020 382
4949 351 246 789 41 1104 366 936 300 789 382 118 363 382 410 1079 269 410 58 131 116 121
4950 248 684 248 786 248 79 786 81 1469 1305 129 88 1289 910 495 1001 909 909 1469 10 1084 143 430 708 708 708 430
4951 427 549 825 334 10 1311 370 277 821 81 844 1131 976 1407 819 549 909 427 1407 778 1171 81 393
4952 1114 456 229 371 130 214 283 153 864 781 143 81 358 684 415 279 268 7 401
4953 433 212 531 560 86 248 917 804 335 263 438 75 99 106
4954 230 684 362 823 81 1277 1419 1460 383 345 783
4955 647 634 232 410 535 244 481 179 734 366
4956 639 1404 110 142 937 917 405 560 430 1090 684 778 371 309
4957 904 1221 630 904 315 6 702 702 1221 812 712 239 904 837 730 193
4958 1177 54 115 6 577 282 1014 194 110 320 193 1015
4959 485 476 748 801 216 107 474 244 420 1231 1066
4960 866 52 94 566 88 248 80 270 110 561 4 684 354 248
4961 336 412 186 763 304 103 76 80 166 131 196 1068 204 166 697 206 621 674 894 981 38 582 153 754
4962 265 50 660 208 575 412 99 734 1129 287 1375 812 304 337 754 46
4963 430 1245 248 850 388 792 146 539 1271 1468
4964 197 363 99 57 381 410 192 550 304 224
4965 929 106 248 823 909 81 510 452 657 1340
4966 268 1028 252 54 1034 274 927 354 474 687 215 141 401 133 110 1319 194 566 70
4967 657 487 778 864 657 794 684 1191 712 684 1231 1042 751 18 858 65 399
4968 63 688 33 662 572 26 255 738 554 812 833 1295 206 1263
4969 362 864 781 635 855 966 333 127 517 854
4970 889 266 633 867 255 392 683 84 554 202 40 738
4971 560 1171 248 106 99 560 232 92 43 609 232 539
4972 233 88 81 328 476 184 623 549 847 143
4973 452 83 425 134 19 147 641 866 10 1401 309 542 215 203 1418 1015 748
4974 648 354 786 724 1300 302 831 808 251 866 459 254 616 1376
4975 217 142 1370 1138 156 1363 307 172 916 801 794
4976 156 276 335 231 1132 110 277 549 884 130 930 207 278 309
4977 140 203 203 452 115 115 424 717 554 70 253
4978 802 412 351 166 147 0 1110 391 162 213
4979 248 232 864 362 156 231 80 847 804 456 980
4980 617 980 792 539 1419 239 141 623 81 794 639 230 233 976 476
4981 378 23 295 948 1299 280 852 1005 23 852 23 641
4982 147 107 1037 684 30 980 1243 447 1120 352 1358 687 1268 749 253 1001
4983 277 231 158 641 130 786 794 75 130 725
4984 641 1321 563 486 818 798 523 786 1146 230 919
4985 82 97 397 1286 864 491 1223 532 206 325 639
4986 397 705 809 255 684 97 239 778 80 233
4987 374 1298 328 142 81 201 1001 291 379 376 389 405 493 805 889 348 507 374
4988 1039 623 388 472 361 976 131 262 287 354
4989 226 185 185 52 512 889 179 841 49 49
4990 401 376 876 190 878 0 199 131 1014 598 44 43 500 1049 613 1332 1117 147
4991 181 399 1095 230 307 1298 916 793 864 1286 430
4992 146 797 230 81 82 821 976 427 1055 254 751 310 916
4993 57 444 265 474 786 5 135 369 258 1343 107 246 568 0
4994 441 437 273 491 539 106 176 786 479 1113 758 864 639
4995 521 880 327 88 248 452 265 637 272 412 179 968 269 311 1047
4996 633 15 667 702 658 746 976 1203 752 133 618 1203 1510 657 801
4997 650 21 84 609 751 165 1231 1307 629 482 241 185 626 875 185 904 674 1328 33 174 1415 1017 961 833
4998 663 794 859 761 804 773 230 864 142 1036
4999 794 523 248 182 794 476 171 232 82 362 847 233 142 156 99
5000 347 304 1135 372 158 944 334 1068 1214 347 186 347 626 1238
5001 1303 910 1227 1057 727 691 1057 545 839 10 1158 378 1097 1476 894 1012 1201 106 1155 338 199 483 568 126 821 1223 1049 1203 1063 228 1171 737 1017
5002 382 981 469 414 182 560 244 203 117 490 552 229 864 38 572 137 412 568 179 177 609 110
5003 302 116 311 429 302 1078 69 1407 1131 223
5004 113 813 239 187 419 434 1171 916 1478 403
5005 99 103 156 126 80 864 248 104 273 731 356 408
5006 313 115 864 550 698 54 10 85 1004 1163
5007 1240 23 94 777 1047 1312 1240 478 777 827 928 224 482 185 719 185
5008 804 1022 182 477 232 794 476 889 361 10 679 361
5009 79 904 366 80 18 572 41 160 74 103 232 88 1066 1333 174
5010 572 106 85 1105 232 26 680 33 382 1440
5011 1039 52 691 1307 258 1328 1508 5 1227 577 254
5012 630 458 554 244 1268 814 613 613 1015 503 747 1349 1500
5013 65 779 791 106 193 295 407 114 389 596 262 232 74 581 149 10 838 791 791 232 65 779 575 106 575 21 248 272
5014 1392 80 1322 196 148 801 1015 266 268 1014 412 593 189 1017
5015 232 232 230 930 138 88 1255 889 434 82
5016 965 1286 1482 142 343 1286 1036 1095 794 1419
5017 1190 185 242 1278 1414 1014 1181 794 827 1059 185
5018 443 1157 735 781 626 946 750 170 840 1016 196 1244
5019 0 97 113 930 362 910 778 912 656 818 794
5020 39 702 207 1155 351 1328 818 566 1028 1258 118 660 349 65 185 143 366
5021 489 183 1068 213 331 174 802 391 867 613 1169 177 10
5022 97 427 824 612 1431 277 49 132 20 476 653
5023 757 69 70 1230 230 129 1066 21 399 262 430 1340
5024 106 232 80 97 523 854 471 106 1395 439
5025 523 280 725 1174 424 1206 1334 1443 718 1060 917 519 1474
5026 778 809 400 80 143 1502 101 196 129 917 759 433 110
5027 362 82 152 795 1241 27 679 362 182 182
5028 84 216 609 63 866 206 725 8 831 253 486 33 725 600 1008 488 1171 729 712 456 927
5029 1062 792 5 1364 963 890 1327 1066 1448 887 736 832 1179 0 1178
5030 430 832 889 792 883 572 399 919 636 736 255 335
5031 268 709 196 886 657 1056 634 129 626 203 179 1400 661
5032 202 931 286 389 794 170 208 50 260 336 330 194 97 326 1135 92 342 232
5033 927 794 194 109 362 818 254 425 430 254
5034 1292 207 804 451 55 633 301 10 1042 556 588 272 208 129 510
5035 189 434 438 156 113 976 614 539 297 554
5036 395 4 231 684 349 229 129 79 202 208
5037 474 65 57 382 1193 718 683 65 468 232 683 382 757 1463 172 241 840 63
5038 148 1479 82 1335 232 335 434 1171 85 55 215
5039 75 917 231 786 819 910 864 794 804 248
5040 864 1039 136 371 273 43 854 53 304 493 688 103 156
5041 1045 170 620 211 535 485 635 620 779 366
5042 850 1018 361 925 751 407 297 1469 1277 1482
5043 53 65 333 466 371 192 338 482 192 189
5044 231 235 430 82 916 590 656 255 539 794
5045 487 131 99 80 86 786 596 899 909 10 34 554 691 702
5046 794 1479 761 430 663 778 1176 1340 1488 755
5047 557 577 33 118 1400 253 165 891 734 734 1387 1329 734 173 596 232 232 945 485 41 577 1329 802 1266 165 894 1366 685 894 118 789 333 246 1513 741
5048 686 194 699 909 26 831 1258 948 1258 757 834 1151 898 643 284 1317 834 1227 1444 115 1394 1423 378 188 572 1122 1015 649 1243 455 504 688 783 834 475 363 242 389 662 630
5049 794 348 1396 1165 764 1286 307 230 207 335 255 493 231
5050 412 719 215 282 626 172 74 919 84 1457
5051 930 1078 262 406 173 153 280 54 282 817 1068 147 105 302 61 4
5052 925 792 430 156 539 568 917 684 401 143 231 235 232
5053 818 539 88 832 232 248 230 10 254 554
5054 580 208 1343 665 1400 934 1141 517 932 1266 1010 974
5055 1107 980 1171 797 786 925 794 1478 372 795 450 207 1223 297
5056 792 233 783 1082 778 476 956 81 430 136 801 665 362
5057 248 818 232 270 1036 811 1261 230 88 406 946 88
5058 30 812 107 412 657 206 50 194 33 966 474 757 1263 932 866 686 898
5059 79 106 89 88 81 801 231 864 491 452 910
5060 485 1165 231 847 142 10 522 778 156 207
5061 33 282 412 674 691 580 622 802 545 1231 173 554 727 239
5062 697 72 452 25 24 126 129 126 26 181 1193 371 174 241 644 595 244 452 1006 148 1134 1151 196 1493 702 1391 241
5063 476 182 889 623 63 110 276 100 930 307
5064 1086 382 173 781 189 86 946 179 138 1169 272
5065 54 1078 930 106 5 5 831 23 487 487 487
5066 128 231 1082 231 128 804 1210 262 239 742 81 684 761 1146 864
5067 142 207 232 889 554 705 684 622 1200 110
5068 779 414 304 166 791 779 50 166 174 182 412 72 779
5069 202 231 864 142 230 794 490 138 86 158 75 182 786
5070 1291 567 81 896 1039 1066 1374 1198 82 141 729 778 1364
5071 174 808 388 86 1233 86 86 557 812 342
5072 915 566 674 689 895 226 895 226 226 1128 648 69 620 1001 182
5073 537 519 55 475 613 69 5 581 30 142 156
5074 1419 925 113 1430 548 828 1424 1290 266 230 14 559
5075 30 864 1225 1146 434 434 1225 434 909 256 230
5076 320 778 930 309 248 1285 1138 81 376 209 110 1082 297 142 802 917 968 768 98 684
5077 673 704 232 626 702 202 864 133 818 1011 701 1011 628 26 1063 107 508 748
5078 504 622 218 54 33 609 174 1060 852 557 70 545 269 907 258 557 412 577 259 577
5079 165 1501 688 88 73 709 1434 747 898 754 734 691
5080 687 82 233 98 794 532 663 572 891 437 207
5081 412 667 258 246 1375 282 778 85 1141 179 776 859 746 770 686
5082 141 447 85 141 141 141 353 1085 141 141 141 141
5083 287 726 262 380 1286 665 581 374 1298 1182
5084 1292 663 794 778 88 248 362 82 230 297
5085 1055 560 862 1146 971 1128 43 470 470 1264
5086 639 50 256 1145 748 412 818 699 1203 752
5087 50 712 10 401 206 889 1134 835 600 818 335
5088 504 1357 1220 702 1129 279 807 266 129 704 1339 1151 915 702 1151
5089 1423 794 65 698 76 966 106 698 63 1335 430
5090 403 284 768 774 142 128 794 430 822 794 156 1039 383 797 818 604 284 774 794 142 1146 430 1430 1039
5091 430 708 684 233 26 1417 818 255 1217 231 860 82
5092 34 1370 430 150 362 273 930 456 1165 541
5093 476 439 909 523 929 233 1036 694 774 408
5094 138 122 1355 210 373 1473 361 1138 847 1176
5095 633 794 235 864 761 362 1370 129 1467 391
5096 1018 862 909 110 469 979 187 1376 937 476
5097 143 85 141 512 666 467 1327 185 1043 823 80 949 248 577
5098 503 699 155 889 1082 268 428 742 549 374 412
5099 455 506 147 44 783 1201 147 626 170 718 350 1166 349
5100 69 467 155 477 1104 872 25 382 481 10 230
5101 1170 880 623 185 513 653 1335 751 666 674 812 107 1297
5102 476 1393 1223 233 490 568 350 1245 1290 1298 372 688 521 156 97 106 1096
5103 916 230 684 266 1279 715 270 98 539 812
5104 864 0 477 1179 441 549 113 466 930 54 1344 10 818 794 1177
5105 52 692 692 692 692 777 692 692 1011 362
5106 656 1178 847 1096 1241 804 909 430 996 873
5107 85 154 560 14 1253 439 1258 772 903 362
5108 1084 255 476 106 663 818 1340 1105 1066 684 687
5109 419 812 244 42 260 902 1168 26 1347 272 260 21 1129 160 595 495 228
5110 10 232 99 88 917 427 912 794 207 490
5111 818 1010 623 476 142 980 643 88 138 65 554 475 778
5112 459 561 1238 84 1206 1395 1307 927 988 889 323
5113 633 81 230 142 1286 641 917 430 914 864 362 1230 1223 755
5114 133 5 23 1100 5 33 1472 52 54 1008 352 692 1129 1259 1141 1513 57 1370 8 1159 1067 887 517
5115 1301 232 393 539 231 10 208 301 623 207 98 156 136 65
5116 873 7 7 7 1108 110 325 434 818 1035 235 397 1349
5117 230 656 1301 233 231 1105 189 641 847 182 106 10 550 675 688
5118 1263 223 833 710 254 786 103 1154 1291 1260 248 519 674 628
5119 623 491 1223 207 452 1165 795 340 142 81 233 976 232
5120 121 131 89 1042 867 487 4 799 763 165 121 1014 8 33
5121 910 980 1082 1512 233 623 82 1298 913 768
5122 634 30 930 706 483 674 349 680 770 1066 833 1471
5123 785 812 879 1056 65 1058 33 1227 1164 351 730
5124 376 829 527 917 163 923 574 873 1076 1076 1126 536
5125 609 110 919 1034 812 439 33 129 730 697 657 242
5126 412 818 847 543 230 273 846 792 291 604 792
5127 539 854 1370 560 823 782 847 854 847 226 1371 138 641 521 456
5128 818 764 911 1373 1340 80 847 230 801 146 805 544 142
5129 266 135 794 1095 207 1132 1287 80 515 1130 116 172 21
5130 963 25 794 864 818 521 832 1145 1201 778
5131 232 88 230 231 490 1176 399 768 572 1146 533 355
5132 1020 1071 929 3 613 354 26 616 1370 1415 1071 413 216 723
5133 559 1230 794 230 764 1039 1506 403 756 914 182 82 88 231 233
5134 174 778 5 794 864 256 873 476 362 248
5135 1165 1165 142 1340 143 273 794 889 684 74 699
5136 441 81 917 233 361 80 925 794 232 174 419 100 801
5137 14 1141 129 129 143 129 50 353 177 1206 179 626 179 185 185 353 26 217 129 1064 712 350 1332 1076
5138 917 593 106 833 174 662 755 734 1338 730 674
5139 483 1109 117 666 261 258 832 1049 231 103
5140 821 589 467 100 156 849 335 774 476 207
5141 106 99 823 55 74 21 143 106 114 335
5142 804 809 556 639 684 85 49 1510 913 976
5143 588 308 786 864 207 1135 283 910 86 10
5144 1165 88 232 976 231 182 572 1107 88 794 129 88 863 7 248 258 708 452
5145 244 1177 258 88 1258 595 752 900 202 53 898 241 199 730 688 143 104 1229
5146 248 595 1145 864 99 26 883 687 770 1328 763 254 801 1028 852 1006 951 196 1258 30 345 1150 41 1154 747 253 199 74 702 1007 1164
5147 496 4 287 150 346 418 179 30 1238 192 215 526
5148 684 778 818 430 864 30 794 847 4 3 206 795 631 143 813 362
5149 332 142 505 910 794 325 980 1286 476 86 937 297 937 1082 523 549 494 774 370 543 1473 99 430 624 823 378 355 450 603
5150 663 30 818 794 142 1286 554 361 864 1370 230 889 755 88 362
5151 836 85 179 837 310 647 1262 406 1141 215 1141 1513 23 566 52 812
5152 990 467 684 1022 405 231 572 230 964 263
5153 147 137 217 781 315 1068 601 354 27 148 1377 1109 220 73 22 1239
5154 344 474 577 157 5 519 133 420 600 188 626
5155 554 181 21 349 720 1056 591 351 583 832 834
5156 405 179 129 216 96 275 326 389 49 401 917 143 50 684 110 133 889 653 17 467 275 684 387
5157 684 143 69 207 488 84 362 889 1176 864
5158 529 275 864 84 600 782 1201 459 831 623 242 643
5159 363 917 229 174 1035 244 807 1231 3 253 1379 1036
5160 335 794 864 804 81 1171 142 136 53 163 452 88 355 10 404 1268
5161 1228 97 622 188 807 595 44 568 148 226 21 691 97
5162 626 6 626 6 836 1094 1375 519 715 683 6 752 1126 1157 650
5163 82 98 1223 674 653 54 1015 133 751 1016 1374 1244 114 753
5164 590 156 207 55 734 508 232 832 88 1423 241 486 262 727 622
5165 1217 824 110 319 1131 128 1082 1479 342 1131 623 574 331 1419 768 1355 1146 297 1241 297 1022 210 207 540 778 804 633 864 1210
5166 879 42 831 801 21 80 840 328 399 905
5167 114 1206 179 467 84 1069 148 431 526 1005 154 199 141 193 852 623
5168 490 362 909 276 80 156 930 909 362 231
5169 89 232 467 126 684 231 795 407 207 98 258 976 297 864
5170 44 794 608 858 374 214 474 142 340 596 97
5171 633 226 476 864 81 818 1013 663 297 911 142 1286 847 778
5172 230 786 818 544 976 95 684 263 438 325 120
5173 930 235 1360 1220 915 675 1096 675 913 914 976 342 971 1360 1069 172 1342 850 1342 914 1434 892 1064 1460
5174 320 759 847 612 276 778 909 810 810 146 1370
5175 600 833 678 566 270 974 452 1017 1071 38 415 1229 641 899 253 920 382 1347 27 171 1006 182 549 206 744
5176 794 774 231 909 81 97 884 804 233 127 430 930 362 232 794
5177 813 1462 964 81 917 433 574 821 207 373 297 146 403
5178 210 361 544 380 494 207 340 624 1298 230 864 156 495 278 496 590 641
5179 1334 1119 917 554 430 1059 103 188 129 1060 57 206 595 244 1500
5180 483 529 173 173 772 141 973 129 74 232
5181 81 143 326 401 70 864 423 464 321 76 407 53 371 297 69
5182 230 560 255 325 266 505 207 539 943 761 574 231 335
5183 1130 262 451 103 97 142 377 129 262 85 1379 350
5184 1360 469 202 10 936 656 128 427 729 230
5185 143 1031 1158 812 194 121 39 244 905 900
5186 364 261 932 10 194 894 232 202 315 107 53
5187 6 1242 256 107 1016 23 699 27 50 1075 110 244 74
5188 1004 665 888 665 295 129 574 889 1260 1004 665 1508 1487 1238 1380 743 1263 452 837
5189 88 674 143 434 330 699 476 241 684 181 674
5190 273 864 174 1158 963 572 174 730 746 1201 730
5191 476 269 589 88 248 80 427 776 44 452 150
5192 794 88 142 82 174 171 232 818 98 674 1287 452 308
5193 697 1199 835 564 568 832 1203 1204 1428 1207
5194 331 250 415 148 148 1481 115 148 663 148 203 751 141 674 99 131 1463 699 43 420 476 875 560 248 1256 676 88 595 676 407 179 74
5195 267 1111 96 452 626 1190 591 115 568 84 620 1328 526 878 724 702 143 179 48 1303 1227 61 691 1151 1014 601 727 1258 691 218 1010 244 1229 1242 38 26 554 898
5196 415 930 792 0 97 178 763 189 976 174 554 1164 778 1229
5197 535 1122 21 574 609 131 106 1463 358 812
5198 1223 476 804 980 590 82 917 430 235 917 590
5199 656 584 430 1017 674 674 21 452 99 581
5200 786 786 786 588 795 476 207 778 786 276 847 182 430 679 523
5201 758 781 110 1437 821 162 566 156 761 174 362 248 1134 907 1012
5202 129 53 1075 572 909 818 1095 307 925 138 543
5203 299 231 443 428 909 708 778 751 107 833 833 833
5204 50 807 241 608 471 250 447 566 460 1010 1416 424 725
5205 156 1434 1416 818 1255 1066 790 1370 80 44
5206 794 930 136 88 1075 622 335 81 1117 273 539 371 904 32 248
5207 894 1340 486 142 432 951 5 110 268 1053 50 21
5208 1151 239 485 193 246 255 259 685 730 932 634 698 1303
5209 1014 785 693 684 487 73 170 244 927 697 1060
5210 232 143 76 1043 1109 626 49 1049 467 65
5211 282 186 61 304 11 535 789 894 107 115 42 730
5212 233 786 794 913 795 466 207 82 1022 297 362 231 189
5213 773 636 889 65 1022 688 701 1052 85 914 1444
5214 230 684 794 476 156 155 925 361 1185 578 966 773
5215 665 143 239 259 1243 508 1060 349 840 1258
5216 1039 854 1321 863 231 233 1165 476 794 207 1468 818 82
5217 715 82 297 913 726 911 490 126 1370 474 523 430 486 156 1212
5218 80 818 411 430 1187 156 182 122 0 930 207 909
5219 194 388 133 1028 133 90 580 1400 513 170 199 880
5220 263 794 98 467 188 97 452 802 196 88 53
5221 932 789 656 33 887 315 752 369 752 23 932 194
5222 128 818 860 297 397 335 823 232 683 794 778 549 539 684
5223 684 189 1176 399 909 860 964 232 976 207 913 794 55 623 801 106 930 1111
5224 834 308 1066 581 864 1017 1001 629 688 232
5225 54 447 864 101 687 230 927 864 256 833 1347 833 662 734 673 842 1316
5226 539 976 801 430 794 521 758 207 233 232 248 782
5227 1013 476 588 203 0 273 539 156 980 873
5228 802 121 105 338 536 802 464 431 1047 177
5229 372 156 156 549 88 207 216 142 233 113
5230 69 50 609 141 97 523 688 1225 751 90
5231 684 80 1084 1171 997 174 917 235 1246 1107
5232 979 131 182 86 32 97 414 774 174 233 763 1190
5233 847 21 232 156 794 207 490 99 1165 297 181
5234 1482 297 774 1286 804 230 794 325 352 684
5235 488 560 232 109 129 166 186 309 113 88 179
5236 980 110 232 1286 1018 297 544 403 202 207 53 786
5237 768 1090 956 142 797 1419 990 138 756 1212 856 549
5238 315 42 143 1004 199 143 42 73 52 172 363 670 188 866 196
5239 917 490 181 232 136 44 1424 663 1069 764
5240 873 794 250 386 147 269 579 1307 593 1194
5241 930 84 455 133 330 97 1232 230 103 69 230 127 79
5242 1290 97 804 980 81 231 778 142 361 122 951
5243 274 948 98 58 173 131 262 261 61 1131 82 1106 4 1014 50 295 269
5244 831 67 634 1244 444 33 610 1263 459 21
5245 684 246 1238 879 209 1272 666 563 910 631 701 526
5246 932 116 278 96 248 427 84 195 1171 799 198 192 991 66 688
5247 442 462 819 277 262 303 175 512 928 50
5248 795 804 138 1454 231 684 1176 600 328 1082
5249 333 246 934 513 0 420 1414 1414 1414 634 1414 1299 106 131
5250 194 50 224 1015 304 365 21 78 129 1114 932 244 244 174 626 656
5251 430 782 347 823 521 248 21 709 269 106 511 76 232
5252 325 910 590 1185 142 1469 476 138 943 792 404 864 556
5253 88 96 466 294 121 138 129 287 1031 979 590 478
5254 476 523 976 825 142 335 989 1396 1185 343
5255 309 823 786 230 910 182 248 560 864 641 794
5256 930 786 427 801 163 452 338 196 186 196 500
5257 641 864 430 230 860 232 27 430 549 910 399 1114
5258 129 12 401 423 143 679 588 1232 180 189 991 198 1409 884 165 85 215 452
5259 641 232 909 476 232 174 182 138 759 641 1392 138
5260 682 143 751 724 610 11 415 7 254 1366 1493
5261 976 889 1095 1179 914 965 343 824 1482 325 1185 441
5262 81 868 665 778 189 1212 1055 143 873 452
5263 363 1209 779 447 135 116 86 144 52 560 114 156 147
5264 309 768 270 1090 141 110 309 383 309 930 110 270 560
5265 248 801 330 162 1340 656 674 801 44 230 930 476 207 95 142
5266 508 22 582 580 1244 399 32 315 244 595 734 54
5267 476 216 476 1156 500 330 1195 131 333 248 382
5268 566 346 170 282 248 107 196 118 302 310 19
5269 194 1109 1179 0 96 1098 216 165 432 382
5270 778 476 230 248 202 80 995 79 142 930
5271 199 801 248 88 142 290 232 456 133 33
5272 794 430 864 85 426 794 844 917 248 476 930
5273 561 1071 53 561 352 616 693 309 1307 701 744
5274 1454 391 360 782 632 917 488 1013 536 864 401
5275 388 864 88 143 132 81 129 804 1176 430 55 207
5276 490 823 231 142 82 138 98 231 156 81 823 947
5277 794 85 233 248 980 1066 230 143 792 917 162 99
5278 684 273 910 82 142 1179 80 55 490 1135 794 726 526 156 873 639 786 758 430 798 82
5279 34 460 823 560 584 666 616 660 626 96
5280 347 545 113 30 782 626 425 773 223 879
5281 1241 395 947 794 55 207 1210 395 1241 370 848 232 214 214 278
5282 143 248 1396 55 142 864 917 136 233 684
5283 196 50 818 280 19 67 1218 1232 77 143
5284 1165 189 232 684 415 70 521 476 792 804
5285 866 1071 1120 1268 1034 143 1286 132 331 244 701 1151
5286 148 143 7 114 39 287 5 184 622 115
5287 50 229 248 131 85 259 88 243 137 177 482 346 333 363 751
5288 524 338 44 259 452 269 88 415 336 1015 196 242 1046 1060
5289 250 21 50 97 302 290 242 535 577 407 339 359 430 399 873 248
5290 782 58 382 466 131 289 232 456 32 199 460 1034 56 106 21 789
5291 232 794 1298 142 823 801 99 230 207 980
5292 142 430 758 80 156 742 549 792 493 230 930 976 88
5293 415 97 949 346 352 97 20 42 951 115 315 197 609
5294 65 873 230 155 1393 909 964 476 596 807 778
5295 930 328 81 207 539 58 99 189 1231 801 452 122
5296 230 976 476 976 230 847 388 230 976 909 230 1038 80 976 430
5297 939 821 797 813 14 1140 212 44 939 939 821 1038
5298 149 778 688 88 232 202 143 686 401 335
5299 490 786 81 889 665 408 675 1179 439 427 864 80 1282 110 910 1165 383 233 768 794 408 181 917
5300 590 864 44 1113 1255 86 493 113 1231 143 106 182
5301 864 388 854 266 325 433 818 335 847 910 872
5302 57 78 54 1141 1141 351 118 1045 88 948 734 635 904 962
5303 143 181 88 58 684 102 864 229 232 794 131
5304 864 786 794 343 639 142 230 910 343 248
5305 823 539 794 899 81 202 399 1138 729 27 691 55 930 639
5306 768 230 82 110 380 427 156 1165 231 207 142
5307 405 430 156 537 53 326 98 207 142 56 214
5308 778 110 232 230 182 864 248 539 639 823 98 70
5309 124 143 89 97 133 32 1344 977 431 304 79 118 977 464 1325
5310 1022 1479 778 142 980 792 1419 233 82 467 792
5311 52 85 248 269 588 77 401 278 136 784 99 98
5312 352 70 194 54 813 1177 143 248 352 684
5313 372 439 1482 383 297 965 335 804 207 122 930
5314 42 415 21 787 557 1463 832 353 142 563
5315 488 143 526 560 832 759 930 818 930 641 873 21
5316 490 196 1165 346 799 786 121 131 930 79
5317 976 383 233 81 1165 230 804 65 407 192
5318 140 428 1235 1374 1374 1374 1009 1084 410 165
5319 466 219 110 262 84 301 81 100 143 268
5320 688 579 363 568 831 280 143 649 259 699
5321 529 1071 674 196 280 613 33 847 253 1052 973 613 33 1330 338
5322 1377 80 346 127 232 179 230 791 67 248 1114 79 106 466 656 315 181 521 779 229 283 58
5323 244 179 39 141 239 1176 1070 82 78 177
5324 172 663 794 388 976 948 82 5 1306 894 1224 1424
5325 248 473 81 335 231 1039 1298 472 488 868 980 467 142 1165
5326 864 929 804 786 230 818 804 476 976 92 523
5327 790 427 679 27 823 639 203 1179 742 345 394
5328 282 246 260 170 300 270 172 197 89 1078 282
5329 106 507 782 544 55 1298 207 930 100 143
5330 0 543 991 818 519 818 1105 575 490 21
5331 129 1013 81 490 684 930 778 196 88 232 244
5332 133 66 243 1135 277 181 111 196 1466 1071 244 561 17 1114 196 1114 699 382 1068 1015 601 26 1293 1316 1141 1151 899
5333 96 100 195 194 107 117 27 4 133 259 1458 1387 499 166 1458 76 1119 265 44
5334 231 671 539 1286 142 156 65 476 232 430
5335 395 428 131 214 823 232 432 1040 294 42 790 201 648
5336 867 876 223 121 773 987 683 1463 674 460 702 886 991
5337 130 202 550 107 606 143 133 353 508 734 1409
5338 633 1370 0 80 370 590 1419 854 1021 1082
5339 199 639 232 206 117 794 133 781 641 488
5340 1165 27 635 917 136 639 142 207 393 823 383 539
5341 262 69 50 566 590 179 147 1022 69 19 698 630
5342 1165 1217 979 476 201 818 1431 844 930 1290
5343 563 997 273 230 488 16 851 1311 1478 207
5344 81 802 618 1107 540 438 1212 430 297 572 502
5345 864 252 110 939 395 55 50 97 297 756 388
5346 466 125 382 1177 80 44 420 96 355 254
5347 684 923 543 1013 53 909 297 476 864 439 214 488 663 865 233 768 804
5348 233 1078 333 831 854 580 580 580 21 1299
5349 1095 778 81 544 361 207 248 797 328 395 1013 142 273
5350 821 85 647 1461 1286 1407 143 270 408 665 758 435 424
5351 231 1473 759 403 395 917 297 207 759 142 794 909 209 245
5352 194 490 133 88 76 174 304 194 595 526 114 1227
5353 1095 804 248 476 1082 864 778 929 81 656 88 1255 441 794 162
5354 148 415 818 1068 1316 80 131 105 827 131
5355 488 966 490 1407 980 128 1083 759 947 308 794
5356 794 943 1469 142 1407 230 774 1095 207 1298 372 450
5357 929 926 864 1210 929 291 476 170 395 430 1212
5358 683 1105 1352 1022 297 860 1469 467 1432 430 447 1480 460 1460
5359 181 330 103 1156 782 243 786 106 414 1231 763 199 111 1342 1199 865 865 678 217
5360 864 1216 452 230 110 522 122 407 184 787 476 188 589 663 639 802 361
5361 86 99 88 490 152 521 1082 641 189 794 979 782 174 229
5362 88 917 829 156 142 505 1171 232 794 81
5363 81 1119 414 401 203 1216 1050 1050 223 415 1162
5364 864 423 498 911 468 106 110 543 231 1286 207
5365 750 582 308 549 674 1117 626 336 330 127 688 241 616 1066 734 676
5366 232 490 380 1241 641 88 248 1264 864 794
5367 294 126 280 193 130 98 427 261 141 344 499 84 216 586 193 734 261 59 783
5368 338 542 548 190 1141 423 121 473 254 572 867
5369 113 279 621 279 418 415 868 196 1363 186 827
5370 831 1047 852 778 794 864 1474 250 633 242 121
5371 684 231 1212 142 88 230 930 340 138 818
5372 782 279 622 1001 245 245 767 33 248 196 191 1204
5373 476 88 194 773 484 170 794 484 130 484 697 484 241 241
5374 427 612 136 930 794 156 306 81 99 297
5375 1114 789 33 338 199 798 419 33 1225 61 1006 1296 834
5376 81 335 476 1322 156 110 980 847 207 786
5377 798 910 761 184 407 476 476 407 184 761
5378 162 162 665 1512 1165 476 852 862 818 778
5379 433 625 646 206 802 245 177 77 129 1084
5380 430 287 130 549 142 202 456 418 395 560
5381 162 230 778 1165 533 1301 430 138 1419 233
5382 53 910 202 231 230 794 232 142 430 207 156 273 55 98 114 149 899 1075
5383 250 52 969 824 829 206 300 172 275 313 105 207 458 298 768
5384 794 1459 1171 297 1022 142 786 348 201 207 1224 231 805 416 656 187 162 401
5385 966 287 268 155 88 262 69 794 141 433
5386 425 419 163 641 502 138 466 163 575 18 1490 1400 188
5387 912 1268 1462 163 818 207 1171 469 1171 328 912 138 430
5388 427 232 452 794 801 1105 1165 5 864 818
5389 143 328 129 88 909 132 794 684 231 214 55
5390 864 818 50 684 1370 311 235 956 914 357 230 1001 1145 311 778
5391 1131 995 998 88 476 995 476 818 260 476
5392 230 683 254 232 232 980 110 110 476 88 684 1448 1164 26 182 490
5393 977 804 252 97 415 577 326 142 1286 343
5394 1301 1231 667 363 58 655 580 488 56 76 782 229 103 111 596 734 315 801 747 106 173 133
5395 142 549 862 671 979 156 1478 795 207 441 414 793
5396 929 1497 708 688 873 39 710 1145 786 250 106 174 802
5397 1349 798 699 241 1117 1199 179 708 749 717 227
5398 873 828 930 55 521 794 307 230 782 248
5399 804 70 76 414 319 163 232 1343 958 65 39 80 103 1466
5400 794 18 174 248 476 778 232 595 641 206 50 138
5401 630 660 579 475 486 387 1006 699 568 481 424 653 304 1156 687 118 573 155
5402 223 84 1015 645 635 1400 420 133 137 834
5403 266 523 844 800 759 778 1287 370 1419 800 1212 348 778 439 1013 889 1022 920 81 476 110
5404 232 596 864 1217 142 158 930 128 55 248 262 97 173 167 103 684 100 823 110 178 98 273
5405 641 778 821 768 794 430 138 231 774 81
5406 677 1266 194 684 69 60 280 1069 1253 1141 1141
5407 241 626 241 129 352 352 566 626 451 1141 1233
5408 9 1238 1323 599 57 519 60 232 794 778 351
5409 162 864 388 391 467 1459 969 631 656 232 1038 575
5410 476 191 828 786 772 230 1176 98 917 82 684 233 1084
5411 476 1165 1298 233 578 1185 343 1384 331 81 419
5412 116 923 27 694 1145 572 751 704 1227 702 432 432 1068 757 755
5413 702 170 323 1105 33 181 1169 244 63 137 738 684
5414 121 196 879 241 609 254 910 1052 253 256 246 773
5415 476 919 1176 758 207 450 804 990 308 1313 128
5416 1389 1201 88 248 813 451 864 88 424 813 451 691
5417 177 700 141 143 430 179 768 103 674 827 82
5418 306 792 1468 233 156 1111 1279 778 361 944 476
5419 560 786 844 163 560 476 804 427 1356 233 1356 217 127
5420 54 614 132 873 533 355 407 84 1430 1065 888 1238
5421 427 199 1431 287 1431 130 88 610 756 143
5422 568 702 712 812 78 1060 903 1347 744 1343 241 1203
5423 864 230 142 490 1075 137 1090 476 617 976
5424 794 1083 656 142 325 97 804 430 418 388
5425 828 383 232 826 684 433 142 52 797 439 821
5426 266 70 1264 202 110 1227 33 206 560 110
5427 244 232 182 699 131 727 106 720 629 174 622 227 65 513
5428 873 80 80 165 971 172 39 113 991 868 207 1417
5429 1241 1082 848 142 778 1298 343 1026 148 138 910 1184 1013 873 526
5430 97 782 850 772 488 615 53 764 917 812 266 1227 1171 964 1257 734 1035 600 639
5431 248 248 1364 602 84 653 33 239 103 1334 595
5432 447 1176 1467 1162 928 1154 1176 683 1467 459 1389 1010
5433 142 864 656 823 98 99 82 127 543 80 182
5434 1098 266 1373 778 1464 1255 476 34 86 778 590 148 913 698 669
5435 53 116 468 468 557 1315 116 468 455 777
5436 665 792 493 172 172 232 1512 665 818 33 228
5437 232 44 864 549 404 81 297 281 441 335 98 88
5438 629 932 709 1212 142 980 1001 315 216 333 353 196 424 662 557 33 622 1500 736
5439 614 560 110 559 1419 207 216 497 910 684 549
5440 686 110 812 631 1316 1295 832 217 1160 388 388
5441 110 128 656 79 61 280 114 269 823 53 325 158 951
5442 794 1450 873 809 663 476 1370 1450 1370 1370
5443 53 88 486 475 70 595 674 304 709 244 1257 1129 136
5444 174 207 142 1392 828 576 182 80 399 930
5445 393 804 980 403 947 1280 1025 81 207 1469 1013 979
5446 1075 778 818 254 694 30 930 683 1335 330 284
5447 98 430 930 781 110 910 909 189 1113 521
5448 89 590 89 488 138 802 141 81 980 81
5449 107 239 634 126 65 50 76 63 580 702
5450 259 610 170 259 566 610 170 259 566 858
5451 794 549 231 639 393 498 1095 248 1473 1212 98 207 786
5452 84 1502 599 627 367 259 52 98 93 1177 190 315 1043 1387
5453 778 88 338 983 684 335 136 472 248 273 174 55
5454 804 270 80 488 488 804 182 964 80 488 80 687 1155 76 110
5455 138 947 794 262 430 142 395 327 934 505
5456 782 467 917 340 979 233 1017 930 768 1013 505 801 822
5457 99 577 1015 787 420 202 103 779 242 63 852
5458 909 1176 687 1268 972 172 863 1003 280 909 587
5459 406 44 1387 18 14 917 1102 1047 653 1387 23 282 1387 5 533 406 18 1345 827
5460 1396 976 986 926 81 603 1165 917 295 207 210 389 262 126
5461 1060 827 182 676 582 117 674 1266 710 673
5462 1342 430 930 1342 864 383 1264 430 768 930
5463 804 848 274 213 186 632 179 452 52 196
5464 786 231 794 947 142 1286 980 1083 297 598
5465 81 439 864 1343 114 59 804 50 768 543 622 729 1199 1165 658 507
5466 86 248 648 189 81 155 818 521 588 284
5467 684 641 560 873 794 795 778 663 786 88 393
5468 813 265 163 100 57 337 206 807 105 113
5469 1241 818 128 202 794 778 174 430 80 873 21
5470 641 156 125 641 113 931 779 182 930 80 167
5471 587 1264 913 54 561 1335 794 15 331 804 862 348 1306 254
5472 119 170 107 272 781 194 290 57 917 766 621 310
5473 807 79 864 1018 452 129 281 310 894 195
5474 795 847 1013 641 854 909 656 521 523 1395
5475 521 656 1392 873 801 156 688 818 27 32
5476 825 113 588 81 405 774 930 844 207 395 938 794
5477 778 990 1292 976 829 1113 207 1145 1292 207 361
5478 135 179 174 199 1176 50 1193 763 58 406
5479 239 239 1060 1017 734 734 582 690 720 1227 280 831 685
5480 818 466 135 50 283 160 947 162 351 656 873 791 1225 688
5481 30 382 88 262 30 26 73 110 34 577 106 38 244 687 708 898
5482 177 513 121 216 866 580 976 1303 215 8 1201 595
5483 229 864 794 79 138 531 864 794 801 229
5484 245 1222 18 284 223 245 376 595 121 18
5485 794 847 847 847 142 590 1212 135 778 135 135 135
5486 519 778 1294 142 88 331 864 665 481 1370
5487 702 304 248 174 103 674 88 229 754 26 1303
5488 1287 976 818 603 603 343 142 818 395 128
5489 1039 307 98 684 860 801 231 297 88 266 141
5490 162 978 827 560 245 968 488 891 245 1292
5491 552 223 927 867 50 199 26 432 895 70
5492 662 241 106 1010 1151 1066 1252 1198 894 26 738 879
5493 176 98 909 138 98 182 128 217 879 560 976
5494 430 76 1078 131 162 173 86 1018 639 1439 432
5495 488 557 794 818 641 430 792 778 488 919 818
5496 430 154 864 265 350 572 794 879 761 684
5497 162 100 1190 715 79 430 287 286 519 519
5498 794 1022 430 86 778 189 162 189 182 795 995
5499 450 1020 1165 450 1055 1465 794 1165 889 450
5500 831 557 846 980 789 582 1368 486 352 243 65
5501 764 231 523 615 81 395 805 774 768 543
5502 588 768 207 494 233 395 523 233 912 588 152 100
5503 173 177 265 265 70 831 1113 662 734 1206
5504 794 58 162 488 674 910 794 794 641 684
5505 80 100 997 778 864 1031 304 206 1045 1118
5506 131 248 801 182 452 794 106 430 1257 182 1068
5507 976 217 1082 976 1342 217 844 342 84 395
5508 162 157 297 1038 402 1018 800 1408 767 210
5509 1017 809 612 560 348 1010 809 663 380 913
