0 22 2 3 4 5 6 7 8 8 3 27 0 9 10 3 17 18 19 20 21 14 24 25 26 3 3 15 16 3 29 30 12 13 11 3 23 1 28 11
1 70 56 36 71 40 31 42 36 54 37 38 39 35 36 60 61 40 41 36 39 50 49 36 52 62 40 63 64 65 66 49 59 35 36 68 69 67 36 32 55 36 40 47 48 36 67 57 58 31 32 33 34 55 36 36 76 43 52 53 54 52 73 74 40 44 45 46 36 40 75 45 36 51 43 43 72 40 55
2 10 94 15 90 11 91 106 81 81 81 81 82 10 81 15 102 83 93 81 84 100 101 86 87 88 89 103 104 93 107 91 98 98 15 79 92 80 99 95 96 100 11 105 85 11 97 77 78
3 116 116 116 116 116 116 117 108 118 116 124 124 116 125 125 116 116 123 116 110 116 126 113 116 116 110 117 116 108 110 111 116 112 110 108 116 108 116 108 113 116 108 110 110 115 108 118 111 113 110 44 121 116 111 116 116 131 110 116 122 129 113 116 108 128 108 108 108 116 108 116 116 117 127 116 116 132 133 114 115 116 116 116 116 111 110 113 116 116 52 116 116 119 30 113 116 113 116 130 116 109 116 120 116 116 113 113 116 116
4 142 140 139 139 140 140 141 141 140 140 137 134 140 137 134 135 138 139 137 140 137 134 141 137 134 140 134 135 140 142 134 140 141 134 135 142 139 137 134 135 140 135 134 136 139 135 139 141 139 134 140 138 142 143 141 137 135 134 143 144 135 134 140 135 141 137 140 134 140 140 141 142 141 141 140 141
5 152 166 152 156 151 146 152 162 172 152 173 166 145 165 149 165 154 164 145 182 125 153 157 167 152 188 125 47 153 149 168 146 152 152 165 174 158 159 160 146 165 146 145 152 146 175 152 176 11 161 162 163 189 190 166 149 160 191 146 147 11 148 145 169 152 146 177 11 148 149 170 146 152 165 152 149 160 164 169 154 149 165 161 165 174 168 152 155 47 167 155 146 153 47 146 165 185 165 146 192 152 146 186 146 187 146 47 152 161 181 149 150 146 151 145 149 152 171 152 146 59 183 169 178 59 146 145 153 59 146 153 146 161 184 184 149 165 179 180 166
6 194 194 108 205 202 193 220 193 80 80 195 194 108 108 195 194 108 108 193 221 222 194 195 215 194 195 206 193 194 194 200 108 195 203 204 194 108 209 199 194 195 108 199 200 163 214 194 203 204 108 219 200 195 194 193 108 200 193 195 169 194 108 200 195 194 199 194 100 201 183 108 169 194 200 194 196 206 195 193 194 213 196 194 108 194 193 195 195 194 195 200 108 194 194 225 195 195 108 196 108 208 108 193 133 108 195 198 45 197 195 198 169 195 195 195 195 133 212 195 198 210 195 169 196 108 195 196 198 198 194 194 195 108 194 217 108 196 108 195 195 108 193 195 195 199 195 195 108 218 194 195 194 206 195 196 108 195 216 194 108 108 211 207 223 224 195 193 196 193 193 194
7 226 226 226 233 226 226 226 226 226 226 226 232 226 226 229 226 226 226 236 226 226 11 226 226 115 226 226 226 226 226 226 226 227 226 226 226 235 226 226 238 226 238 226 226 228 230 226 226 226 226 226 226 228 226 226 237 226 228 234 226 228 226 228 106 226 226 239 228 228 240 231 228 226 231 226 226 226 226 226 241 228 226 228 11 226
8 260 169 249 273 261 262 268 280 271 263 264 263 269 253 249 274 242 265 283 279 249 250 17 267 271 24 257 18 251 12 252 264 272 169 250 260 89 258 250 207 259 282 249 256 286 287 249 284 275 276 247 248 270 254 255 285 277 278 169 264 281 241 169 243 244 266 261 246 245
9 303 292 99 304 93 134 299 299 293 309 288 294 300 305 306 279 297 99 93 289 290 308 305 258 205 280 296 301 302 311 106 310 247 58 93 307 295 93 288 298 291
10 318 319 324 327 326 317 313 314 314 313 317 313 66 314 313 317 316 313 313 314 47 1 1 313 322 179 313 305 313 321 325 258 329 313 313 1 313 313 313 316 313 330 1 313 313 240 312 313 314 127 313 320 314 313 314 328 314 314 323 314 313 317 314 314 314 313 323 315 313 313 314 316 313 314 318 323 313 313 316 313 318 316 313 313 318 313
11 342 332 342 332 331 342 342 332 343 332 342 335 332 333 338 344 335 348 331 356 331 331 342 335 332 335 343 335 343 335 342 332 191 338 344 331 331 350 345 342 335 343 335 332 343 342 332 332 344 335 333 331 331 357 342 338 332 335 342 336 65 66 351 344 335 352 331 348 338 344 342 343 343 332 335 338 342 332 338 343 337 338 335 332 338 344 335 331 350 345 344 342 332 343 332 335 342 332 343 332 335 342 332 338 344 344 335 331 332 335 338 335 332 332 49 338 331 331 331 347 342 335 332 331 331 342 332 335 332 332 332 335 335 332 344 335 49 331 331 342 332 343 335 332 343 332 343 342 332 332 349 332 344 331 342 346 350 332 342 335 331 346 349 368 344 355 346 347 333 338 346 354 361 362 362 331 331 339 332 331 360 339 353 367 331 340 341 349 342 334 344 365 366 344 358 335 332 334 358 334 334 350 346 331 363 359 345 334 334 364 334 343 342
12 370 369 372 372 373 373 373 369 373 362 369 370 373 370 369 372 371 372 373 373 373 371 370 373 373 372 369 373 370 372 369 373 373 375 371 373 369 369 372 373 370 373 370 371 373 370 371 373 373 371 373 369 373 373 374 374 374 372 369 371 370 370 373 374 370 370 374 369 374 372 369 369 374 373 374 371 373 370 374 371 373 374 371 374 371 370 374 373 371 373 372 371 374 373 374 374 370 372
13 377 377 393 377 377 376 377 377 385 377 377 377 377 393 377 377 377 377 377 377 377 377 377 377 393 377 377 258 377 377 377 385 386 377 377 377 377 377 393 377 377 377 377 377 377 377 389 258 377 377 377 377 377 388 377 377 377 377 377 377 377 377 377 382 377 256 377 377 377 390 258 377 377 377 377 394 258 377 377 377 377 377 377 377 377 256 377 377 377 256 377 377 377 258 377 377 377 392 377 377 256 377 377 386 377 250 377 389 377 377 258 377 377 377 377 381 377 377 376 377 321 377 378 377 391 377 377 377 258 377 377 378 377 384 377 258 377 377 378 377 377 169 377 378 377 377 377 377 378 377 384 377 258 377 377 377 377 321 377 377 378 377 378 325 377 378 378 377 256 378 378 377 377 378 256 377 377 379 377 387 377 377 377 377 378 377 377 378 379 377 378 377 377 378 376 377 377 378 377 378 377 377 377 378 377 386 377 378 377 378 383 377 377 378 377 377 379 377 378 377 378 377 377 377 377 378 377 377 378 377 377 377 378 378 377 378 377 377 378 377 378 377 376 377 377 377 377 377 376 377 377 377 377 377 377 377 378 377 377 377 377 377 377 377 376 377 376 378 377 377 377 377 377 377 377 378 377 377 377 376 377 378 377 378 377 376 377 376 377 377 377 377 378 377 377 378 377 377 380 377 377 378 378 377 376 377 377 377 377 377 377 377 377 378 377 377 390 377
14 422 404 395 400 397 399 397 397 398 325 395 396 397 398 410 397 398 247 404 399 397 398 395 418 169 417 1 395 399 399 400 247 411 404 396 399 325 416 409 399 325 405 404 396 86 400 395 399 399 404 396 67 400 397 407 397 406 396 406 407 395 396 406 413 405 404 406 400 400 396 400 18 231 399 403 409 325 395 399 395 396 412 405 409 396 401 18 395 400 396 169 405 231 325 415 410 403 407 395 400 399 408 414 395 396 325 396 395 395 403 395 402 67 399 403 400 404 395 404 415 395 419 420 396 45 421 396 395 395 67 399 400 399
15 106 425 423 423 423 429 423 425 429 424 423 430 429 423 423 423 425 431 425 423 426 423 423 423 433 426 432 423 423 423 423 423 423 423 425 423 425 427 423 423 423 427 423 425 424 424 435 425 423 423 423 426 428 423 423 432 432 426 425 425 432 434 425 432 426 426 106 426 425 424 423 425 432 425 425 426 423 425 432 425 424 426 426 436
16 454 455 134 438 438 443 439 438 136 438 438 136 438 438 443 438 438 438 438 440 451 136 438 438 439 438 439 446 453 439 299 439 439 450 451 442 452 439 439 437 439 437 439 446 440 437 329 447 437 437 437 437 437 437 211 439 448 441 439 444 439 437 437 437 437 449 437 437 437 437 439 437 439 437 445 437 437
17 459 475 466 467 169 215 269 461 468 469 470 18 122 464 461 457 463 460 461 457 458 169 476 397 457 463 477 471 121 169 471 462 457 478 472 169 125 465 456 473 169 232 1 474
18 106 489 22 504 482 479 480 481 482 483 482 398 483 493 138 500 482 479 488 483 484 482 483 493 490 486 482 498 483 489 486 482 100 486 483 482 486 491 482 483 482 470 503 503 486 325 487 496 498 491 482 482 488 486 482 494 495 492 45 482 486 482 482 106 139 505 496 389 138 143 230 351 310 260 482 436 482 486 483 486 482 487 479 490 491 482 479 482 480 489 499 470 482 482 480 482 491 486 486 489 489 486 482 489 482 480 490 482 483 486 482 240 501 502 436 497 489 139 485 171
19 528 520 349 506 349 349 514 353 121 507 507 517 508 507 507 349 508 519 349 508 349 525 507 510 516 259 329 50 349 85 522 523 524 515 509 512 513 507 509 507 513 512 507 509 507 349 508 509 349 509 508 531 310 509 509 349 513 508 509 507 349 518 508 509 349 509 509 509 349 509 349 509 349 509 349 509 509 349 526 527 532 533 349 349 509 258 521 224 346 476 509 534 50 508 511 349 508 329 509 508 501 529 530 508
20 536 537 536 536 535 536 319 536 535 537 536 536 536 538 535 535 536 536 537 535 536 319 538 537 536 70 542 536 535 538 535 541 536 535 106 538 536 538 536 538 537 536 539 538 535 536 536 536 537 537 536 538 536 536 536 536 536 538 535 538 541 536 536 539 536 536 536 536 536 538 538 538 536 536 538 536 536 535 536 536 538 536 544 536 536 362 536 536 543 537 536 536 536 536 536 536 538 536 545 537 73 536 70 537 539 536 537 536 73 536 536 536 536 536 536 536 540 537 537 536 536 536 536
21 558 559 66 560 392 561 562 563 564 96 355 552 121 306 96 548 553 554 555 566 546 559 96 547 548 201 546 556 567 568 385 565 557 550 377 24 458 551 569 549 207 570
22 579 212 212 133 133 578 30 583 578 582 17 584 577 212 574 578 587 578 575 576 576 11 573 212 573 573 589 573 573 340 581 169 573 573 573 573 505 505 573 573 573 571 586 573 310 571 212 575 573 505 133 588 580 585 157 45 572 571 572 171 572 571 572 575 11
23 591 592 593 590 591 591 591 592 593 591 591 591 592 591 592 591 591 592 592 593 591 592 591 592 593 591 590 591 592 591 593 592 591 592 591 592 593 591 593 591 591 592 593 591 592 593 591 591 592 591 593 591 592 593 591 593 591 591 590 591 591 592 591 592 591 592 593 591 592 593 591 30 591 591 591 591 592 593 593 591 592 203 592 591 592 591 592 592 593 591 592 593 591 591 591 590 591 591 591 203 591 592 591 593 591
24 125 18 556 101 598 226 611 612 402 18 597 595 18 18 169 18 18 23 627 18 30 226 618 115 611 226 556 598 608 556 18 293 18 18 233 67 556 226 226 618 226 125 619 556 296 18 226 18 596 226 611 602 556 611 226 629 125 620 600 226 611 556 599 296 599 556 226 599 296 18 402 611 233 169 603 604 605 114 606 85 47 52 609 581 125 599 18 293 115 556 599 296 18 296 608 293 599 226 594 296 18 226 605 613 296 18 599 296 85 630 605 233 365 288 621 556 599 622 623 556 296 594 556 599 604 604 114 556 599 296 18 226 624 625 599 18 18 226 62 607 614 600 125 556 608 604 599 626 556 599 18 296 296 18 402 226 556 18 402 233 226 296 595 556 599 296 18 608 614 616 612 30 499 556 599 611 556 599 226 604 296 18 226 556 599 296 601 23 226 296 18 598 595 226 609 610 617 115 556 599 600 125 296 226 615 556 296 115 599 18 226 599 631 556 18 23 600 125 226 611 226 314 628 296 599 18
25 633 633 635 635 635 465 169 638 499 635 635 635 635 633 636 635 635 637 635 600 339 83 83 211 641 635 633 635 635 460 450 635 633 637 633 635 635 635 635 633 635 643 633 633 635 635 106 106 635 633 633 211 460 635 635 642 635 639 635 635 635 635 635 634 632 640 635 635 635 638 632
26 306 644 645 646 460 646 644 645 646 646 644 306 646 646 644 646 658 644 646 646 644 101 644 645 646 644 646 646 644 460 645 646 646 657 646 654 646 644 645 646 656 646 460 644 645 644 646 67 306 644 646 646 169 644 649 653 644 646 397 646 397 288 651 646 644 552 644 646 652 556 258 645 362 646 646 644 646 646 644 645 644 645 646 648 644 402 646 644 646 646 644 646 644 645 646 646 646 67 647 306 644 646 646 650 306 67 172 645 646 122 644 646 644 52 306 655 169 646 646 644 306 646 644 646
27 106 299 665 675 661 662 659 664 665 571 666 662 672 549 673 151 674 660 677 676 169 134 659 659 667 662 662 661 660 660 663 662 668 669 134 299 513 678 673 299 671 670 169 402 660 663
28 1 698 679 689 453 164 690 691 682 453 699 690 691 293 682 293 682 693 652 453 52 685 293 453 686 122 293 690 687 581 456 696 688 697 650 682 695 702 684 353 310 681 681 681 453 293 681 700 701 681 54 681 681 353 531 692 681 683 681 681 681 361 455 453 681 453 293 681 453 353 122 353 694 293 453 453 453 96 453 581 453 293 453 693 453 680
29 706 704 707 703 703 706 703 703 707 710 711 363 706 703 706 708 712 706 706 703 706 717 472 460 706 703 703 703 704 706 714 706 707 176 626 247 385 703 703 709 703 706 38 706 706 703 706 703 707 703 713 706 703 706 706 706 706 352 709 703 703 352 709 707 703 703 703 703 352 709 472 707 704 706 703 706 706 707 715 706 706 705 706 706 352 713 716
30 657 721 719 720 719 720 723 41 720 723 345 720 721 721 727 719 721 721 719 718 718 188 719 718 188 722 125 718 719 718 147 718 718 188 723 718 718 188 718 718 718 718 721 718 358 721 718 718 719 125 718 721 721 435 718 719 718 718 725 724 719 719 718 726 721 718 718 718 718 719 723
31 732 730 729 732 730 732 738 738 255 255 730 740 734 255 255 730 276 739 730 731 255 732 732 730 731 739 732 732 729 735 736 731 731 732 737 730 731 731 728 733 731 729 729
32 741 741 741 569 741 741 741 741 741 741 45 741 741 741 741 742 741 741 741 750 741 733 744 741 741 741 741 741 741 271 748 741 741 741 741 741 741 742 751 741 250 741 741 741 164 741 741 99 86 284 741 741 701 741 741 158 741 741 741 741 284 741 743 741 741 203 741 741 741 457 741 741 104 741 741 741 741 745 741 741 741 741 741 362 741 741 741 741 749 741 741 741 713 741 752 741 743 741 450 741 741 144 741 746 747 1 741 741
33 754 188 754 758 754 754 758 762 764 753 188 756 754 755 758 753 754 758 753 754 755 756 754 767 754 768 754 773 753 755 756 753 753 755 756 754 754 754 293 319 727 754 753 755 754 754 753 755 757 756 753 754 758 766 754 758 765 758 771 774 758 753 754 753 754 758 755 757 756 754 758 762 56 754 753 758 754 754 753 754 758 754 725 754 753 758 753 754 754 758 754 753 754 753 754 758 754 758 754 753 754 757 776 755 760 188 754 758 754 755 754 758 754 753 754 755 754 754 754 754 727 754 310 758 758 754 772 450 775 766 754 753 758 758 754 754 724 754 754 758 754 754 754 755 757 754 753 754 755 757 754 758 762 754 758 754 757 767 758 762 754 754 757 754 1 1 754 754 754 755 760 754 755 758 758 754 754 763 754 755 754 754 754 754 754 753 754 758 755 754 754 753 754 754 755 778 754 758 754 754 754 761 754 758 762 754 755 756 758 754 362 754 758 754 312 778 754 754 754 754 754 754 754 779 754 754 753 766 754 754 754 758 753 758 754 727 761 758 754 758 777 758 754 769 754 754 759 754 754 765 754 755 754 758 755 758 765 727 758 754 754 758 765 755 758 754 758 758 758 766 755 758 758 720 754 754 754 769 758 765 762 758 754 759 754 725 754 766 770 758 762 240 240 762 754 759 754 754 753 754 101 754 754 762 758 754 696 766 754 759 754 758 753 758 755 754 753 754 754 754 758 754 759 762 754 755 760 754 754 754 758 754 759 755 760 759 171 771 771 754 754 754 755 759 758 762 754 756 754 758 754 755 754 760 771 759 758
34 780 782 781 101 780 101 14 783 782 781 784 785 782 781 303 782 781 101 780 782 781 784 101 782 781 784 101 784 101 122 782 784 782 781 784 101 783 780 784 782 781 789 782 781 794 782 781 784 101 780 782 781 784 101 782 781 780 781 782 790 782 784 780 782 781 784 101 101 780 782 781 786 787 782 781 784 782 781 788 782 781 785 782 781 791 792 782 781 784 101 783 208 780 782 781 784 101 780 781 784 101 782 781 782 781 793 782 781
35 47 814 122 615 797 140 799 800 801 647 813 812 11 797 797 321 798 807 515 797 808 798 140 140 797 809 797 140 797 125 47 125 802 465 797 299 299 139 797 798 803 804 125 797 811 795 805 125 796 768 797 125 125 798 797 798 29 797 797 810 806 171
36 819 820 296 819 342 825 319 818 818 820 819 815 815 115 815 820 433 816 815 468 820 815 820 30 185 820 815 815 820 224 816 823 287 819 820 815 815 820 106 815 815 815 820 831 820 30 358 820 826 815 830 822 820 625 178 820 115 820 820 819 574 820 820 819 820 819 115 821 815 820 106 820 815 819 824 815 47 817 817 817 817 817 30 319 828 472 819 819 815 28 815 820 819 821 433 820 820 691 829 820 826 821 815 815 691 115 827 815 820 815
37 841 837 832 829 839 839 835 835 839 839 124 840 452 836 833 836 843 841 845 846 847 848 834 832 840 837 842 838 832 844 403 377 833 833
38 697 100 716 849 351 287 462 862 849 857 849 857 850 849 849 850 849 351 851 852 857 863 287 849 850 849 851 849 328 855 402 863 351 849 851 849 849 851 856 858 851 849 850 849 474 849 787 849 850 849 849 861 849 851 38 849 859 851 857 849 321 850 849 287 849 706 288 850 849 849 34 11 857 849 849 716 858 851 474 716 849 788 850 849 859 849 851 866 11 849 849 849 11 849 849 853 860 864 865 851 854 850 853 94 849 748 100 849
39 869 869 870 871 867 867 869 350 867 869 553 869 867 872 867 868 875 867 872 868 869 867 24 872 867 867 867 868 869 867 872 868 873 874 868 872 867 868 867 867 867 867 868 868 869 869 867 872 867 869 868 868 869 867 402 868 869 307
40 880 884 881 880 880 18 614 612 883 880 863 880 331 208 884 331 877 880 880 884 331 880 880 880 336 880 880 331 375 880 375 878 879 38 540 392 885 612 844 886 880 880 880 880 585 585 887 882 45 876 876 876 876 96 217 783 876 876 876 876 876 876 876 876 876 876
41 895 455 165 165 165 576 893 165 165 165 888 165 888 165 165 450 165 889 165 888 165 165 890 888 165 889 890 165 889 165 889 890 165 889 165 890 889 889 165 890 890 165 165 165 890 165 165 889 889 165 888 165 890 890 165 165 165 417 165 890 890 165 165 165 165 894 329 890 165 165 889 165 165 165 165 889 888 165 165 165 165 165 890 165 353 165 162 165 405 892 891
42 896 163 163 898 896 911 163 835 896 896 896 903 460 897 909 897 898 899 898 898 898 898 898 902 897 896 896 909 897 896 909 908 908 908 54 912 910 916 718 898 910 835 897 148 460 341 896 903 460 641 899 910 896 641 903 211 897 163 897 896 897 909 908 771 163 900 701 169 169 915 897 898 898 897 898 913 900 901 835 460 897 896 641 903 919 158 904 908 909 896 902 50 909 907 904 908 512 908 909 896 909 158 914 903 641 897 898 158 913 158 898 905 902 897 906 341 896 641 906 896 898 896 896 897 896 898 897 904 918 908 897 896 897 897 897 897 897 641 898 898 896 903 904 917 393 39 393
43 921 921 921 661 921 922 922 922 922 926 923 927 928 924 923 923 662 921 922 921 929 920 921 921 923 925 921 921 921 921 923 922 922 921 922 449 922 922 923 922 923 922 921
44 930 144 783 932 87 930 930 935 931 933 934 930 930 936 783 144 931 930 930 930 930 931 931 932 930 391 930 87 307 931 930 930 930 391 931 930 930 931 144 937 103 931 931 930 931 930 930 930
45 940 938 938 940 939 938 938 938 938 321 938 938 939 938 940 940 938 938 938 45 268 938 938 938 940 938 942 940 939 940 938 938 938 940 939 938 205 938 940 938 940 938 938 940 940 938 938 939 938 940 940 940 309 939 939 938 938 938 938 939 392 474 858 939 938 938 939 938 939 256 939 939 939 938 938 938 939 939 939 938 321 938 362 939 938 938 939 938 939 939 939 938 939 939 938 939 939 939 938 941 939 938 938 939 939 938 188 938 939 939
46 951 951 943 945 948 943 955 951 515 954 946 766 946 503 946 946 252 392 953 321 550 122 11 11 950 285 93 305 943 320 949 944 11 77 946 947 468 236 952 727 943 73
47 169 959 553 790 961 24 969 351 956 957 958 787 169 968 351 553 269 961 959 970 961 958 959 971 966 305 961 24 958 959 475 746 750 169 638 961 24 959 962 959 129 959 961 751 960 169 745 964 745 959 745 745 961 963 959 959 959 961 169 958 967 745 965 959
48 973 169 973 974 974 169 974 169 973 169 973 974 972 973 974 1 398 973 974 973 169 973 974 973 34 973 974 973 973 974 99 973 974 973 973 974 973 973 974 973 983 973 974 973 974 973 34 973 974 973 974 973 973 974 973 95 973 974 973 973 973 974 973 973 974 973 286 169 973 974 973 974 973 973 973 973 974 973 973 974 974 973 974 973 974 973 974 973 974 973 974 973 974 973 169 973 974 973 973 169 973 974 981 973 974 973 974 30 973 974 973 34 973 974 978 974 973 973 974 973 974 973 974 973 974 973 974 974 973 974 973 973 974 976 973 974 973 974 973 973 977 979 973 973 973 974 973 976 974 973 974 973 974 974 973 974 982 974 973 974 973 974 976 973 974 973 974 973 974 974 973 974 974 169 974 973 973 443 973 974 973 974 974 974 974 443 974 974 973 980 974 974 975 974 974 169 975 711 974 975 974 77 974 973 973 974 974 974 973 974
49 832 188 165 995 988 988 984 990 148 984 148 11 988 988 988 985 188 985 702 988 988 956 994 752 722 188 985 722 985 341 702 702 684 722 188 769 996 997 998 188 722 987 752 992 985 188 722 985 985 188 722 54 752 988 988 752 988 702 752 722 188 989 988 993 988 752 702 988 702 664 377 991 752 985 26 988 188 722 985 702 988 752 514 829 341 985 722 832 722 163 985 722 722 752 752 702 702 727 722 1000 722 188 999 702 722 722 188 722 722 163 724 986
50 1 263 1001 1001 398 1001 1001 1001 1001 474 1002 1003 1001 1009 1010 467 810 1001 1001 1001 11 1001 406 864 1001 1004 1021 422 1001 1022 422 1001 714 1004 1001 1001 1013 1007 1001 1001 1012 1001 474 1017 210 1026 788 1004 978 580 971 473 302 1024 1024 1024 1015 1016 1018 1023 269 1008 474 1004 1004 1 737 727 363 942 1005 727 1006 1019 1020 982 474 1014 474 462 528 1011 803 1004 11 240 321 1025 11 352 321
51 45 943 69 45 1029 1030 1031 469 543 1033 1028 526 1028 1036 1028 1032 1028 1028 1028 1028 169 1044 1028 1028 1037 176 42 45 1038 1033 87 293 1042 1028 1028 673 1028 1028 1043 47 1028 1028 1045 169 1039 1040 738 1033 169 1028 169 1028 1028 352 1028 563 169 67 550 943 169 256 472 526 1028 526 1027 651 1034 526 1041 1028 628 1035
52 1046 1049 1047 1046 1049 1046 1047 1046 1047 1046 1049 1046 1047 1046 1047 1048 1047 1046 1046 1046 1047 1046 1047 1046 1047 1046 1047 1046 1046 1047 1046 1046 1047 1047 1046 1047 1046 1047 1046 1047 1047 1046 1047 1047 1047 1046 1049 1047 1046 1047 1049 1047 1046 1046 1046 1046 1047 1046 1046 1047 1047 1046 1046 1047 1047 1047 1047 1046 1046 1047 1047 1047 1046 1047 1047 1047 1047 1046 1047 1047 1046 1047 1046 1047 1047 1047 1046 1047 1046 1047 1046 1047 1047 1046 1046 1047 1046 1047 1047 1046 1047 1046 1046 1047 1046 1046 1046 1046 1047 1047 1047 1046 1046 1046 637 1050 1047 1046 1046 1047 1047 1047 1046 1047 1047 1047 1047 1046 1047 1047 1047
53 1051 1051 288 1051 433 1051 550 1051 122 1051 1051 1051 1051 1051 1051 1051 1051 1053 1054 1051 1051 1055 1051 1051 1051 260 1051 1051 969 1051 260 1053 1054 275 581 1051 1051 1005 1051 1051 1051 1051 1051 1051 1052 1051 1056 1051 1051 362 308 1058 1051 122 101 1 1052 1051 1051 321 308 1051 1051 288 1051 1052 1057 1059 1051 1051 1051 1051 1051 1051 308 246 246 1
54 1074 18 1063 617 18 1070 1071 266 1064 617 1068 1066 1066 1072 1063 1065 617 67 1061 1063 1071 617 617 1068 106 617 1069 1073 1054 1063 1062 1072 1067 1014 452 1071 655 1060
55 1075 1085 1075 121 793 1097 272 1082 71 1107 1075 1076 548 481 45 467 793 1086 890 45 204 1085 1108 1110 1111 1076 1077 783 1087 208 1098 950 563 961 1076 285 701 1013 1088 1075 1080 563 1089 1090 1099 1100 1099 1077 1092 1076 1076 1077 1075 17 45 657 793 1076 1085 1076 1092 556 305 305 1075 1082 1076 1080 293 84 691 1077 1105 1106 1076 1021 1101 1083 96 1076 1085 305 377 187 1077 886 647 1077 886 165 129 783 1095 1096 956 992 1012 1085 67 1085 305 1076 1104 1075 1081 377 69 1077 1075 1075 1102 1076 1085 1085 377 1080 1077 1077 1108 548 563 1094 963 742 67 1108 1080 1075 1085 1075 153 1075 208 1077 85 1101 1083 1102 1076 831 1075 1012 1076 791 1077 789 45 1108 1110 1106 325 72 377 1084 1101 789 789 1075 1075 1076 1082 1083 1075 357 67 1108 1102 1109 1075 1091 1103 1093 1077 1076 563 268 1078 67 1092 1079 1077 610 44 1079 1080 1075 1093 527
56 1113 1112 1113 1112 1113 1113 1113 1112 1112 1113 1113 1118 1112 1113 1112 1112 1113 1112 1113 1112 1112 1115 1121 1113 1112 1112 1113 1113 1116 1117 498 1112 1113 1112 1112 1113 1112 1112 1113 1112 1112 1112 1112 1120 1112 1112 1113 1112 1112 1112 1112 1112 1112 1113 1112 1112 1115 270 1112 1113 1112 1112 1113 1112 1112 1112 1112 1112 1112 1112 1113 1112 1112 1119 1112 1112 1 1115 1115 1112 1112 1113 1112 1112 1112 1115 1112 251 1112 1113 1113 1113 1112 1114 1113 1113 1112 1114 1119 1113 1113 1113 465
57 1125 1127 1129 541 268 58 336 1131 1125 1126 1130 1132 30 1133 45 336 1125 1127 1127 1130 1122 1123 1130 30 210 1125 1127 1130 73 1130 1127 1130 1 232 1 336 1125 1127 1128 47 697 96 210 553 336 1127 45 321 1125 1127 1125 1127 1 1124
58 164 1137 358 1134 345 816 341 816 163 1134 1134 1134 358 1134 1135 1135 211 904 1134 345 1134 1134 1134 1134 1134 1134 1134 1134 1134 1138 1134 1134 1134 1134 1134 1134 1134 600 1134 919 1134 1134 1134 1135 54 341 1136 910 1062 1134 1134
59 1139 921 921 921 921 1140 1140 921 299 326 1139 921 1139 1139 1140 921 1139 1140 1140 1139 921 921 921 1140 921 1139 1139 1139 921 1139 921 921 1139 1140 921 1139 921 1140 921 921 921 921 921 1140 921 1139 802 921 921 921 1139 921 921 921 921 921 1140 921 921 1140 921 921 1139 921 921 921 921 1139 1139 1139 927 1139
60 1149 1149 172 1141 129 835 1149 1145 67 1148 1149 453 1141 453 1150 1142 453 1141 1149 1151 1141 397 1141 691 1141 1149 1141 267 552 561 1149 1149 1149 1149 1149 1149 691 1149 471 1149 1149 1146 1141 1147 413 293 1141 1141 1149 1149 1023 1144 1149 1146 111 1141 1152 1143 836
61 11 11 1121 326 91 11 73 1163 1167 1164 1121 211 30 1154 1155 278 11 11 278 1045 558 1159 950 550 275 89 550 1153 1158 101 11 1162 1018 169 385 278 204 1157 1161 122 1160 122 1156 125 257 1165 1157 1018 169 783 680 286 1092 1166
62 1175 385 530 1169 1169 1169 305 305 558 1169 558 93 351 1177 1169 1169 1173 558 1178 1179 1179 1179 710 1169 1169 269 272 1169 1088 93 1170 1169 1169 1171 803 1172 25 1174 1169 1168 586 351 1176 822
63 326 11 96 1189 564 1190 1183 582 1184 420 1185 47 306 937 548 1026 714 1186 1187 460 121 548 547 1188 1063 238 563 1072 792 1180 463 552 121 1072 456 1182 326 1072 1072 1072 326 1181
64 1192 800 1194 47 1191 1192 1191 1192 1194 491 800 1194 1192 1194 1192 1194 1194 1192 800 1194 1206 1194 1194 1192 140 1194 1193 1194 1191 1192 1119 1194 1191 1192 1194 491 800 1194 1198 1192 1194 470 1208 1192 1194 1208 1194 1209 1193 1194 1192 1194 1194 1191 1192 800 1194 1198 1192 1198 1192 1194 1194 1198 1192 1194 1194 1192 1194 1192 1194 1193 1194 1192 1194 1194 1194 1192 800 1194 1194 799 1194 1207 138 1193 1194 1192 1194 382 1194 1198 1192 1194 1202 491 1194 1192 1194 924 1194 1192 1194 1192 1194 1194 140 1194 299 460 659 1194 1191 1194 1194 1194 1194 1192 1194 1200 1194 1194 1095 1194 1192 1194 1196 1194 1191 1192 1194 1192 1194 1194 491 1201 1194 1192 491 1194 1208 1194 1191 1192 1194 1196 1197 1194 1192 1194 1192 800 1194 1210 1191 1194 1194 1199 1194 1194 1192 800 1194 1191 799 1194 1192 1199 1191 1194 1194 1192 800 1200 483 504 1194 1192 1194 1191 800 1194 1192 1194 140 1204 1194 1199 1194 1194 1192 1194 800 1194 662 662 1192 662 1191 1192 1194 1199 926 1194 1192 1194 1193 1192 1194 1195 1194 1191 1192 1192 1194 1191 1192 1194 1200 1194 1192 1194 1193 924 1192 1194 1194 140 1194 1191 1194 1194 1205 659 1095 1194 1192 1194 1192 1194 1192 1208 1191 1192 1194 1208 1192 1192 1194 1194 1199 1194 1194 1192 1203 1194 1192 1208 1194 1192 1194 1194 1194 1194 1194 1208 1194 662 1194 1194 1199 1194 1192 1194 1208 1194 1192 1194 1192 1194 1199 1192 1208 1194 1192 1194 1193 1199 1192 1208 1192 1194 1192 1194 1194 1194 1194 1192 1194 1194 486 1194 1194 1192 1199 1194 1192 1194 1192 1192 1194 662 140 1192 1194 1194
65 1211 1212 1211 1220 1224 1214 575 11 274 1228 1223 1221 397 804 1214 1145 1044 1211 1227 275 1220 377 258 675 1214 377 1218 1211 1219 377 1213 368 1214 1225 1214 1215 1216 1217 675 1215 1220 1214 1214 1220 1218 560 84 20 1060 101 1220 1215 125 1226 852 64 1211 125 830 30 1218 1222 368 66 379 1214 125 1222 13 1214 375 600 653 28 1223 1213 1222
66 1229 913 913 913 1229 1229 913 1229 1230 913 1229 913 1229 913 1229 169 1231 169 1235 1229 913 1229 913 1229 1234 913 1229 913 1229 913 1229 1229 169 52 913 1229 913 913 1229 913 1229 913 1229 913 1229 913 1229 913 1229 1229 913 913 1233 913 1229 1229 913 913 1229 913 1229 913 1229 913 1229 1229 913 1229 1235 1229 913 1229 913 913 1229 913 1229 1232 1229 913 913 1235 913 1236 204 1229 913 913 1229 1232 1232 913 1229 913 1230 771 1233 913 1229 913 1229 913
67 418 1241 1239 125 59 936 65 45 220 540 1245 135 140 798 1239 1238 1239 1238 1239 47 59 125 1242 1243 1244 1240 59 125 1244 1242 798 142 143 140 1246 1247 1079 1079 1254 783 659 134 1245 135 659 659 659 134 659 659 1251 1252 1253 659 1255 1255 134 976 1245 1079 1248 659 134 1249 89 1245 59 1156 1250 659 134 1156 1237 20 134 71 1256
68 1257 1257 1257 1257 1257 1265 663 1258 1257 1257 1259 1261 1265 1266 1267 1257 1257 1257 1257 1260 1258 1257 1257 1261 1258 1257 1257 1258 154 1262 338 154 1257 1257 1259 1267 1265 1267 1266 1260 1262 1257 1257 1259 1267 1265 1266 1261 1257 1257 1257 1 1257 1259 1261 1260 1257 1257 1259 1261 1257 1257 1257 1259 1260 1258 1257 1257 1257 1262 1257 1257 1265 1261 1260 1257 1257 1257 1257 1259 1258 1260 1257 1257 1259 1260 1258 1257 1257 1265 1267 1258 1260 1257 1267 1257 1257 1257 1259 1261 1260 1262 1261 1257 1257 1263 1263 1261 1262 1262 1257 1261 1264 1265 1267 1258 1257 1257 1268 1257 1259 1261 1262 1257 1261 1260 1262 1257 1257 1264 1265 1267 1261 1262 1258 1260 1261 1257 1257 1268 1257 828 186 1261 1257 1261 1260 1262 1261 1257 1257 1264 1267 1257 1257 1257 1260 1257 1258 1262 1260 1261 1260 1257 1257 1261 1266 1267 1265 259 1257 1257 1261 1258 1261 1260 1260 1267 1261 1258 1257 1261 1260 1262 1257 1262 1257 1258 1257 1257 1264 1267 1265 334 1261 1258 1257 1265 1267 1257 1257 1257 1257 1257 1259 1260 1257 1257 1257 1257 1257 1257 1257 1257 1257 1257 1257 1264 1266 1262 1264 1265 1257 1264 1257 1264 1267 1265 1257 1268 1264 334 1266 1257 1264 1264 1267 1265 1257 1265 1261 1257 1257 1257 1257 1257 1257 1261 1267 1264 1257 1257 664 1264 1267 1265 1257 1265 1267 1265
69 49 49 48 689 1270 47 689 47 1269 47 49 1269 49 1270 48 49 1269 49 47 689 48 1270 45 49 689 47 49 47 1270 49 47 1279 1295 1269 47 689 47 49 1269 49 47 655 689 49 1269 49 1269 689 49 1270 48 47 137 1269 49 47 689 49 1283 1270 691 49 49 49 1269 1270 1279 1270 49 49 49 49 1270 1282 85 1282 47 1270 49 49 1270 49 1270 1294 49 775 1280 49 49 552 1297 1270 49 470 1190 499 1269 49 47 1289 47 655 49 1270 47 1270 47 49 1269 47 49 47 1270 49 1270 47 49 49 47 499 47 1270 1280 47 1270 47 49 499 47 1270 49 1270 47 47 49 1287 49 47 49 47 499 47 1288 49 1280 47 1280 1270 49 1269 49 47 1270 499 1270 49 49 499 1270 191 1270 49 1270 1151 1271 1288 165 1277 165 1292 191 1292 165 1271 165 1272 191 1272 1291 1292 1274 165 1292 1151 177 1272 1272 1274 165 1214 1272 1273 1273 1271 1272 165 1273 362 362 1274 165 1214 1273 1272 1274 165 1214 1214 1273 1271 1274 165 1273 1290 1214 1273 1271 1272 1274 1271 1214 1271 1277 1272 1274 455 1273 1214 1273 1271 1272 1274 165 1273 1214 1214 1273 1271 1274 1214 1272 165 1273 1273 1273 1214 1214 1273 1271 1273 1271 1277 1272 1274 1214 1214 1271 1272 1282 1214 1293 1273 1272 1271 1281 165 1273 1214 1214 1273 192 1271 1273 1214 1277 192 1273 1214 1214 1273 1284 1274 1272 1277 1274 1271 1273 1214 1273 1271 1274 1272 1277 1272 1274 1271 1273 1214 1214 67 1214 1214 165 1271 1274 1277 165 1214 1274 1277 1272 1274 1271 1273 1214 1214 1273 1271 1272 1272 165 1277 1214 1271 1272 1272 1274 165 1273 1214 1273 165 1274 1277 1273 1272 1272 1271 165 1273 1273 1276 1290 1214 1277 1214 165 1272 1277 1274 1271 165 1273 1274 1271 1285 165 1274 165 1214 1273 1271 1274 1272 1277 1275 1273 1298 1273 1274 1214 1273 1274 1272 1277 1272 1274 1271 1286 1214 1214 1273 1272 1277 1272 1274 1271 165 1273 1273 1274 1271 1272 1272 1214 1272 1277 1274 165 1273 1214 1273 1271 1277 1272 1271 165 1273 1214 1276 1273 1214 1273 1271 1277 1274 1271 165 1214 1272 572 1274 1271 165 1273 1285 1273 1214 1276 1276 1214 1273 1214 1275 1214 1276 1214 1273 1275 1276 1273 1275 1273 1214 1276 1276 1271 1274 1277 1278 1274 165 1273 1276 1214 1214 1276 1214 1273 1276 1273 1214 1273 1275 1273 1276 1273 1296 1214 1214 1273 1275 1275 1214 1276 1273 1276
70 375 966 1015 1303 1301 1301 1300 1304 1301 375 411 1306 375 375 375 1301 1307 375 375 375 1301 1301 375 375 375 67 375 375 1299 1300 1301 1302 375 375 375 947 375 1300 1299 1166 1305 375 1090 1301 1090 267 375 1300 1301 375 375 1303 1301 375 1305 375 375 169 1299 1300 67 1302 305 375 375 169 375 1166 375 1301 868 1301 375 1307 375 1299 1300 375 1303 1301 375 1305 1015 375 375 1301 1015 169 169 1301 375 1300 375 375 375 1305 375 67 375 1299 375 375 1303 1301 375 169 947 1302 119 1305 1299 1308 375 375 1305 768 375 375 476 169
71 1309 1309 863 1309 1309 1309 680 1309 1309 1309 706 1309 1309 1309 1309 1309 863 1309 1309 1309 244 244 1309 863 1309 1309 1309 1310 1309 1309 1309 863 1309 1309 1309 1309 1309 1309 1309 863 1309 1309 1309 1309 1309 1309 1309 1309 1309 1309 1309 1309 1309 1309 1309 863 1309 1309 267 1309 863 1309 1309 1309 1311 1309 1309 1309 1309 1309 1309 1309 1309 863 1309 1309 1309 1309 1309 1309 1309 1309 1309 1309 1309
72 1313 1312 1312 1313 111 1313 1313 1313 749 1313 550 1313 30 1313 1318 1006 1023 1313 606 1315 1312 1312 1158 1312 1313 1312 1313 1312 1313 1314 1313 1319 1313 111 1313 1312 1313 1312 1313 1312 1312 1315 1312 1313 114 1313 1313 1316 1313 1313 1312 1312 1316 1313 1312 550 1313 1322 1323 1313 1312 1312 1313 1313 1315 1312 279 205 1313 1313 1313 1312 1317 337 550 1326 1313 1315 1312 1312 1313 1312 1313 1312 1313 1315 1312 1312 1313 1312 1207 679 671 1312 1163 747 1316 1313 1324 710 1313 1315 1312 830 1325 1313 1315 1312 1313 1313 1321 1313 606 1316 1315 1312 1313 1315 1312 1312 1313 1312 1313 1313 1316 1312 1312 1312 1320 606 1313 575 1313 1315 1312 1312 1312 1312 1316 1313 1315 1312 1312 1313 1316 1313 1316 1315 1312 1315 1312 1312 1316 1313 1315 1312 1313 1312
73 1328 1328 1327 1327 1331 22 1327 1328 1327 1328 1331 1328 1331 1331 1327 1328 1331 1328 1331 583 1327 659 1319 1328 1327 1333 1328 1328 1327 1208 1328 1328 1327 1328 1331 1332 577 1327 650 1331 1328 1328 1331 1327 1328 677 310 659 1331 1327 1327 659 659 1327 1327 1329 1330 1329 1331 1329 1329 1329 1331 1327 1329 1327 1327 1329 1329 1329 433 366 1329 1331 1331 125 1329 171 1329 1208 1327
74 1334 1334 1334 1326 1326 1326 1334 1162 556 1334 1326 1334 1334 1334 1326 1334 1334 1326 1334 1334 1334 1334 594 1335 1334 1335 1334 1334 1326 1335 1334 1334 1334 1335 1334 1334 1334 1335 1326 1335 599 1326 1335 1335 1335 1335 1326 1326 18 1335 1335 1162 1334 1334 1335 1335 1326 1335 1335 1335 1334 1335 1326 1326 1335 1335 1326 1335 1334 1326 1335 1326 1326 1335 1335 1334 1335 1326 1335 1326 1334 1335 1334 1335 556 1326 1326 1334 1326 1326 1334 1326 1326 1326 1326 1326 1326 1326 1326 1326 1336 1326 1326 1121 1334 1334 1326 1326 1326 1326 1336 1326 1326 1326 1326 1334 1326
75 1340 952 1340 99 1339 1339 832 1056 582 1339 832 832 1338 832 1339 1339 1338 1338 832 1337 1338 1337 30 1023 1337 1337 1337 832 1337 337 832 1337 1337 1337 505 832 1337 1339 1339 1338 1338 337 1009 1337 1337 1337 832 1337 1338 1337 337 1338 832 1341 1338 1339 1129 1338 851 445 1339 1338 1344 882 1343 1338 1340 1339 1338 832 1342 14 1337 1 832 1109 1338
76 1345 1345 1345 254 1345 1345 1347 1345 1350 1345 1104 1345 1345 254 552 1345 1347 1347 1345 1345 1345 1345 1345 1347 1345 1345 1347 1347 1345 254 473 1347 1345 1347 1347 1345 597 775 47 1347 1345 1349 1348 1345 1345 1345 1347 1345 1345 1345 1345 1345 1345 186 1345 1347 1345 1245 518 1347 1345 1349 1345 1345 1345 1345 1345 254 50 1345 1345 1345 1345 1345 1347 1347 1345 1345 1347 1345 1347 1347 1345 1345 1345 1345 1345 455 1345 1347 1345 1347 1346 1172 1347 1345 1345 1345 1347
77 260 1359 1151 392 737 363 1310 1356 967 1353 796 863 1095 1351 1357 1358 67 236 1355 962 155 1351 1352 360 1032 456 1351 1084 967 1124 1 892 1351 1351 357 389 1354 67 366 447 169 447
78 1020 1368 1360 101 122 101 1361 1361 1361 1361 1361 552 1361 1361 1361 101 101 1361 1361 101 1361 101 887 101 67 1367 1361 169 101 101 1361 101 1361 101 101 1361 1360 101 101 1363 1361 101 1361 101 101 1361 101 727 101 101 101 402 1366 1361 101 455 101 101 1361 1361 1361 1361 101 1363 101 1361 101 1361 101 101 1364 101 240 101 1365 25 101 101 101 1361 1363 1362 1361 101 1363 1361 101 101 1361 1272 1361 1272 1361
79 1379 77 1 1 77 169 1369 1376 1369 1374 1369 227 169 674 583 1 77 417 955 106 1369 1371 1372 1369 1371 169 1378 1369 1371 1369 694 1369 1371 1369 807 1371 91 11 237 11 91 341 1369 1371 341 11 1377 1 417 402 694 1369 1371 1371 1136 1371 1 232 1371 1369 1373 759 227 1369 1372 402 1369 1372 1375 393 1379 1 11 91 1 417 1371 1369 1369 1369 1371 1369 1371 365 1370 686 1371 77 1371 1369 1369
80 1381 1381 67 1380 1085 1381 1380 1381 556 62 125 1381 210 1381 1381 67 1381 1381 1381 67 1380 305 1381 1381 67 1380 67 1381 1381 67 1 1 67 1381 1383 1381 1380 305 1381 1383 1381 1380 305 1381 1383 1381 1381 1382 392 114 1381 1381 305 1380 1381 305 1381 1381 1380 873 1381 1383 1381 67 67 1381 1381 67 1381 1394 300 1384 1385 552 759 1395 1385 67 172 1381 1381 11 11 1381 1381 67 1380 1381 67 1380 67 1381 1381 1380 1380 1381 1380 305 67 1381 377 253 1381 1384 1396 1381 1381 1381 1381 1381 1381 1381 67 1381 1381 1380 305 1381 1381 305 172 1381 1381 1381 203 114 1320 1381 1380 1381 1381 1381 67 1380 1381 1381 1381 305 305 1381 1381 1380 305 1381 67 1380 1384 1385 184 1381 1320 114 1381 1381 1380 1381 1381 1386 1381 114 1381 1381 1 1381 1381 305 1380 1381 1383 1381 1320 1391 433 1381 1381 1380 67 1381 62 1381 1381 1389 1381 1381 1380 1380 1381 1380 873 253 1381 892 1381 1387 1381 319 101 1319 830 114 1381 1383 1381 1381 1381 1 77 1381 1381 1380 184 1381 1380 738 1397 1397 305 1381 1381 1387 268 1381 1133 830 114 1381 1381 1383 1401 67 1381 67 67 1381 1381 1381 1380 305 67 1380 1381 1383 67 1380 305 1381 1388 622 1381 72 67 1381 1382 1383 1390 1381 317 1382 1381 114 1320 67 1381 1381 1382 1383 1381 1 1381 208 783 1382 1382 1381 1381 1383 67 305 1380 1382 1382 1383 1381 527 1382 1383 1380 305 873 1156 1381 1382 1381 67 1381 1381 67 1381 1381 1381 172 1383 1385 293 1399 256 1381 1382 1383 873 1380 1392 1381 1382 1400 1381 67 1381 1381 67 1381 1380 1381 1382 1393 1381 1380 305 1381 1381 1380 305 67 1381 1382 1381 1383 1320 67 119 873 1381 1381 1381 305 1380 1381 1383 1381 417 11 91 1383 1057 1380 1381 1398
81 1405 1402 1402 1402 1402 1402 1402 1402 1402 1402 905 1407 1402 1402 1402 1402 1402 1405 1402 1402 1402 1402 1407 1407 1407 905 1402 1407 1402 1402 1402 1407 1407 905 1407 1402 1410 1402 905 1402 1402 905 905 1402 905 1402 1407 905 367 1402 1407 1402 1407 1402 367 1402 905 1406 905 1402 1407 1404 367 1408 367 1408 1404 1402 905 1402 367 905 1402 367 1408 1402 367 1404 367 1408 1404 905 905 1410 367 1408 1402 1402 905 362 1402 367 1404 1402 1402 1402 1402 1402 367 1408 1404 1410 1402 1404 1405 367 1408 1404 1402 905 1402 1403 1402 1402 1408 1402 1402 367 1408 1404 905 1410 367 1408 1404 1402 1402 157 1402 367 1408 1404 1402 1402 1408 1402 1402 905 1402 1402 1402 367 1402 905 1402 1404 905 1402 1402 367 1404 1402 1410 1402 1408 1403 905 1404 367 1408 905 1402 367 1408 1402 905 1402 1410 1404 1402 1405 1405 1402 367 1405 1406 1404 905 1406 1408 1407 1407 1405 1402 1406 1402 1402 1404 1402 1402 1402 1404 367 1402 1402 905 1409 1405 1402 367 1402 1404 367 1402 905 1405 1408 367 1404 1402 1402 1410 1402 1410 1402 367 1404 1404 1408 1404 367 1408 1404 367 1402 367 1408 1404 1402 1402 1402 1402
82 1411 1411 1414 1411 1412 1413 1411 1411 1411 1412 1411 1411 449 1411 1411 1412 1411 1411 1411 1411 1411 1412 1411 1411 1415 1413 1411 1411 1411 1411 140 1411 1411 1411 1411 1411 1412 1411 1411 1411 1411 1411 1411 1411 1411 1411 1411 1411 1411 1411 1411 1411 1411 1411 1411 1411 1413 1411 1411 1411 106 1411 1412 1411 1411 1412 1411 1412 1411 1412 1412 1411 1412 1411 1413 1411 1411 1411 1411 1413 1411 1411 1411 1411 1411 1411 1411 1411 1412 661 1415 1411 1412 1411 1411 1412 1411 1411 106 1411 1411 1411 1411 1411 1411 1411 1411 1411 1411 1411 449 1411 1411 1411 1412 1411 1411 449 1411 1411
83 1448 1444 315 1471 823 1447 1424 1426 1418 1417 1424 1448 1425 1448 315 1462 1463 1463 1462 22 1454 1455 1424 1419 1444 1448 1422 1421 1453 315 823 1454 1455 1454 1455 1471 1424 1443 315 1444 1429 1444 1448 1455 1455 1473 1418 1417 1442 1424 1425 315 1447 1422 1442 315 823 1454 1424 1442 1427 1417 1448 1418 1417 1416 1117 823 1454 1455 1454 1455 1455 1447 1426 1418 1417 1419 1421 1448 1425 1444 1429 1422 1419 1423 1447 1417 1448 1425 1444 1455 1427 1453 1417 1429 1420 1442 1445 1422 1423 1416 1416 1417 1418 1419 1420 1418 1422 1443 1416 1464 448 1455 1455 1454 1454 1454 1454 823 1424 1417 1418 1419 1442 1422 1417 47 1418 1418 1421 1422 1423 1417 1424 1418 1425 1417 1426 1001 315 1420 1427 1423 1416 1438 1452 1431 315 1443 1426 1448 1422 1451 1423 1449 1450 1455 1230 1458 1230 1431 1450 1446 1424 1448 1417 1424 1420 1427 1426 13 1431 1446 1419 1424 1447 1420 1443 1419 1418 1426 315 1442 1448 1423 1416 1416 1450 1431 1230 17 1230 1458 1431 1450 13 1421 1422 1447 1424 1420 1443 1417 1449 1432 1431 1433 1458 1432 1230 1431 1461 1230 1432 1431 1458 1450 1431 1449 1418 1422 1442 1423 1424 1443 315 1444 1420 1422 1427 1422 1419 1446 1432 1431 1449 837 1446 1420 1424 1419 1443 1426 1417 315 315 1423 1416 1416 1270 1230 1431 1438 1458 1432 1470 519 1230 1431 1458 1431 1450 1461 1452 1431 1432 1230 1461 1433 835 1450 1230 1436 1461 1433 1438 1424 1420 1426 1417 1418 1424 1448 1419 1423 1424 1419 1443 1447 1426 1418 1425 1422 305 1431 1461 13 1448 1422 1418 1448 1442 1433 1452 1450 1420 1424 1420 1418 1426 315 1445 1424 1420 1429 1417 1433 1431 1137 1432 1450 1431 1433 1461 1446 837 1420 1425 1426 1451 315 1448 1424 1419 1426 1422 1423 1425 1424 1429 1417 1427 1448 13 1429 1426 1468 1469 1452 1433 1432 1461 177 1461 184 1433 1449 1446 837 1426 1420 1429 1419 1443 1426 1417 1452 1433 1433 1449 837 1426 1420 1449 1446 1424 1426 1419 1443 1417 1429 1474 1447 1425 1432 1438 1420 1425 1461 1461 1425 1421 1420 1432 1431 1433 1433 1458 1431 1432 1458 1431 1431 1449 1446 837 1421 1429 1426 1445 1418 315 1424 1425 1449 837 315 1424 1444 1417 1447 1426 1426 1425 1420 1426 1424 1420 1438 1438 1452 1433 837 1420 1421 1445 1431 1452 1449 1446 837 837 1421 1445 1418 1450 1431 837 1433 1450 1431 1438 1137 1433 1438 1429 1418 1424 1421 1426 1417 1460 1423 315 837 1431 1458 1137 837 1421 1421 1442 1418 1425 1432 1438 1452 1433 837 1445 1421 1455 1424 1420 1443 315 1417 1425 1418 1451 315 1425 1433 1449 1446 837 1429 1418 1427 1459 1137 1458 1433 1449 1452 1449 1446 1427 315 1424 1436 1424 1420 1443 837 1137 1433 1438 1459 310 1137 1433 1459 1137 1449 837 1418 315 1427 1443 1137 1459 837 1430 1436 1418 1421 1429 1417 1420 315 1437 1137 1433 1438 13 305 1420 1425 1426 1443 1443 1442 1465 47 581 697 1416 1464 1467 1449 837 1445 1421 1429 1418 1417 1443 315 1419 1448 1444 1423 1433 1458 1459 1431 1449 837 315 1425 1427 1418 1426 1429 1421 1445 1424 1449 1446 837 1424 1429 315 1424 1426 1459 1137 1439 1440 315 1421 1418 1441 1442 1422 1443 1444 1427 1456 1428 1459 1137 1456 1457 1226 1457 1459 1456 362 1434 1428 1226 1226 1428 1434 837 1424 1418 832 1444 315 1418 1424 1443 315 1425 1433 1457 1459 1429 1422 1441 1420 1444 837 1424 1444 315 1451 163 1452 1456 1457 1459 1438 832 1425 1429 1424 1444 1420 315 1445 832 837 1424 1444 1427 1428 1459 1436 1429 315 1443 1438 1433 832 163 1433 1452 1456 1434 1459 1457 1428 1434 1459 1457 1456 1434 1459 837 1420 1443 627 1425 1418 1429 1424 1428 1434 1459 1457 1456 1428 1137 1456 1459 157 727 1433 1457 1428 1434 1459 1433 1456 1457 1425 1422 1429 1472 1452 1428 1424 1420 1444 1137 1444 1428 1429 448 1457 1456 1428 1466 1456 1456 1428 1422 1418 1420 935 1443 1425 1433 1457 1428 1459 837 1447 1425 1422 1418 1429 1424 315 1094 1456 1428 1459 837 1443 1420 1418 1430 1425 1429 1270 1416 1456 1428 1457 1434 1456 1459 1456 1434 1459 1456 1137 1431 1432 1433 1428 1137 1457 1434 1459 1428 835 240 1452 1457 1428 1434 501 315 1456 1428 1459 1456 1428 1457 837 1424 1435 1420 1434 1422 1435 1429 1418 1427 602 1454 1433 1456 1428 1457 1459
84 1476 1476 1476 1475 1480 1477 1476 1476 1476 1480 1477 1475 1480 472 1477 224 1021 1481 269 1475 1476 1475 256 1477 397 1477 1476 1475 1475 1477 473 1475 1477 1475 1477 1476 473 1475 1477 1479 1477 1477 1475 1480 1477 215 1475 1475 863 1480 1477 1475 1475 1477 1475 1480 1475 473 1476 1144 1477 1475 1477 863 1478 1475 472 1144
85 238 228 2 85 120 238 286 1483 1483 1483 1483 1483 1483 120 1483 1483 613 413 1266 1487 1282 184 1486 165 1482 1482 391 1482 455 962 1482 1481 1482 1482 238 473 11 73 999 779 1482 109 1484 1482 1485 1482 1482 1266 11 1482
86 377 1492 1498 402 104 256 258 1029 455 442 470 67 305 1493 474 252 1489 829 1489 1489 1491 1489 1055 1489 1491 1489 1491 1491 1491 1491 88 1491 258 1497 1491 209 10 855 1491 1489 1491 1489 1496 1491 1489 1494 1491 1489 11 712 1489 1490 1495 1489 460 122 1490 1489 1051 1488 284 92 176 952 321
87 1151 1507 1251 1506 1513 305 1505 1251 1251 1503 1510 1503 1505 178 1504 1503 1251 595 1505 595 1251 178 1504 1510 1514 1515 1104 1519 1096 941 169 1504 1251 1499 1500 1501 1502 1503 1504 1499 1267 663 1508 1151 1503 37 1509 1251 254 178 1266 701 314 701 1503 169 805 1505 1518 663 1151 1503 1503 1509 178 1504 1503 1288 1499 1104 1251 254 1511 1504 254 1246 1499 1151 1506 1104 1251 1104 1304 1151 1251 1151 1251 1151 1251 1246 1151 1517 1151 1151 1262 1504 1512 1251 1509 1516 1503 1151 1304 1503 1504 1104 1246 1503 1511 1104 169 1262 1251 1151 1511 1504 1251 1251 1251 1499 1251 1251 612 1104 1251 1251 1262 1151 1510 1104 1510 1511 1251 1104 614 1251 1510 1251 612 1304 1511 1520 1251 612 1503
88 1521 1522 101 456 1524 336 1526 1521 1522 1523 1521 1521 199 991 1521 1521 1521 1521 1469 1521 1348 1521 1023 1521 1521 1521 1389 1023 1521 1521 1522 1521 990 1521 1521 1521 1521 101 1521 1521 1521 1521 1389 1521 1521 1521 1521 1023 1521 789 1032 747 1521 1521 1521 581 1521 1521 1521 1521 1389 1521 1521 122 1521 1521 1521 795 118 1521 1521 1521 1525 1393 1387 1521
89 1533 1540 1318 1527 1527 1528 1541 553 968 1539 1541 1553 1527 1540 1533 1540 1533 1527 1540 1561 1533 608 1533 1529 73 1541 584 950 582 1541 1546 1533 1528 1533 1540 1553 1528 1527 1539 1541 1543 1539 584 1543 527 1554 1554 1541 1533 1527 1527 1527 1530 1541 1541 1543 1533 1527 1533 1540 1527 1528 1549 1550 1541 584 34 1527 1540 1527 1527 1540 1527 1540 1533 1553 1536 1089 1551 862 1539 34 1073 315 1498 812 1539 1084 392 87 1557 377 1527 1533 1528 1540 1555 1553 1541 1528 1532 1528 1527 11 1527 1540 584 1533 1534 1552 1188 1539 378 1543 707 1536 1399 259 290 1527 1533 584 1533 1 1 1533 315 1527 1533 1353 631 1399 991 631 1543 991 932 1547 1528 1534 1533 1534 1553 1533 1437 1527 1534 1561 1533 1437 1534 1528 84 1538 1539 1543 1547 656 801 73 1539 631 34 1548 1556 1539 631 384 584 656 1528 1534 631 1528 1527 1533 1531 1532 1533 1534 631 584 290 104 1539 1534 1437 1527 1533 1528 1437 829 1527 1528 1534 1533 1437 1527 1533 1543 362 1226 1531 1437 1534 999 1542 1547 1533 1539 1547 1527 1533 1534 1528 1533 1280 1539 1533 1534 631 1390 1 1527 1539 1366 1544 582 1545 631 1190 282 1553 1527 1533 1547 1527 1534 1527 1533 1527 1534 1546 631 1399 810 631 950 656 1527 1533 1527 1547 233 1533 1213 1543 803 1535 1555 1 1527 1533 1527 1533 631 73 1543 631 1559 1531 1533 608 1437 1537 1538 99 1005 631 1106 1437 1439 1527 1533 1534 527 1533 1547 315 282 1543 1527 1533 1560 1527 1527 1558 1538 1528 294 1527 1533 584 73 515 282 379 379 1547 1542 1534 1437 1533 1527 1547 1533 1535 1527 171 294 631 1543 282 1527 1533 1527 1528 1533 1555 1555 584 1527 1533 1437 1536 1547 1527 1533 1534 1527 1547 1533 584
90 1566 1562 1392 1566 1562 210 1562 202 763 1563 1566 1562 1562 1566 1562 1569 911 1566 1570 1562 1562 911 1566 911 1569 1562 1562 1568 1562 1563 1565 911 1566 1566 1571 1566 911 1566 1566 1562 200 202 1562 1566 1562 1563 1566 1562 1566 1562 1563 1566 1566 1562 1562 1566 1566 1566 1569 1566 1568 1566 202 1566 1569 1566 1574 1566 1562 1562 200 1566 1566 1566 911 1569 1562 1562 1566 1562 200 1562 1563 1566 1572 1566 1566 1566 1566 1571 1566 1566 1566 1562 1566 893 1562 1563 1562 1562 1562 1562 1562 1566 1566 1562 1562 1563 1566 1567 1562 1566 1566 1573 1566 67 527 1566 1562 1562 1563 1562 1566 1569 1562 1566 1562 1566 1566 326 1566 1562 1562 1562 1566 1562 1569 1562 1563 101 1566 1569 200 1562 1562 1569 1566 1562 67 1566 1566 1562 1564 1526 1562 1564 1566 1566 200 1562 1562 1566 1562 1563 1562 1562 1566 1566 1566 1562
91 87 52 1575 1579 710 591 1575 1575 1585 1575 559 1580 258 1576 1401 1575 559 121 1319 1575 1575 330 1575 1577 1575 1094 67 1575 830 64 205 52 11 1575 1319 1056 1575 1584 621 1166 100 326 23 1581 1582 52 1131 1578 600 1583 1575 73 254 268 322 613 71 210 305
92 31 1586 45 1598 530 1599 1590 1590 459 1590 1323 99 1552 1597 1590 1600 1588 1587 1588 1587 954 1587 1588 1587 1595 1588 1587 1592 1042 31 1588 1587 1588 1592 1587 1588 1587 1592 1588 1587 101 1588 1587 1588 1587 1588 1587 1590 1588 1587 1592 1587 1587 169 1588 1587 1592 1588 1587 1588 1587 1590 1587 951 1590 1588 1587 951 1588 1587 1588 1587 1592 169 299 1591 1587 951 1588 1587 1587 1590 1588 1587 1588 164 1590 1588 1590 951 1588 1588 1587 1593 1590 1588 1588 1587 1587 1593 1588 532 1588 951 1587 47 1589 1587 176 1587 1590 1587 1593 1548 1588 1589 1589 1590 1593 1587 1587 11 1593 1590 1590 1393 1587 1587 951 1589 1587 1587 1587 1587 1587 1587 1587 1587 1593 1587 772 1587 951 1587 951 1593 1589 30 1587 1595 1589 1587 1587 1060 1594 1060 1145 1593 1589 1587 951 1593 1587 1590 951 1590 1589 1249 1587 1587 1589 951 1590 1595 951 1596 1590 1587 1587 1589 1587 1590 1590 1587 1591 1590 1590 1590 1587 1589 1587
93 752 169 1605 169 1605 1602 125 125 169 1604 1602 1604 1602 1602 393 1603 1604 1602 1603 393 1603 393 1603 393 1604 1602 1603 1603 393 1602 1604 1606 1602 1604 1359 1602 1603 1604 1604 1602 125 1601 353 380 1602 1604 1604 1603 1604 1602 1604 1602 1603 1603 1602 1602 1603 393 1602 1602
94 1607 1607 1607 1612 1607 1612 1620 1607 1607 1612 1607 1607 1607 1607 1607 1607 1607 1624 1624 1624 1607 1607 1607 1607 1620 777 919 1607 1607 1607 1612 1607 1607 1607 1607 1607 347 1607 137 1626 169 1607 1618 169 169 1612 1607 1618 1619 1620 1607 1607 1620 1607 1607 1607 169 1618 1607 1619 1627 169 1607 1618 1607 1607 1607 1607 550 1610 1609 589 1615 1610 550 1612 1607 1607 550 1610 1614 1613 337 147 987 1609 1615 1608 337 832 987 1613 1607 1610 1609 832 550 1610 1607 1607 1607 1620 1607 1620 1607 1607 550 1610 1617 1613 1609 1615 589 1615 1609 1607 1609 589 1615 832 1609 1615 1607 1612 1607 1607 1617 1608 832 550 1610 1617 1614 1613 1607 1610 1617 1615 1609 589 1609 1615 1608 832 1610 1611 1607 1617 1613 987 589 1615 1609 1608 1610 1613 832 1608 589 1609 1615 832 987 1620 1607 1612 1607 1620 1607 1607 1610 1611 1617 147 987 1338 1621 1622 832 1615 1609 589 1608 1607 1610 1611 1613 987 1338 832 1608 1609 589 1615 1608 832 987 1613 550 1620 1607 1607 1618 1615 1609 589 1608 832 834 1282 177 910 1607 1607 1611 1617 1614 987 1338 337 832 1609 1615 1607 1612 1607 1620 1607 1610 1611 337 987 1609 1615 1607 1610 1611 1609 1615 1607 1607 1607 1615 1607 1610 1611 1615 1609 589 1608 832 1610 1611 550 1607 310 310 1611 1610 1609 1615 59 1610 1607 1607 1611 1609 1607 1607 1620 1607 460 1607 1612 1607 1620 1607 550 1609 1615 1608 832 1610 1607 1610 1611 1609 1615 589 1607 1611 1610 589 1614 589 1615 1616 832 987 1613 148 1486 1107 211 1612 1607 1607 1611 1607 1607 987 337 1609 1615 1608 832 1607 1607 987 832 1609 1615 1609 1615 147 1617 1610 1611 1607 907 1607 1607 1607 1607 1610 1613 1608 1609 1607 1611 1610 1613 1622 1608 1609 1615 1607 828 828 1611 1610 1608 1609 1615 1610 1611 1607 1611 1610 1609 987 1611 1607 1611 1610 832 1609 1615 1607 1607 1610 832 1608 832 1610 1611 1607 1620 907 1610 987 832 1608 832 1610 1611 1610 1615 1607 1611 1610 1607 832 1608 1608 832 337 1613 1611 1617 832 832 987 1609 1615 1608 832 987 1613 1611 1612 1612 1607 987 1613 987 1615 1610 1611 1607 1611 1610 147 832 1607 1607 1607 1607 1607 832 337 1613 1611 1607 1610 1611 1607 1611 1607 803 1612 1607 1607 589 1608 832 1610 1611 1607 1610 987 1613 1610 147 832 1625 1612 1608 1609 832 987 1613 1611 1607 147 589 832 987 1610 987 1608 1620 240 1612 1611 1608 987 1610 1611 1610 1607 1611 1609 1608 832 1607 1610 1610 1607 1607 1610 1608 832 987 1613 1607 907 1607 169 1612 1607 1607 1610 337 1610 1611 1623 1609 1615 589 1607 1611 1609 1615 1623 1610 1607 1607 359 1611 832 1615 589 1608 832 987 1613 1607 589 1613 1610 1607 1611 1610 1609 589 1608 1611 1612 1607 1607 1611 1615 1608 832 1611 169 1250 138 832 1607
95 1628 1628 1628 1628 1628 481 1628 478 377 103 1628 1628 377 103 1628 138 478 377 1628 393 1628 103 1628 103 377 103 937 1628 377 45 1628 103 377 1067 103 377 937 1628 377 103 937 1628 103 1628 937 377 1630 1628 377 103 1628 478 103 937 1630 377 1628 1628 103 937 377 1628 377 103 937 1628 1628 1628 103 937 1631 1628 377 103 937 1628 103 937 377 1630 1628 45 1349 1628 937 377 103 1628 1628 937 103 377 1630 1628 937 377 103 1628 1628 937 1628 1628 103 377 103 377 1628 103 937 377 1628 1628 377 1628 777 103 937 1628 103 1628 1628 103 937 377 1628 103 937 1628 377 103 937 1628 1628 1628 103 937 377 1628 103 377 103 937 377 1628 103 937 377 1628 377 103 103 937 377 1628 103 937 1628 103 377 1628 1628 103 377 103 937 377 1628 103 937 377 103 937 937 377 383 103 937 377 103 937 937 377 326 1629
96 1632 1633 1632 1633 586 1637 1633 1632 1633 1632 1633 1632 1633 1632 1633 1633 1632 1633 1632 1638 1633 1632 1632 1633 1633 1633 1632 1633 1633 1632 1635 1633 1632 1633 1632 1636 1633 1632 1633 1632 1634 1633 1632 1633 1636 1639 129 1639 1640 1641 1633 711 1632 1633 1632 310 45 1633 1124 1633 1633 1632 1633 134 453
97 105 105 378 258 1643 1324 942 861 260 222 1631 105 250 937 105 1647 105 105 1509 241 1645 552 58 1286 241 1642 205 1599 1323 1011 1644 1644 1507 1646
98 1648 1649 1107 1658 1659 1650 1651 430 1661 1650 1651 1655 1649 1648 1649 1648 494 1650 1651 1650 1651 1650 1651 1648 1649 1651 1649 1648 1652 428 1661 1655 1650 1651 1648 1649 1648 1649 1648 1649 1650 1651 1649 1661 1651 1661 1649 1648 1649 1648 1650 1651 1648 1649 1650 1648 1649 1648 1649 1650 1651 1230 1661 465 1230 169 47 499 169 465 1661 1650 259 1648 1649 1650 1651 1661 1135 311 1649 1648 1649 1648 1648 1649 1650 1651 1651 1650 1648 1649 1650 1651 1649 1648 1649 1648 1649 1650 1651 1649 1648 1650 1650 1650 1651 1649 1648 1651 1661 1649 1648 1649 1648 1651 1649 1650 1649 1649 1648 1650 1651 1649 1648 1652 1661 1649 1648 1648 1649 1648 1649 1648 1650 1650 1651 1648 1649 1648 1649 802 329 1653 1649 1662 1650 1651 1653 1648 802 1653 1648 1650 1653 1648 1650 1651 1649 1653 1050 1653 1649 1653 1649 1648 1666 1653 1648 1649 1649 1648 643 1650 1651 1650 1651 362 1650 1226 1661 1661 1650 1656 1653 1648 1648 1653 1653 1649 1661 1653 1648 1653 1649 1650 1651 1653 1649 435 1651 1655 1657 1649 1653 1648 1651 1650 1651 1648 1665 1651 1650 1655 1649 1653 1648 1649 1653 1648 1649 1653 1648 1654 1660 802 329 1648 1050 1649 1648 1648 1649 1653 1648 1652 230 1653 1649 1651 1650 1649 1653 1649 1653 1651 1650 1649 47 978 887 402 1652 1648 1650 1651 1649 1650 1651 1648 726 1663 1650 1651 1649 1652 1650 1653 1648 1653 1649 1655 802 1650 777 501 621 1270 655 978 402 887 70 1190 1651 1648 1649 1651 1650 1660 1650 435 489 1649 1653 1653 1648 494 1650 1650 1650 1651 1653 1651 1653 1648 1050 1653 1649 1648 1650 1651 1649 1651 1648 1653 1664 1649 1648 1648 1649 1652 1649 1649 1648 1653 1649 1648 1650 1649 1653 1652 1661 1649 429 1650 1050 1655 1649 1653 1649 1650 1652 1651 1653 1653 1650 1650 1651 1050
99 1672 1667 1585 1669 1676 1674 1670 1585 1670 1674 1674 1669 1670 1675 1672 1585 1670 1585 1668 838 1669 1670 1675 1669 1674 1675 1674 1674 1669 1675 705 1669 1674 1672 1673 1679 1585 1336 1674 1669 1670 1671 1585 1674 1676 1670 1674 1674 583 1676 1670 1585 1674 1669 1675 1676 1670 1671 1672 1673 1672 1669 1674 1670 1675 1676 1672 1585 1671 1672 1585 1673 1674 1669 1670 1675 1678 1672 1673 2 1674 1672 1673 1669 1674 591 1401 1672 1673 1585 1585 1669 1674 1670 1675 1673 1676 591 1672 1673 1585 1585 1336 1676 1674 1669 1670 1675 402 1672 1585 1674 1676 1674 1672 1673 1585 1585 1336 1680 1672 1673 1585 87 1674 1676 1674 1676 1672 1673 1672 1673 1673 1674 1676 11 1585 1585 999 1585 1585 1672 1676 826 1585 1672 1672 1672 1677 1320 1672 1672 87 1672 1585 1672 1672 971
100 1266 517 1685 701 1682 475 1160 25 1681 1681 863 1681 1681 271 1684 1681 685 1681 1681 1681 1681 1681 1681 363 1507 1681 1681 786 1577 967 1681 1681 1681 1 1 701 1681 1182 1 1681 1681 517 1681 517 1681 517 1642 1681 1 1266 1681 1683 701 1681 828
101 1690 357 1598 1512 943 1689 1691 351 986 1593 38 875 943 1071 943 1688 1692 1687 51 45 305 305 305 1692 305 244 325 1213 1686 68 1692 1686 244 383 1686 1686 1693 1686 256 68 1213 1686
102 1060 204 405 548 14 42 714 326 1694 582 1104 405 1581 1006 552 42 975 1557 1695 1696 1057 1544 1368 747 205 306 101 1060 1011 204 1060 204 231 458 1697 324 551 327 825 319 318 559 96 66 1524 196 397 1698 566 546 1051 1181 569
103 1701 1699 1703 1701 1699 1699 1699 1702 1699 1294 1699 1702 709 1699 1702 1225 713 1699 1702 1699 1702 1702 1699 1702 1703 1702 2 1702 1702 1702 1702 1702 1701 1704 1701 1699 1700 1702 1702 738 1702 1701 1699 1702 1701 1701 1699 1702 892 1702 1701 1701 1701 1701 1705 1060 1701
104 432 432 1706 1706 494 1706 1707 929 432 1706 1707 929 1706 550 1706 1706 1712 1706 432 1706 1707 929 1706 1710 1706 1236 1706 1707 1707 259 1706 1707 1706 1707 1666 1707 1707 1707 1706 1706 1709 1706 432 1706 432 1706 929 1706 1706 432 1706 1706 1706 432 1707 1707 432 1707 929 432 1706 1710 1706 1706 1706 432 1707 1706 1706 1706 1706 1707 1707 494 1708 432 1706 1706 1707 1706 432 1706 1706 494 1707 1707 432 494 11 432 1707 402 494 892 1706 1713 432 1707 1707 1711 1706 1706 1706 1706 1707 1706 1706 1050 1706 1706 1706 1706
105 1718 1715 1716 608 810 1718 1043 1715 1718 1714 891 1724 1536 1718 1714 1715 1716 1731 1731 421 1723 1724 1186 63 309 1736 564 1734 1724 1718 1715 1716 1714 882 99 1737 1716 1715 1714 1724 1715 1716 547 1725 293 1728 1356 1729 1730 1724 820 1716 1714 122 1722 775 122 1724 1716 1715 1718 1715 120 1724 1732 1720 1733 1734 1735 1715 1716 1714 1717 564 1726 1727 1714 1724 1716 1715 892 1 1057 708 122 1365 775 1715 1718 1715 1716 1724 122 1365 679 1718 1719 1714 1724 1718 1714 1716 597 1718 1720 319 1721 1714 1714 1716 1715 1718 1724 935 230 230
106 1145 1145 344 358 1581 622 319 217 788 1145 337 1145 1145 1145 698 384 1740 1741 384 1145 344 250 1145 1408 867 358 1038 364 1135 179 1152 147 829 1738 1038 364 1017 179 829 326 810 1572 1739 220 307 1037
107 326 1742 617 1011 617 617 1744 1742 617 1744 617 1742 1742 1746 617 1742 1744 1743 1019 1742 617 1742 1744 617 389 1744 1742 1744 617 1744 1746 1744 1746 1744 1742 1746 1742 1742 1746 1742 617 1742 1742 1744 329 1742 329 1742 1747 1742 617 1742 617 1742 1742 1742 122 1742 1742 1742 581 1744 1742 617 617 1742 1694 617 706 1742 617 617 1742 1745 1744 1742 1742 1744 1742 30 597 1742 1746 1744 1742 1744 1742 1744 1742 1744 1742 1742 1742 1742 1072 1742
108 1749 1750 1092 1749 1749 1748 935 1751 685 1748 1753 1748 1159 1081 1749 1748 1749 97 1070 29 390 1159 379 29 221 1749 1749 1495 1749 207 10 86 305 100 1749 1749 1748 1749 1748 1748 1748 1748 1748 1748 1748 1748 1748 1748 1748 1748 1748 1748 1748 1748 1181 1748 1752 963
109 1755 1118 799 1755 651 87 1117 460 1755 1756 1757 933 1757 1084 1755 1757 1755 1757 933 288 1755 933 532 289 1757 1757 532 1757 532 1757 1757 1757 1757 1755 1757 532 1757 1757 1755 1757 1765 497 1757 1757 1757 1756 1755 532 1757 1761 1118 933 532 1757 532 1 1754 1754 532 532 1754 1763 1763 1763 1754 1531 1754 1754 1758 1754 1754 1764 1755 1754 1401 1759 1754 1754 1762 1754 1354 1754 1755 1755 1754 943 1760 1764 1 1754 14 1754 1755 1755 1754 1755 1755
110 664 1766 1767 1766 1766 1776 1768 1766 1767 1766 1766 1766 1768 1766 1768 1768 1123 385 1768 1771 1768 1766 1766 1766 1516 1516 1766 353 1766 1768 1766 1775 1516 1768 54 664 1768 1768 1777 1766 1766 1766 1768 1766 1766 1766 1767 1769 54 54 1769 1766 1766 1767 1766 1766 286 1768 600 597 1123 1772 1772 1773 1766 1766 1766 1516 1766 1516 1770 1766 402 616 1774 597 1766 1766 597 1766 1766 597 1516 1771 1766 1516 1766 616 106
111 1778 1781 1782 1782 1746 785 1782 1788 1786 1600 744 1782 1787 748 1778 1783 1783 1787 1782 1784 1783 1782 1783 1782 1778 1340 1782 464 1781 1779 1782 1782 1780 1780 1782 470 66 385 1152 26 1779 747 1780 1780 157 1779 1780 1780 1782 785 1780 1779 1780 1782 1780 701 1780 715 70 366 366 1785 1782 1779 501 1780 1779 1779 1782 1782 1782 1032 1782 1782 1780 1780 747 1782 1780 1780 1780 1340 1782 747 1340 171 1789 1506 1782 1780
112 169 125 125 125 1601 338 125 125 1601 182 169 217 418 1738 169 392 125 788 125 1601 397 1579 385 494 1791 344 609 169 169 1408 1406 1410 691 779 859 980 738 96 1406 1408 1790 1790 1792
113 1543 1797 1178 309 268 1543 1797 1543 1165 1797 60 258 286 2 713 1797 268 1797 713 268 114 1797 1798 1797 1798 1343 1797 1178 1797 575 11 1796 377 586 1796 101 1799 18 543 1161 1807 1543 1801 1805 829 783 628 1803 1011 1808 980 1343 1800 783 472 1797 1793 1794 67 628 1797 970 1802 266 1795 1343 1797 707 1804 981 60 1797 1542 106 106 1542 1806 783
114 510 1485 1357 1 11 1351 963 25 1351 1351 1003 209 1351 1102 1351 1351 1811 792 1815 1812 1762 25 215 287 272 1485 1485 1815 1817 1351 838 214 392 106 1814 790 1485 790 1688 1351 1351 11 1812 696 548 252 1813 1816 1351 1809 106 223 215 269 1351 472 971 1351 456 1810 1639 1688 1785 958 1 207 1160 1038 785 528 1485 510 1009 1351 1351 1029 1155 1810
115 1823 1819 1820 256 1579 829 1822 1818 1819 1820 1820 1818 1819 1819 1820 1820 1818 1819 1820 1821 385 1820 1820 385 1818 1820 1820 1249 1818 1820 1820 1819 1818 1820 1819 1818 1824 1820 1820 1820 1820 1820 1183 1818 1819 1820 1819 1820 1820 626 1819 1820 1820 1820 1820 1821 1820 1818 250 1819 786 1818 103 1820 1819 1820 1821 1821 1820 1819 1820 1820 1820 1818 1820 1820 1348 1821 787 1820 1820 1820 1821
116 314 854 1825 377 258 1830 1830 268 1786 1735 580 1270 460 1827 1827 1833 1270 1270 1245 1722 1722 1829 1722 1722 1722 1825 1722 1832 1722 1722 1722 1722 353 1722 1722 1722 1722 1826 1722 1831 1825 1245 1828 262
117 1834 1837 1836 1836 1834 1836 1836 1835 1834 1834 1834 1836 1835 1834 1834 1834 1835 1834 1836 1835 1835 1834 1835 1834 1836 1834 1835 1838 1834 1835 1835 1835 1834 1835 1835 1834 1834 1835 514 1834 1834 1836 1834 1834 1836 1836 1834 1836 1836 1834 1835 1834 1836 1834 1834 1835 1834 169 1834 1834 1834 1834 1839 1839 1834 1835 1834 1834 1840
118 165 1841 1841 1847 165 70 1841 402 1841 1847 1847 165 70 1841 1841 1847 1854 1841 1841 1841 1841 1841 305 402 402 289 1841 1847 305 1854 1841 1847 402 1841 47 1842 1841 1841 1842 70 1841 1841 1841 1842 1841 1854 970 1841 305 47 47 1842 689 70 305 1287 526 560 1133 70 1854 1854 1854 56 288 1842 689 48 305 70 288 1842 288 288 1844 288 288 1704 288 288 48 1847 48 1846 1844 288 288 1853 288 288 66 1847 1842 1844 1133 305 70 1848 288 560 402 1856 1842 1 1 1844 305 48 1852 1842 288 470 1842 1854 288 1842 1852 600 1852 1847 305 1212 1212 1851 1852 288 1842 1844 70 1043 70 1844 1847 526 1849 288 1858 1844 1842 1842 1842 1 305 1844 165 1845 1846 1849 1850 689 83 83 1842 45 66 526 1849 615 1849 1857 288 30 1844 1579 1844 1844 18 305 826 826 1860 1842 103 1854 1775 1388 70 47 1855 1850 1775 288 18 288 1388 70 1859 1528 305 1842 1237 521 1727 47 70 84 1388 84 70 1388 1775 288 1775 1842 288 305 1775 1 1 70 258 1388 84 70 70 1496 1843 1388 84 1855 1496 1095 1843 1842 66 66 70 47 1842 1 689
119 1862 1882 942 1877 1876 1862 1861 129 1863 1864 161 22 1869 1869 1861 1862 161 1863 1864 1862 1869 397 398 1861 1862 129 161 1863 1864 1861 1862 161 1863 1864 1833 1869 1876 1877 145 1864 1862 1861 361 1866 1869 1861 1862 1862 129 161 1864 129 1863 1864 1281 1865 1861 1862 129 161 1863 1864 145 1281 1865 1861 1866 1863 1281 1877 129 1864 1281 1865 1862 1861 1866 1861 1869 1862 129 161 1864 1281 1861 1862 129 161 1864 1861 1862 1863 1864 145 1281 1861 1862 129 1867 161 1863 1864 1861 1862 1863 161 1867 1868 1876 1876 1877 1869 1861 1862 1867 161 1863 1864 1281 1861 1861 54 1861 1862 129 1867 161 1863 1281 1865 1861 1861 1875 1862 129 1863 1864 1869 1875 1862 1867 1863 1864 145 1861 1875 161 1863 1864 1861 161 1863 1864 129 1862 1861 1861 1864 145 1877 1606 1861 519 1866 577 1861 1867 129 357 1863 1864 145 1281 1865 1868 1862 1869 1861 1869 1875 1862 1867 129 161 1864 145 1861 1869 1875 129 1598 1864 145 1281 1862 161 1863 1864 165 151 1862 161 1864 1863 1861 1861 1867 1869 1875 1862 1867 129 161 1864 1863 1861 1869 1862 161 1863 1864 145 1281 1865 1880 1881 1868 1862 1861 1861 1861 1876 1877 1869 1869 161 129 1833 1862 1861 1862 962 1861 1866 165 1862 1861 18 1861 145 1867 129 1875 1867 161 1863 145 1828 1862 161 1863 1864 1861 129 1863 1864 1864 1861 736 955 1861 1861 1875 1862 129 1867 129 1598 161 1863 1869 1861 1875 1862 1867 1863 1861 1875 1862 1867 129 1864 1863 145 1862 962 1861 1863 1864 1875 1861 1862 125 600 310 1861 89 1861 1875 1862 962 962 1861 962 155 1861 626 1875 1873 1862 1869 1870 145 1866 1861 145 1864 1861 1869 1870 353 1861 1861 1570 1861 1863 1864 1862 145 1863 918 1862 1281 145 1862 1861 1869 1870 1863 1864 893 1862 1864 1862 1863 1864 1861 1864 356 353 1871 1871 1880 779 1880 1866 1866 1871 1286 1746 697 145 1863 1871 165 1878 1871 1863 1871 357 1871 1871 1866 1874 501 165 715 1286 165 1863 1871 1864 336 626 1872 1871 1871 1867 1880 1879 1871
120 1507 87 1868 1884 1887 1883 1883 1883 1887 1883 1884 1885 1883 1887 1884 1883 1884 1887 1883 1887 1883 1887 1883 1879 455 246 1507 1862 1884 1883 1887 1885 1885 1883 1507 246 455 1884 1887 1870 1507 246 87 1274 1884 1883 1883 481 481 1883 1884 1884 1887 1883 1884 1507 246 1883 1885 1883 1887 1883 1883 1870 1889 1883 1883 1884 1883 1883 1884 1885 1883 455 169 455 1274 1883 1883 1884 1883 1884 1883 1885 1883 1884 1885 1886 1884 1884 1883 1888 583 583 1884 1888 1883 1887 1888 1883 1884 246 1274 1884 1884 1883 1507 246 1883 1507 1884 1885 246 246 1884 1883 1883 1884 1883 1884 1883 1883 1886 246 1884 1886 1883 1870 165 1884 1883 1885 1883 1862 1507 246 1886 1884 1883 1886 17 246 1884 1883 1883 1886 1883 1884 1883 246 1883 1884 1886 1883 1885 1884 1883 1883 1886 1884 1883 1887 1884 1883 1886 246 1884 1883 1883 1885 1883 1281 1884 1883 1886 1883 1885 1884 1883 246 1886 1883 1274 1883 1886 1883 87 1040 1883 1886 1281 1862 1886 1883 1886 1884 1887 1883 1886 259 259 1507 1507 331 346 1886 1883 346 1883 1886 1887 1886 1884 1887 1507 246 246 1884 1883 962 1884 246 1887 1281 246 1887 1886
121 239 15 1795 121 1897 456 526 100 1894 460 748 1892 100 1893 1 1 250 250 216 330 581 1891 1058 1808 1 1827 748 1177 12 1228 1890 468 859 1038 1896 100 1739 1044 1898 804 748 238 238 383 1895 238 238 1891
122 11 1 1901 1899 1899 1900 1899 1899 1900 764 1899 1899 764 1899 67 122 764 1901 764 1899 764 1899 764 1900 1901 1899 1901 764 1900 1901 1899 1901 764 764 1901 1900 764 1899 1901 764 163 1899 409 764 1900 1899 1900 1901 1904 1900 1903 1901 1899 1900 1903 1899 1901 1900 163 1899 1902 1899 1900 1900 163 1899 1899 1900 1899 1900 1899 1903 1899
123 470 470 1905 1287 1905 1287 470 1905 470 1912 1909 1905 1905 470 276 1905 470 1905 470 67 597 1905 1905 276 470 1510 470 1905 1909 470 1905 1905 470 470 1905 1909 1905 470 699 470 1905 276 470 1905 470 470 1905 1908 470 1911 1905 470 597 470 1905 1909 1909 1905 470 1011 1705 1167 470 1905 276 470 1905 470 276 14 1073 618 470 1905 276 470 1905 1909 470 1909 214 470 1905 1910 470 1905 1905 1906 1914 1913 1912 1905 470 1910 1911 1913 1913 169 470 406 470 1905 618 1907 1905 886 470 1905 1907 1905 470 470 1905 470 1905 47 1915 470 1905 1747 1907 1905 1910 616 470 470 1905 470 1905 1513 470 1905 1073 470 1909 470 1905 270 67 1517 1796 1905 1907 470 470 1905 470 1905 470 1909 470 1287 470 1905 1911 276 1909 1913 1 1905 1905 470 1907 554 1905 470 1905 470 971 470 470 1905 1908 1095 67 616 1911 1905 1907 1905 1909 1907 126 470 470 1905 470 1905 470 1905
124 600 600 600 246 600 600 600 211 600 246 600 600 246 600 246 600 47 600 600 600 246 600 246 600 600 246 600 600 552 600 600 246 600 246 600 246 600 600 600 246 600 600 106 246 600 246 246 246 106 246 246 246 246 531 246 246 246 47 246 256 246 246 1074 246 768 402 106 246 246 246 246 246 246 246 106 125 246 230 246 246 246 600 246 6 246 246 106 106 96 246 1011 246 246 1916
125 1917 1919 1917 1918 1917 1830 1830 1301 1830 1918 357 1830 628 1917 1918 1917 1830 1919 1917 1919 1918 1922 1918 1919 1918 1918 1918 1519 1918 1919 1918 1919 1918 1918 1919 1918 1917 124 1919 1919 1917 716 1919 1918 1919 1919 1917 1919 1918 1921 1917 1919 1917 1918 1918 1918 1917 1096 1919 1920 1917 422 1917 1918 1918 1919 1919 1917 1918 1011 99 1919 883 1919 1917 1919 1917 1919 1145 1091 1918 1917 1919 1919 1919 1919 1919 1918 1917 1919 1096 883 125 1919 1919 1919 1917 1918 1918 1919 1918 422 883
126 422 1905 1753 90 464 232 1177 322 1212 1087 1923 1926 1923 1905 232 232 1 232 858 96 232 232 322 1925 1 1 86 1753 1925 232 1 232 70 1923 1924 863 1324 456
127 169 1927 1928 1927 1928 1927 1928 169 1928 1927 169 1927 1928 1928 1927 1928 1927 1928 1928 1928 1928 1743 169 1927 1928 1927 1928 169 1927 1928 1927 1928 1254 1928 1743 1928 1928 169 1928 1931 169 712 1928 1928 1254 1254 1217 1929 1930 1928 1929 169 1254 712 1928 169 169 712 1928 1928 1931 1929 712 1929 1217 169 1254 169 1217 169 1929 169 1928 1217 1930 169 1254 1928
128 1932 1934 1932 1935 1932 1937 855 1932 1932 1932 1932 1932 1932 600 1932 450 1932 1932 1751 1938 460 1932 1932 1932 1932 563 1932 1 1934 1089 81 1939 550 1936 1245 831 1932 1932 1932 450 1932 290 290 943 574 1932 1932 1932 505 1932 1932 563 234 711 1932 1822 89 1932 1765 1932 1787 1368 11 1932 67 1932 67 1932 1556 711 288 563 1940 1368 1934 1 1934 1935 1943 1932 1932 236 362 1932 999 1932 1448 1939 710 1942 1940 1937 1932 1157 1157 1932 1932 339 1935 252 1932 1932 10 1932 1872 1941 67 11 81 1448 126 1932 1787 1872 1933 1 1932 45 1249 830 605 600 106 1
129 47 169 47 305 377 45 392 1944 45 392 268 392 45 377 47 392 67 499 45 1670 52 710 831 392 47 47 357 552 1090 268 392 260 45 305 47 455 305 180 47 1944 305 392 891 1945 268 45 377 1947 67 305 377 730 1944 1944 47 47 1944 293 268 45 1947 1197 831 1947 580 45 392 85 1944 1944 305 377 1947 1944 89 392 1585 392 47 1944 47 305 402 47 305 499 499 169 1946 47 831 1944 305 47 125 47 47 1944 499 831 1398 47 18 1728 47 1944 499 47 47 47 67 47 47 1944 392 552 1395 402 47 377 392 305 47 293 1582
130 1353 638 638 638 5 1734 448 1734 1152 1353 638 448 679 11 1353 651 651 448 638 5 679 448 5 1414 638 1353 319 84 413 638 638 1798 1798 1095 638 1667 101 290 5 1353 638 638 638 638 460 1 196 1414 1414 1742 1241 1414 1414 1106 1353 1353 1353 1353 99 1414 1948 1353 403 1353 448 1874 1353 1949 870 1181
131 1115 1631 1952 1399 1399 1115 1399 1115 1115 1115 1399 1115 68 1399 1115 1115 1115 1115 1115 1631 1115 1115 1115 1115 1115 1115 1115 1115 1115 30 1115 1021 1115 1115 1115 1115 1115 691 1115 1115 1115 691 1115 1115 1953 1115 691 1115 1115 1115 1115 1115 691 230 11 1115 68 1115 1115 1133 30 1115 1115 1115 68 1115 1115 1399 68 1115 1399 1115 1115 1399 1115 1115 691 1115 1115 1115 1115 1399 1115 1115 717 1115 1952 605 1115 68 1115 1115 68 1115 691 1031 1115 1951 1631 1115 319 1060 1115 68 1115 357 1115 1115 1950 1115 1555 1115 1950 1399 1115 1115 1115 68 1115 68 68 1951 1115 1951 1950 1115 1115 68 1115 68 1950 1115 1115 1555 326 68 1399 1115 1951 1399 1115 68 1115 1399 1115 1399 1115 1115 68 1115 1555 1950 473 1115 325 1115 1951 1115 68 1950 1950 1950 1951 1555 1115 1399 1115 1951 1631 1115 68 1115 68 68 1115 1115 1115 1951 68 1950 1115 1115 1951 1115 1115 1115 1555 1115 1115 1115
132 1957 1960 423 1954 1959 1955 121 467 1959 1959 106 106 1963 106 106 498 1955 494 1963 1958 1966 1967 1961 1957 1962 1964 1964 1956 1959 1964 1968 106 428 1956 1957 1959 1964 433 661 423 1959 1119 1965
133 30 267 1148 963 552 1971 305 499 351 1802 1970 385 581 377 321 388 1971 717 967 1595 951 321 1389 964 1973 1802 1798 1032 1969 1972 708 1802 827 655 234 402 830 469
134 1561 258 1095 675 1983 1984 489 14 90 250 1977 377 390 1938 1980 1489 1921 230 288 991 1352 209 1736 1694 413 1976 86 530 306 1978 1981 15 242 362 472 527 321 13 456 597 1016 266 1979 1974 855 651 614 1398 957 1078 1691 1975 1815 1008 1796 1974 67 1982 242
135 76 1595 76 76 76 76 76 76 1307 954 1595 954 76 76 76 76 1592 76 76 76 76 76 1104 76 76 954 76 1593 76 581 1591 1595 76 954 1985 76 76 1858 76 1990 1190 76 76 76 76 1251 76 1591 76 76 76 1167 76 76 76 76 1592 76 76 76 76 76 76 76 1591 76 1591 76 76 76 76 76 1591 1772 76 1988 169 76 1592 1987 76 76 1986 169 1989
136 11 1995 134 299 1991 24 711 176 1364 30 1991 45 1991 293 1991 11 11 1996 177 125 125 1991 125 1991 125 322 125 1199 1212 45 169 1199 1991 169 1993 1199 1993 169 882 125 125 125 1991 1994 125 125 125 1992 125 125 1991 125 125 125 1813 1992 882 1992 882 882 1992 1975 322 1991 1813 882 1813 882 1991 882 1813 1991 882 1991 1992 882 1813 882 1991 1991 1813 882 1991 1813 1991 882 1991 1813 882 1991 882 882 882 882 1992 1991 1991 882 882 1813 125 882 1813 1813 882 882 1813 106 106 882 66 882 1813 882 125 1991 1991 1813 882
137 397 1997 1551 1997 1997 1997 1997 1997 1997 1688 1997 1997 1997 1997 1551 1997 1983 1997 1997 2009 1997 1997 1997 1997 967 1997 716 2012 1551 1997 1551 1997 1997 1997 1997 1997 1998 1827 2015 1827 1 1997 1998 1922 1078 1998 1997 1551 1998 1997 1157 1998 1997 1157 1998 1997 614 1099 1998 1551 1551 1997 1997 1998 1998 1551 1551 1998 1997 1998 1997 1997 1998 1997 1997 2014 1998 1551 1998 1998 1997 1998 1997 18 1998 505 1998 1997 1998 212 1998 1998 1997 1762 1998 1997 1998 1998 1997 1998 1998 1997 1157 1998 1182 1998 1997 1998 1997 268 1997 1998 1997 1998 1998 1998 1997 1998 764 1997 2010 299 2011 11 1157 1998 1998 2013 1998 1997 881 1997 1997 1295 2001 1295 2008 1997 169 2016 2017 1435 2001 2002 1295 1997 1997 169 2001 1435 1295 1295 2001 1435 1295 1997 881 1997 169 1435 1230 169 1295 1997 2003 2004 2007 1997 2000 1999 2003 2003 2000 1999 2001 1997 1999 2000 2003 2001 1435 1295 1997 1999 2003 1999 2003 1435 1295 1997 1999 2000 2002 2001 1435 1997 881 1997 1999 2001 1435 2002 1999 2003 1999 2000 1999 2003 2001 1997 881 2003 2000 1999 1719 11 1719 1997 2008 2007 1997 2000 2003 2004 1295 1997 2003 1435 2001 1295 1997 1999 2003 2000 1295 2002 1999 2000 2002 1997 1999 37 2001 2004 1997 37 2001 1435 1295 2007 1997 1999 2000 1999 1435 2004 2000 2002 881 1997 1999 2003 1999 2001 1435 1999 2000 2001 1435 1295 2002 1997 1999 1999 1997 1999 2001 1435 1295 2004 1997 1997 2003 2000 2003 1999 1435 1295 1997 2008 2007 2006 2003 1999 2000 2003 2000 2003 2001 1435 1997 2003 1435 1295 1997 1997 1999 2000 1999 2003 2001 1997 2000 2003 1295 2004 1997 2002 2008 2007 1997 2003 2008 2007 2003 1999 1435 1997 2003 2000 2003 1999 2005 2003 1435 1997 1997 1999 2000 1999 2003 2001 2004 2000 2004 1997 2000 2005 37 2001 2003 2002 2008 2007 1999 2005 2003 2005 2003 2001 1997 2005 2005 2003 2001 1435 1997 881 1997 1999 881 2004 2003 2003 2005 1295 1997 2005 2003 1999 37 1295 2002 2004 1997 37 1999 2000 1999 37 2001 1295 37 2000 1999 2001 1295 2007 1997 1999 207 2001 1435 2007 2003 2000 1999 2003 45 1295 1997 1997 1999 2003 1999 1435 2002 1999 2000 2003 1997 881 1997 2006 2003 2000 2003 1999 835 1295 2001 1157 2003 1999 1999 2000 1999 1999 1295 1999 2000 1999 2003 1435 1295 2004 1997 2007 2004 1997 1997 2004 1997 1997 1999 2000 1999 1999 2003 1295 1997 1997 2003 2000 2003 1999 1435 2001 1997 2004 2001 1997 1999 2000 1999 1999 2003 881 2004 1999 1999 2003 2000 1999 1295 2004 1999 2004 2008 881 2004 2003 1999 2001 1435 1295 2008 2007 2004 2003 2006 1999 1999 1295 1997 2004 881 1997 1999 1999 2000 1999 1999 2003 2001 1997 2003 2003 1997 2000 1295 2001 2004 1997 1999 2003 2000 1999 2001 1435 1997 2004 1997 1997 1999 2000 2001 1997 1997 1999 2003 2000 1999 1999 2003
138 1717 1576 1717 1576 1717 1576 1576 2019 2022 2023 101 1186 1011 1805 2024 713 2025 2019 2024 2019 2020 1576 2021 2019 2019 2019 2021 2026 2019 641 2030 1576 1717 2021 1216 2019 2028 1576 539 2019 2019 1576 662 672 2019 1576 2021 2019 2019 1717 2021 1576 2019 122 2029 2018 2027 2019 122 1857 63 1250 122 70 1576 2021 1576 101
139 2034 712 708 953 2032 1904 1011 87 1154 459 1904 577 2032 2031 2032 259 2035 709 712 450 2036 2032 1931 1794 713 176 42 2031 779 176 2032 2033 169 2031 336 543 293
140 1 2038 1920 2038 1920 903 1 2038 397 2038 397 2038 397 2038 2038 17 11 2038 1215 2038 1220 1215 2038 2038 2040 1 1 2038 2038 1999 1920 1 1 2038 2038 2041 1220 2038 1920 2038 337 1215 1920 863 838 11 2038 2039 2037
141 2044 2044 2042 2044 1784 1511 130 1511 2042 1511 2042 2047 130 2043 1784 1511 2042 2044 2044 2044 2044 2046 2046 1784 2045 2044 130 2044 294 2044 1784 45 2044 1784 2044 377 96 18 1784 2042 664 2042 1784 2044 130 2042 2042 2046 2044 2042 1784 1511 2044 130 1784 2042 1784 2046 1784 1784 2042 1897 1511 130 1784 2046 298 1178 60 2044 1496 130
142 1 1 755 755 755 2048 169 125 2048 1006 1509 2049 2048 2050 2048 2050 2048 755 757 2048 2052 2053 2048 2048 2048 1190 268 1 1390 2048 755 2048 2050 2048 2050 755 1 1827 2050 755 755 2048 2049 377 769 1133 2048 2050 755 757 756 2048 11 755 756 169 755 755 757 755 755 757 2050 1851 756 2050 757 2049 2049 769 755 755 757 755 757 169 119 2048 757 755 457 11 11 2050 2050 769 755 756 756 755 2051 755 2050 755 755 755
143 2054 453 690 460 2054 453 837 1446 2055 2057 2055 2054 2054 837 2054 2054 2054 1446 2054 837 453 2054 837 453 2054 837 2054 453 2054 453 2054 2058 837 2054 453 2054 837 837 460 837 2054 837 2054 460 2054 837 453 453 2054 837 2055 2054 453 2055 2054 2054 453 837 2054 2054 453 2054 837 380 460 185 2054 453 2054 460 2054 837 453 2054 453 2055 2054 2054 2055 460 2054 837 837 870 2054 460 185 460 837 65 63 837 837 2055 1446 2054 837 2054 460 837 460 837 453 460 1726 690 453 837 2056 2054 837 460 185 2054 837 453 2055 837 453 2054 837 2054 837 2054 690 2054 2055 2054 837 2054 453 2055 2054 837 690 2054 2054 2055 2054 837 690 2054 2054 2054 453 2054 2055 690 453 2055 837 2055 837 2055 2054 837 453 2054 837 185 2054 2055 2054 453 837 453 839 2054 837
144 2067 2059 2060 38 385 2059 2067 2062 2061 22 2065 2059 2060 2059 2060 1983 2059 2060 2068 456 2064 838 214 24 2070 2060 58 717 851 2060 45 2073 2059 336 2061 2061 2059 2064 2059 2060 2061 2060 2074 717 2073 2075 2060 247 2059 2064 2060 250 1178 118 2060 2067 934 1322 11 2066 2063 253 206 2059 2060 2060 2072 127 2059 2060 38 2063 2061 106 2063 2065 2060 739 2060 2060 214 2064 218 739 2063 2060 739 2063 2060 2060 2064 310 2063 2062 2063 59 2060 2063 253 2071 115 2060 320 336 739 2059 2060 231 1322 2060 838 471 129 133 2064 2059 739 393 393 393 393 63 2059 380 2061 1785 2069 1181
145 1 1389 323 2007 2080 2078 2079 2008 2007 2002 2079 1323 2007 2007 2079 2077 2008 2079 2007 2007 210 2079 2077 2079 2077 2079 2078 2079 2077 2007 2079 2007 2078 2079 2078 2077 2079 2077 2076 1389 2079 2078 1275 2079 2078 2079 2079 1389 1526 2077 2007 2079 2077 2007 984 2077 2008 1389 2078 2008 2077 2081 2008 2077 2007 2077 2079
146 1208 125 1011 74 936 1583 321 1011 2082 655 2082 2082 1773 299 808 549 655 1964 2084 2082 1961 2082 1773 2082 2082 929 1773 2082 2082 299 808 2082 2082 494 1119 1069 2082 1962 1960 692 562 494 2082 2083 468 2082 2082 1964 2082 1209 2082 2082 2082 2082 494 122 2082 2082 2082 2082
147 657 534 1582 1218 657 357 793 657 793 1 1 1838 45 134 1801 468 107 262 1912 1100 1 1838 657 793 2085 1975 657 793 321 657 1118 471 657 467 963 1 552 69 1838 362 455 11 125 2088 1022 2086 2087 1 547 221 2085 1838 657 793 784 287 1838
148 2089 2091 2090 2089 2090 2089 2090 2090 2089 2090 80 2091 2089 363 2094 2090 2089 2092 837 2090 2089 2090 2089 2091 2090 2091 2091 2089 2090 727 2091 2091 2089 2090 2090 2091 2089 2091 2090 2091 2089 2089 2089 727 2090 2090 2089 2090 2089 2089 2090 2090 727 2089 2090 147 2090 2089 2090 1608 45 2090 2089 2090 225 2090 2090 727 727 2089 2090 2089 2090 727 2089 2089 2090 2089 2089 2091 2089 2090 2089 2090 2089 2089 2091 2090 2089 2090 2089 2091 2089 2090 2090 2090 2089 2090 2090 2090 2089 2090 2090 2093 2090 2089 2090 2089 2090 2089 2089 2090 2089 2089 2089 2090 2090 2089 2090 2090 2089 2089 375 2089 2089 2089 2090 2089 767 840 2089 2090 727 2089 2091 2089 2089 195 2089 2089
149 1 2086 1725 2101 2086 2100 830 1468 1044 818 286 1725 118 2086 124 472 224 1481 109 2096 1323 293 2099 2096 2097 30 181 169 67 124 293 2099 1725 1725 1725 2098 1725 2099 122 1725 1725 2098 30 1069 2098 124 293 224 293 30 30 30 2098 1725 1725 2069 169 169 169 2098 293 1725 1725 1725 2086 1680 124 1725 293 686 293 1725 2095 2095 686 2102 1319 2095 2095 85 293 699 181 2095 169 1725 2095 1481 1623 2104 293 699 1725 2095 1725 2095 85 330 265 85 1725 2095 1680 30 1725 1370 2095 293 1680 1680 1725 2095 2095 85 330 293 1725 122 18 2086 30 293 30 830 2095 2095 2096 293 830 330 1680 1993 293 1319 2095 85 818 2095 2095 2099 169 2095 2095 2095 80 85 330 818 85 330 172 2095 85 119 2095 1725 2095 85 2086 293 30 2103 465 2095 30 1481
150 260 248 460 1948 1174 2108 11 1031 788 169 169 1031 1815 277 2107 1031 956 1031 450 1031 788 1031 1135 1031 87 1557 751 1779 1031 87 1031 2109 87 1031 1507 205 751 1031 533 1175 751 1031 1031 1031 241 217 11 1031 2105 302 87 1031 87 1031 1895 87 1031 1031 2105 2106 1031 2105 1031 1031
151 1109 1002 2108 963 2110 1095 2113 289 122 1469 2110 1805 1814 468 2112 1470 1805 1814 2116 14 12 2111 2110 747 2110 2110 2110 209 1805 201 2116 2115 256 81 183 1814 651 2111 88 1832 1805 2047 2110 201 183 234 2110 2110 1011 1805 273 30 2112 114 471 2085 2110 1890 1805 2114 1378 2110 403 421 2110 2110 2112 999 2110 2110 765 2110 2110 2116 506 515 321 2110 224 2110 2117 1002 273 828 1 11 697 2110 2110 2110 1059 1324 2110 1144 1600
152 2119 2118 1644 2130 2118 2119 2119 2118 11 326 2119 2121 2118 2118 1644 392 2119 460 2119 2121 2119 2119 1045 1544 2119 389 45 2119 2119 2118 392 2130 1435 2119 2118 289 2119 2119 2009 2124 2119 2121 2118 1507 82 1121 326 2119 87 2118 315 2119 2122 2125 2118 2119 2118 2118 239 87 581 2013 2119 2121 2119 2118 1644 237 2118 125 87 2118 2118 87 2120 1089 2126 1742 1577 1789 277 296 2120 303 2119 2119 2119 460 2119 2119 417 1 2118 2119 2119 87 1644 2118 1644 2119 2118 2119 2119 1644 2118 1080 2129 648 2119 2119 1644 2119 2121 394 235 1644 2118 2119 1805 2119 74 87 2119 460 11 2119 2119 2121 981 87 87 460 2121 241 2121 2119 1 2121 2119 2124 326 326 2119 104 1 1201 2122 139 1675 422 239 2069 143 2123 216 236 621 87 2127 2128 236 87 2131 1057 2124 717 140
153 45 45 45 2137 2132 2132 2132 2132 1821 2132 473 473 2132 2132 918 2132 50 2132 473 473 1877 2132 1783 2132 1877 2135 101 2133 2132 1877 293 293 1877 2132 293 293 2132 2133 828 2132 2136 2132 2132 11 1877 2136 2134 190 2132 190 2132 1877 2132 2132 2132 1876 2135 2074 1876 2074 2132 2136 2133 2132 2133 2132 2132 1876 2132 2135 1876 2132 2132 1876 1596 828 2133 45 125 620 672 2132 103 499 956 45 190 2132 2132 2074 2133 2132 1876 2136 2070 2132 2132 2133 2132 455 1596 2132 1876 2074 377 2132 2133 2133 2133 1876 1876 1876 2074 2133 2074 1876 1876 2132 2132 2074 878 1849 2132 2138 2132 2133 2135 2132 2132 2132 2132
154 2139 1798 2139 2139 2139 4 52 579 2139 2 2139 2139 2120 943 2139 2139 1550 2139 2139 2013 679 11 2139 2139 2139 1132 2142 2139 385 263 2139 2139 2139 1 943 2139 1758 2143 11 2143 943 2139 2143 2139 2143 2139 2139 697 2143 2139 1943 2143 2139 87 2143 52 2139 2141 266 11 11 2143 2139 2139 11 11 2143 2139 2139 2139 2143 279 2139 2143 2143 2139 2139 933 2139 1758 11 2 2143 2139 2145 2139 933 943 2139 1 2143 2144 2144 943 2139 2139 1758 2142 2143 2139 67 2139 933 2140 2139 2143 2139 2139 2139 2139 2120 2143 2 2143 943 2139 2139 532 2142
155 2146 2146 2146 2150 2146 51 2146 527 460 460 2146 352 2150 2146 2150 2150 2146 2150 2146 2147 352 2146 2150 2146 352 2146 460 2146 2148 2148 2148 2148 352 2146 362 362 362 53 673 2149 2146 2149 2149 2146 2146 106 2148 2148 352 2146 2148 2146 2146 2146 2148 2148 2146 2148 2146 2148 2148 352 2150 2148 2146 352 2150 2148 2146 2146 2148 2148 352 2148 2148 2150 1060 2150 2148 2148 2150 2150 2150 2150
156 558 2067 822 1178 2140 2067 2140 2140 86 11 11 2140 1735 2155 2067 11 1089 1166 47 1811 11 11 2067 2156 2140 2067 2154 743 2157 1 2067 310 2151 204 30 2140 2140 654 2140 1581 2140 2151 210 1084 408 1074 2067 2152 2153 2140 296 11 329 11 11 91 11
157 2158 435 2158 729 2158 2158 1051 2158 1041 2158 2158 2158 1041 2158 2158 2158 729 435 2158 732 2158 2158 1 1 2158 2158 2158 2158 729 2158 2158 236 256 2158 2158 100 2158 469 2158 256 2158 2158 526 2125 90 2159 815 1 103 378 1401 435 1 45 378 1 435 892 526 256 385
158 2160 2160 87 2160 2160 2160 2160 209 1666 1374 2160 2160 460 2162 583 2160 2160 2160 2160 2160 2163 2160 211 2160 2160 2160 2160 2160 2160 2160 2160 494 2160 2160 259 2162 2160 2160 2160 2160 555 2160 2160 2160 494 2160 2160 1164 2160 1557 87 483 2160 2164 2160 2160 310 2163 2160 2160 2160 2160 2160 2160 2160 2160 461 1666 392 2160 2160 494 1164 2160 2160 1557 1764 2160 1175 2160 1164 2160 2161 2160 362 2160 2160 2160 2160 2160 2160 2162 770 501 2160 2160 2160 2160 2160 478 2160 2160 2160 572 2160 2160 2160 2160 2160
159 1747 2107 449 2168 895 838 1684 67 1033 54 71 19 2167 2166 47 66 2165 2168 694 1398 838 455 258 2168 1817 2169 1460 1532 2165 325 2170 362 1226 2157 45 458 1785 271 2171 1760 365 2168 806 803 1324 581 694
160 446 2172 2172 2062 1020 2173 961 467 1945 96 2172 1577 790 785 1302 284 1302 473 1020 1302 2085 2172 787 2172 865 2174 1358 1479 2172 1020 2172 1839 1020 1351 1934 2172 1020 1020 963 2062 1020 1020 2172 363 394 1581 457
161 2175 2175 2175 2175 2179 2175 993 2175 2175 529 2175 2173 2175 2175 2175 2175 2176 615 2175 2175 2177 2175 2178 2175 801 2175 2176 2175 683 2175 2175 2175 457 1 1719 11 2175 2175 2134 1872 11 393 73 1187 529 2175 2175 1 2176 11 1756 794 455 2175
162 2180 2180 2181 2185 455 2189 793 2180 2181 2180 2180 2181 2180 2180 792 2189 210 2183 2180 2180 169 455 548 2180 2180 210 2184 195 2184 2184 2186 464 294 2188 1129 1318 2085 210 2085 1750 2187 2085 2182 100 1809 793 805 169 2085 2190 2085 791 121 793 210 2181
163 1027 680 2188 321 216 223 1070 2198 2192 209 223 130 100 1177 2191 2199 223 1010 651 456 2198 386 768 1321 768 1974 1996 1996 1370 1756 2204 2193 2202 1554 99 377 390 96 2196 2205 2075 1183 2192 2192 533 390 1938 1207 1044 971 1975 1066 2203 1159 1003 2128 1980 2192 1102 252 268 1979 99 1923 1070 121 2195 2195 2195 2193 1027 2195 1 321 1479 1070 2197 2201 298 2192 548 671 252 321 106 14 14 561 2037 1067 223 1941 127 243 1734 1177 828 2194 86 1070 266 1799 2206 223 11 2192 2192 2 2192 2192 2200 207 2192 2192 2192 2192 1770 2192 2117 1177 2075 828
164 1797 1804 2207 1797 2207 1804 2208 1804 1797 2207 1797 1797 352 1797 38 2207 1797 1804 1797 1804 2208 1797 38 1797 1797 38 1797 2207 1804 1804 1797 1804 1797 1797 38 1797 1804 2208 1797 38 1797 1797 1804 2207 1797 2208 2207 2209 1797 394 1797 2207 1797 1804 2208 1797 1804 2207 1797 1797 1797 1804 1797 1797 1797 1797 1797 1797 1804 1126 2208 1804 1804 1797 1804 1126 1797 1126 1804 1126 1797 1126 2207 1797 1804 2207 1126 1804 1804 2207 2207 1804 2073 1804 2207 1804 1804 2073 1804 1804 2207 1804 2207 1804 2207
165 2210 1892 2214 1513 866 866 533 1926 866 1167 2213 1892 1078 1549 406 294 92 1008 2047 462 99 977 1687 804 866 1102 1894 1008 460 866 1975 2210 972 1789 2047 707 362 271 1002 743 528 1629 1984 866 25 474 464 696 528 866 126 785 2212 2211 813 476 2212 30 972 2212 2211 408 1629 2211 1153 2211 2211 2211 2211 1805 1892 528 2211 2211 2211 2211
166 2220 2215 1537 22 2221 2215 2215 2215 2215 2215 2215 2215 2215 2215 2216 169 1895 2217 2215 422 2215 1537 2120 17 2215 2215 422 2215 406 2215 1560 2215 2215 1021 422 2215 714 2217 1533 2215 404 594 2215 422 2215 2215 2215 2215 2215 2215 273 2215 705 772 2215 2215 2222 2215 210 2218 2215 86 2215 2215 30 2215 2219 2215 157 2215 1859 1537 2120 1537 74 11 169 2215
167 2226 480 2224 493 1255 2225 2226 2226 2225 2226 2226 1255 483 2228 2231 1255 490 659 2232 1200 2226 2230 2228 2225 2226 2226 2226 2226 2226 2226 2226 2227 2226 2230 2229 2223 2223 2226 2226 2223 2223 2226 2223 2226 2226 2223 2223 2223 2223 2223 2223
168 1760 2233 503 2233 263 325 1596 1762 785 2233 2233 2233 1855 1760 865 460 2235 2233 2233 1892 2233 122 2217 2233 449 1 2233 2233 959 24 2233 2233 17 2233 2239 285 1974 2233 320 1855 2233 377 786 2233 712 2233 2233 1760 408 320 2233 278 2233 1760 1545 2233 2237 2233 1921 743 1160 284 278 785 278 786 861 942 52 1042 2233 2233 2233 2233 2233 505 278 2233 2238 1176 310 2233 11 11 1176 2233 2233 2233 1176 2233 1555 2234 2233 2233 588 2234 2233 2236 1815 2233 2233 2233 2234 2233 2233 1974 2233 1897 786 1088 2237 2233 2233 449 2234
169 2216 2240 2240 1793 1132 2183 2240 2240 2240 2240 1695 654 2240 106 106 2240 2240 2241 2240 2240 1031 2240 2240 2240 1975 2246 1695 2240 2247 2240 1167 2240 11 11 2240 2240 2240 1743 2240 2240 2240 2240 586 2240 2240 1986 2240 382 2240 2240 2240 2209 1986 2240 2240 1986 2240 2240 2240 2240 532 705 2244 2244 2244 933 2245 705 2242 2243 1051 1065 2245 1065 2242 705 2242 2243 2242 2242
170 2249 2248 1727 164 22 2248 2248 290 270 2248 107 2248 2248 2249 2248 1814 2257 2248 715 2248 1538 218 282 169 1538 2248 2248 218 2248 2248 1913 1 579 52 2248 444 1172 2248 218 564 2253 2248 1196 1319 1990 2248 776 2248 2242 2242 954 1100 296 1747 2248 2248 211 2242 2248 1 1 2248 2248 598 2248 290 2251 2248 2248 375 1548 1588 2248 2255 2248 559 218 2248 2248 526 680 2242 138 362 2256 362 114 2248 999 2249 2248 1549 559 2248 560 559 701 1 559 801 2248 1775 1770 559 2254 2248 2248 92 2248 813 1053 2252 1588 2248 220 2242 2248 1984 2248 169 2248 2242 2249 1588 2248 2248 2116 2242 2248 2242 2248 2242 2248 87 2248 2124 169 169 2242 2248 559 2248 220 559 2248 1 2216 2242 2250 2248
171 1 890 832 2092 834 890 165 2259 2258 832 834 832 2258 832 834 888 890 890 165 2258 2259 2259 165 890 890 165 165 890 890 165 2258 2259 890 165 165 890 165 2258 2259 890 165 2259 890 2258 2259 832 834 832 165 890 165 2258 2260 2259 890 165 2260 834 165 165 834 165 2258 2260 165 832 834 2259 2260 834 832 2259 2260 2258 834 2261 834 2259 2260 2259 2261 409 832 177 2261 2261 834 834 2259 2261 2261 834 2259 2259 2261 834 2259 832 834 2259 832 834 2261 834 623 2259 2261 834 2259 2258 2092 834 2259 1700 832 2261 834 837 2261 2259 834 2259 2260 834 2260 2259 2261 834 832 832 2261 834 832 834 2260 2261 834 2261 834 2258 834 2260 2259 165 1606 165 834 2262 834 505 834 832 310 834 505 165 834 409 801 832 1606 2259 701 381 106 230 1936 2259 1700 2261 2260 2261 2260 2259 2261 832 67 801
172 2265 2265 2263 841 2267 2266 2267 841 2267 2266 2263 841 2263 2265 2263 2264 2263 377 2265 841 2263 2264 2263 2265 350 2265 2263 1219 398 397 2264 2264 2264 2263 2263 188 2263 841 2267 2266 2266 2267 2265 2266 2267 2265 2263 2263 2265 2263 841 841 2265 2263 2265 2263 841 2266 2263 2265 2263 2264 2264 2263 2265 2267 2265 364 2265 2263 841 841 2265 2263 2266 841 2266 2267 2265 2264 2264 2265 2263 841 2266 2263 841 2266 2266 2265 2263 841 2266 2263 2267 1523 2265 2266 2265 2266 2265 2263 841 2266 460 2265 841 2266 2265 2263 2264 2268 1127 1286 1219 2263 519 2265 148 2265 2263 2266 2267 2265 2265 2263 2265 2265 2265 2263 2265 841 2266 2267 2265 2264 1523 2269 2264 2263 841 2266 2265 2263 2265 2263 841 2263 2265 2263 773 2266 2267 2266 2266 2265 2266 2265 2266
173 2270 2271 2271 2271 2271 2270 2271 2271 360 2270 2271 2270 2271 2271 2271 2270 2271 2271 2270 2271 684 2271 2271 2270 2271 2272 2271 2271 2272 2271 2270 2272 2270 2270 2271 2270 2270 2272 2272 2270 2272 2272 2272 2271 2270 2271 2272 2270 2272 2272 2271 2271 2272 2270 2271 2270 2270 2270 2272 2271 2271 2272 2272 2270 2272
174 1072 1679 1072 2195 1072 1 1178 1072 1072 972 972 1734 1072 972 45 783 305 305 545 99 1072 1072 268 1178 972 98 1072 1218 377 991 1072 1178 1072 1072 1072 2018 1072 972 1085 949 949 1017 283 1097 1830 613 1517 1678 1072 2274 1072 295 1072 1072 972 1830 273 134 336 1072 626 527 2273 1072 295 1111 972 468 1094 1072 363 1072 1072 2274 1072 1072 1072 11
175 2145 67 206 47 1011 273 2201 2279 2201 1101 2201 1104 2201 47 2201 2201 47 2201 2201 67 1057 2201 891 2201 789 768 2173 2201 2201 1857 768 67 527 67 527 67 2201 2275 1217 2116 2201 2201 1783 2201 2145 956 2276 2201 1348 1310 1043 1348 964 2201 284 665 2217 2201 1122 2201 2201 1167 320 2201 2217 2201 471 2277 1838 2217 2201 11 838 263 2217 553 263 273 100 2117 956 1348 1799 2278 273 2201 830 284 1688 67 1348 892 1
176 201 183 1497 336 2152 1 1173 321 321 408 1132 246 1159 2203 11 11 2073 377 11 1525 1624 1173 86 11 183 1893 201 750 2111 746 1781 751 746 1302 104 1160 1923 1003 261 746 261 2281 1840 2280 223 281 282 1762 1023 1949
177 169 2285 2298 2293 2302 169 169 2298 2282 2283 2284 2284 2287 2295 2288 2290 30 2291 2294 2298 2282 2283 2287 2288 2304 2293 2288 2290 1249 2283 2282 2284 2283 1397 2302 169 2296 2289 2285 2295 2288 2290 2292 368 2298 2282 2283 2284 2285 2286 2287 2288 2289 2283 2282 2284 2285 2287 2286 1658 2295 66 1579 1691 2282 2286 2291 2298 2300 2282 2285 2286 1658 2288 2298 2297 2289 2303 2282 2283 2285 1658 2287 2295 2288 2290 2286 1658 2287 2288 2290 2291 1586 2292 2293 1478 1307 2294 2289 1336 2290 2290 2298 1586 2302 169 1481 2303 2289 712 1929 1522 2286 2287 2295 2288 2290 2304 2296 2298 2289 2303 2284 2286 2287 2295 2290 2291 2296 2298 2300 2289 2303 2286 421 883 1372 1107 1658 2284 2286 2287 2295 2288 2289 1336 2298 2300 2303 2294 2289 2289 1336 2288 2290 2304 625 2291 2296 2297 2299 2300 2289 2290 2300 115 2303 2291 606 2282 2283 2286 1658 2287 2288 2290 2294 1586 2293 2303 1336 2300 2283 2284 2286 1586 2293 2302 169 2296 2297 2298 2289 1336 2299 2300 625 2284 2286 2288 2290 2304 2301 2291 2298 2293 1586 169 819 1336 625 625 2290 2296 2303 1586 2296 2289 2291 1586 169 2303 2298 2300 2299 2289 2303 2294 606 2282 2284 2285 2286 67 679 2288 1807 2294 1586 581 47 2298 1586 2293 2302 169 1658 2287 2295 2288 2291 1586 2293 2302 169 2296 2297 2282 2283 2286 1658 2287 2295 2288 2290 2291 2293 2286 1658 2287 2295 2288 2290 654 2302 2296 2282 2283 2284 2285 2295 2290 2300 2298 305 606 2294 460 2295 2286 2285 1658 2295 2288 2290 2304 2291 1586 2293 2302 169 2298 2289 2299 2300 2294 2282 2283 2285 2286 2290 2304 2301 625 2291 2288 1586 2293 2302 169 2296 2298 2289 2300 1658 2287 2295 625 2290 2301 2302 2296 2298 2282 2284 2288 2290 1586 2302 169 2282 2284 2287 2288 1658 2290 2302 169 2297 2296 2298 2298 1586 2297 2299 2287 2288 1481 2295 1586 2293 169 2286 2283 2282 2284 1658 2295 2288 625 2291 169 819 2289 2300 2287 2295 2288 2304 2290 2294 2288 2293 169 2298 2289 2299 2303 2296 2283 2282 1658 2290 2293 2290 819 625 2282 2284 1658 2295 2290 819 2293 2302 169 2297 2298 625 2294 2283 2282 2284 2285 2288 2304 819 2298 2282 2284 2286 2295 2288 2301 2293 169 2298 2039 2288 2290 2301 2298 1586 2293 2302 169 819 2298 2284 1658 2295 2288 625 2301 2283 2282 2284 2285 1658 2295 2288 2290 30 2292 2298 2283 2282 2284 2283 2288 2290 2298 2296 2293 169 2299 2289 2303 2282 2284 2295 2288 2293 1478 1586 2298 2300 2289 2299 2282 2284 1586 169 625 2303 2289 2299 2295 2290 2289 2286 1658 2295 2288 2301 2298 1586 2292 169 625 1658 2288 2290 2293 2302 2296 2297 2295 2290 2301 625 2302 2296 2294 2304 2291 2298 1586 2293 625 2288 2290 2295 2288 2290 2304 819 2291 625 2298 2293 2302 2296 2297 2300 2295 2288 2290 2284 2288 296 625 2300 2303 2294 2282 2283 2288 2290 2304 2298 1586 2302 499 169 2296 2297 2290 30 122 125 2298 2290 2283 2282 2295 2288 2288 1586 2296 2295 67 2288 1586 169 2296 2297 2289 2299 2303 2291 2294 2300 2282 2284 2295 2290 2301 1523 1658 1658 2295 2288 2290 2296 2297 2298 2299 2300 2294 606 1658 2295 2288 2290 819 2301 2284 2298 2303 2291 2295 2295 2300 819 2298 2300 2298 2295 2300 2287 1658 2295 2301 2295 1658 2295 2294 2300 172 2305 2304
178 2306 2306 2311 2311 2306 2314 2316 2314 2306 2314 2306 2316 2316 2306 2306 2306 636 2306 2306 2307 2311 2311 2306 2316 2307 2306 2311 182 2306 2306 2306 636 2306 2311 2306 2162 2311 2316 636 2314 2311 2306 642 2311 2306 2316 2314 2316 2311 2311 2306 2311 2311 2314 2314 2306 2311 2314 2316 2306 2311 1325 2311 494 2311 2306 640 2316 2314 2306 2314 362 2306 2310 2316 2312 2313 2310 2307 640 2314 2316 2311 2310 636 230 2306 2306 2306 2306 2306 2311 2311 2316 2306 2306 2310 2314 2316 2310 2306 2311 2311 2307 2310 2311 2306 640 2306 2306 2310 1654 2316 2317 2308 1654 2311 640 2309 2310 2310 2310 2306 2310 2307 2310 169 2306 2311 2315 2311 2314 2316 123 2311 636 2317 2314 2307 2306 2311
179 2320 2324 496 2318 2320 2319 496 2318 2319 496 2320 2318 2319 2318 2319 2320 2318 2319 2320 496 2318 2319 2320 496 2318 2319 2320 492 2318 2319 2320 230 2318 2319 2320 496 2318 2319 2320 496 661 1415 496 2323 2318 2318 2320 2318 2319 2320 2318 2320 2319 2318 2320 2323 2323 2318 2320 2319 496 2318 2319 1413 2318 2319 2320 2318 2320 2319 496 2323 2318 2320 2319 2323 2318 2320 2319 496 2323 2318 2320 2319 2318 2320 2319 2318 2320 2318 2320 2319 496 496 2318 2320 2318 2319 2320 2322 2318 2320 490 106 496 2318 2320 2319 496 2318 2320 496 2319 2318 2320 2322 2318 2320 2319 2322 2321 2321 2321 2321 2321 2321 2321 2321 2321 2321 2321 2321 2321 2321 2321 2321 2321 2321 2321 2321 2321 2321 2320 2321 2321 2321 2321 637 2321 496 2321
180 145 129 1868 155 1507 1507 2332 2326 2327 1606 2344 31 161 1682 155 164 2337 455 658 1272 155 1278 164 155 2326 2326 2330 1278 2331 2326 164 151 1868 155 1278 1865 1871 1865 191 2326 169 2134 2164 2342 775 155 2331 2327 2326 2326 164 164 164 2325 192 164 164 169 1507 155 780 2326 2327 1877 2341 2326 164 1240 147 1610 164 1868 155 2332 155 2331 2326 2327 164 2326 2344 2337 2326 2328 155 2338 1509 155 164 164 147 1613 1614 1610 658 155 2328 455 1882 522 155 164 164 1240 1610 987 832 1610 164 1616 1304 155 2328 455 1090 2326 455 2331 2338 155 2134 1606 164 2326 2327 2326 2331 752 155 2331 164 164 658 31 2326 164 164 1610 2329 147 259 164 164 2326 1882 2332 2330 962 150 164 2331 1219 185 1146 2339 962 150 150 2326 164 2330 2326 150 172 151 164 1862 1867 164 155 150 2328 1507 1286 150 2331 1281 1507 2332 2347 150 1606 1877 1614 2329 987 2329 1618 1871 150 2331 1606 147 1614 1617 1610 2329 987 1617 2329 164 2340 1245 148 2338 1867 2344 1231 2330 1610 1614 1613 987 164 2334 2327 224 1499 455 155 150 155 531 2338 1610 2329 1610 987 164 2330 2134 780 1877 155 150 2328 1867 164 1618 1606 2331 155 150 1616 828 1867 2344 1618 2326 150 155 2338 2325 1240 658 164 1610 2329 987 1613 2329 658 658 2333 2334 155 1867 1507 155 2334 2328 164 658 1803 2338 1606 164 2121 2121 658 2121 2338 2345 2336 164 2329 987 987 679 59 1882 2121 1515 2343 1862 1862 2335 765 1610 147 1240 2329 164 1862 1285 164 2346 164 1610 987 1606 150 1610 2329 1610
181 2355 292 2348 130 368 2348 558 2355 2348 2348 301 368 2348 1671 2355 460 2348 587 1356 965 2348 2355 2348 2348 2348 2354 2348 2353 2348 1770 368 2348 2348 2356 2348 2348 1162 2348 292 2355 368 2348 2348 2355 2348 2348 2355 1815 290 2353 1671 2348 1325 2348 2355 2348 2355 2348 2348 2354 2348 2355 2348 2348 2355 1642 2348 2359 2348 2348 2348 2355 2348 2355 2355 2348 2348 2348 2348 2352 2348 2348 2348 2348 2348 2348 2355 2034 2348 2348 2348 2353 688 2348 2348 2348 2350 2348 2352 2348 2348 965 2353 2348 2353 2353 2348 2350 2349 2348 2353 2348 290 2355 2355 2350 2355 2348 2348 575 2348 2355 2355 2348 2348 2355 2353 2348 2348 2348 2348 2353 2355 2348 2360 2348 368 2348 2357 30 2350 2353 2348 2348 2355 2348 2355 2355 1894 2348 2350 2348 2353 2348 2355 2348 30 2348 2355 368 2350 2355 1548 2358 2348 1892 2351 2350 2348 2350 2350 2348 2348 2350
182 2362 2361 516 2361 2361 2361 577 2361 2361 259 1940 2362 2362 962 346 2362 2362 2362 2362 2361 2361 2362 2362 1865 70 1576 1376 2362 1855 2137 2362 2362 2362 402 73 70 1376 2362 2362 2362 2362 2363 340 360 2362 2362 2361 2362 2362 2362 2361 2362 2361 2362 2362 2362 2362 2362 2362 2362 360 2362 2362 2362 36 2362 2362 36 36 360 360 360 353 360 2362 2362 2137 360 2362 360 2363 2362 360 2362 2137
183 2365 2365 2367 2366 2364 2368 613 2369 2367 2365 2373 2364 2368 1295 219 2368 2365 2364 2365 2366 2367 2372 163 2370 1321 788 1012 2370 2368 2365 2368 2365 1301 2374 1221 1073 2368 2367 1642 1295 2367 1314 2367 2366 964 1888 2367 2367 2364 1288 2366 2368 2365 1856 2365 1288 2365 2368 1288 2366 2365 1012 1288 2365 2365 2368 2366 287 214 2365 2368 2367 1288 2368 2371 2366 2367 2366 2368 95 455 417 2366 2366 2366 2364 2366 2367 2371 2366 2368 2366 2368 2365 2367 2365 2368 1288 2366 2367 2237 1096 24 214 1288 2368 2365 2368 1288 2366 1288 1888 2365 136 810 810 1705 2367 259 2365 2368 2366 2365 2368 2365 2366 1288 2372 2368 2365 696 2365 2365 2368 1026 210 2366 1989 1506 2366 140 1201 450 2366 2365 2368 1288 2365 2366 1989 2366 2368 2366 2366 2367 136 2366 2366 1253 136 2365 2368 2366 1288
184 2378 2380 2386 2384 2377 2383 2376 2381 2392 2380 2381 2375 2384 2383 2379 2386 2376 2375 2376 2377 2380 2384 2379 2383 2375 2386 2376 2398 2389 2388 2378 2381 2387 2391 2385 2405 2392 2382 2381 2385 2403 2377 2384 2375 2386 2380 2381 2376 2384 2390 2386 2377 2378 2375 2398 2391 2397 2376 2384 2388 2403 2378 2381 2385 2392 2391 2393 2377 2384 2393 2383 2386 2375 2378 2397 2387 2391 2377 2390 2413 2313 2384 2383 2378 2379 2380 2381 2382 2383 2377 2380 2384 2381 2375 2385 2386 2378 2379 2387 2388 2389 2391 2393 2377 2388 2413 2385 2375 2386 2380 2378 2381 2376 2383 2378 2405 2391 2393 2382 2390 2387 2397 2380 2384 2383 2376 2386 2378 2381 2389 2403 2387 2380 2386 2381 2381 2380 2377 2378 2398 2388 2403 2384 2383 2378 2381 2376 2379 2404 2403 2375 2383 2387 2390 2397 2382 2392 2405 2385 2393 2377 2386 2378 2391 2383 2379 2381 2392 2389 2387 2313 2390 2377 2386 2378 2384 2383 2375 2379 2376 2380 2377 2386 2378 2381 2382 2389 2388 2390 2384 2375 2404 2379 2383 2398 2377 2386 2378 2381 2379 2384 2403 2390 2393 2391 2398 2392 2397 2385 2405 2387 2377 2378 2393 2398 2386 2376 2379 2380 2383 2381 2377 2386 2384 2383 2379 2376 2378 2398 2388 2377 2380 2381 2386 2379 2384 2376 2383 2393 2398 2397 2387 2378 2405 2392 2382 2377 2383 2381 2386 2376 2377 2376 2386 2378 2381 2380 2379 2384 2383 2391 2392 2389 2388 2377 2381 2386 2389 2388 2384 2405 2391 2383 2379 2376 2380 2378 2403 2397 2377 2386 2383 2379 2389 2403 2384 2388 2379 2376 2381 2386 2380 2392 2387 2405 2390 2377 2380 2386 2381 2379 2383 2389 2413 2403 2378 2385 2387 2390 2391 2397 2382 2380 2386 2381 2384 2376 2383 2392 2385 2397 2387 2377 2386 2384 2391 2381 2384 2389 2403 2401 2387 2390 2397 2378 2392 2378 2382 2405 2393 2398 2377 2380 2386 2378 2379 2376 2384 2389 2388 2381 2386 2376 2403 2401 2381 2383 2393 2378 2384 2387 2391 2380 2392 2405 2385 2377 2380 2378 2376 2393 2402 2415 2384 2379 2383 2376 2380 2381 2387 2377 2380 2386 2378 2383 2384 2379 2381 2376 2397 2385 2377 2386 2380 2378 2381 2379 2383 2384 2393 2391 2385 2405 2392 2398 2377 2386 2376 2383 2380 2393 2391 2384 2379 2392 2398 2313 2390 2382 2385 2377 2379 2380 2386 2378 2381 2392 2403 2376 2384 2383 2391 2387 2405 2397 2398 2382 2390 2377 2386 2378 2383 2389 2380 2376 2378 2381 2393 2391 2377 2380 2386 2393 2391 2384 2389 2388 2376 2392 2379 2383 2385 2387 2397 2382 2377 2381 2393 2379 2389 2386 2377 2386 2379 2380 2393 2398 2313 2389 2388 2381 2382 2387 2385 2377 2380 2386 2393 2384 2403 2313 2377 2378 2386 2381 2380 2393 2398 2384 2379 2383 2313 2376 2385 2403 2378 2387 2391 2405 2397 2382 2392 2390 2377 2393 2378 2398 2398 2404 2376 2384 2383 2377 2380 2386 2381 2393 2387 2404 2376 2379 2405 2378 2383 2391 2390 2385 2397 2378 2381 2393 2376 2377 2380 2387 2383 2386 2398 2379 2388 2392 2385 2391 2378 2377 2380 2386 2381 2389 2387 2393 2384 2376 2379 2383 2390 2398 2385 2377 2381 2378 2393 2383 2403 2384 2386 2380 2376 2413 2379 2391 2398 2385 2392 2398 2384 2404 2386 2378 2386 2377 2383 2380 2378 2393 2381 2384 2404 311 2383 2384 2381 2378 2377 2393 2391 2390 2378 2377 2393 2379 2381 2386 2384 2385 2380 2398 2391 2376 2387 2390 2393 2377 2386 311 2384 2398 2391 2377 2378 2393 2386 2380 2377 2378 2386 2387 2380 2379 2384 2389 2381 2376 2383 2398 2393 2391 2392 2377 2393 2381 2385 2386 2378 2405 2401 2389 2388 2383 2393 2380 2386 2381 2379 2403 2384 2387 2401 2398 2385 2392 2390 2397 2377 2393 230 2388 2377 2393 2386 2378 2381 2398 2377 2386 2393 2378 2380 2376 2379 2383 2384 2391 2389 2401 2380 2381 2376 2379 2413 2387 2391 2377 2393 2386 2403 2378 2376 2379 2380 2389 2391 2398 2387 2377 2378 426 2410 2411 2412 2388 2383 2392 2398 2387 2377 2393 2386 2378 2376 2379 2393 2377 2380 2381 2379 2384 2383 2389 2397 2393 2377 2386 2378 2380 2389 2388 2393 2392 2403 2384 2391 2401 2391 2393 2409 2381 2313 2388 2386 2378 2380 2376 2379 2383 2392 2393 2403 2400 2387 2381 2413 2386 2380 2379 2383 2393 2381 2384 2395 2378 2400 2380 2387 2399 2384 2379 2383 2396 2384 2391 2393 2391 2403 2381 2386 2383 2378 2400 2376 2379 2401 2397 2382 2387 2395 2398 2393 2377 2386 2380 2381 2376 2379 2392 2400 2384 2377 2386 2380 2388 2392 2376 2397 2396 2385 2379 2394 2413 2383 2384 2393 2400 2400 2398 2380 2378 2380 2377 2393 2378 2381 2392 2376 2379 2384 2390 2385 2405 2397 2400 2376 2381 2377 2386 2378 2380 2379 2383 2395 2392 2384 2387 2401 2391 2405 2385 2392 2398 2400 2380 2377 2386 2378 2381 2389 2383 2384 2393 2400 2381 2386 2380 2379 2383 2392 2384 2389 2398 2400 2379 2377 2386 2380 2376 2383 2388 2403 2395 2405 2391 2385 2400 2378 2381 2387 2393 2391 2396 2377 2386 2405 2385 2393 2400 2383 2377 1075 315 2376 2381 2379 2384 2400 2393 2386 2377 2380 2399 2389 2376 2381 2387 2379 2383 2378 2386 2380 2398 2389 2388 2379 2400 2376 2398 2377 2378 2383 2405 2392 2380 2400 2378 2377 2380 2377 2386 2376 2379 2392 2384 2393 2389 2392 2384 2379 2400 2383 2392 2396 2393 2380 2388 2376 2379 2398 2378 2381 2405 2380 2381 2386 2377 2376 2378 2384 2400 2379 2392 2395 2396 2393 2387 2385 2405 2390 2382 2391 2397 2393 2377 2386 2380 2381 2395 2381 2378 2403 2401 2404 2390 2379 2383 2392 2395 2393 2397 2385 2379 2381 2381 2380 2387 2377 2386 2376 2379 2382 2393 2378 2384 2385 2386 2394 2388 2376 2395 2396 2380 2383 2392 2380 2389 2378 2398 2386 2376 2379 2381 2392 2385 2395 2396 2391 2380 2378 2376 2377 2396 2395 2393 2390 2386 2384 2385 2383 2378 2398 2380 2378 2379 2386 2399 2380 2377 2376 2384 2386 2380 2381 2392 2384 2377 2376 2395 2383 2398 2400 2396 2390 2385 2380 2377 2386 2383 2396 2391 2397 2379 2381 2389 2413 2403 2386 2396 2384 2383 2387 2392 2376 2400 2393 2405 2384 2395 2400 2393 2413 2378 2396 2395 2376 2383 2392 2398 2391 2383 2386 2393 2378 2381 2383 2395 2379 2392 2396 2399 2385 2381 2378 2393 2395 2379 2400 2383 2392 2381 2379 2386 2377 2378 2380 2384 2403 2400 2376 2396 2393 2398 2380 2377 2404 2388 2389 2399 2384 2395 2403 2381 2391 2386 2378 2400 2396 2376 2383 2379 2381 2396 2377 2378 2395 2380 2376 2392 2396 2393 2380 2386 2404 2380 2384 2395 2377 2381 2378 2393 2376 2398 2379 2384 2381 2381 2396 2380 2384 2385 2381 2386 2377 2380 2384 2379 2376 2396 2381 2381 2392 2386 2377 2400 2379 2396 2390 2400 2397 2381 2393 2380 2377 2388 2395 2393 2380 2397 2387 2381 2377 2386 2378 2380 2381 2377 2393 2384 2404 2379 2386 2377 2395 2376 2381 2377 2388 2389 2380 2378 2384 2413 2376 2393 2398 2391 2381 2392 2380 2386 2378 2400 2399 2376 2405 2383 2381 2392 2376 2379 2413 2384 2416 2395 2376 2393 2381 2403 2384 2398 2401 2377 2386 2378 2395 2384 2376 2381 2392 2393 2377 2386 2401 2387 2381 2376 2391 2381 2392 2396 2384 2389 2388 2386 2378 2400 2387 2381 2413 2384 2377 2400 2385 2397 2396 2379 2376 2379 2398 2396 2383 2393 2386 2378 2395 2384 2379 2395 2389 2381 2391 2398 2390 2387 2390 2379 2397 2396 2380 2377 2386 2398 2376 2391 2387 2385 2381 2392 2383 2377 2400 2387 2385 2398 2399 2405 2381 2380 2404 2390 2395 2384 2400 2377 2386 2393 2403 2401 2383 2413 2409 2379 2394 2380 2391 2381 2393 2390 2404 2387 2400 2378 2380 2380 2384 2395 2376 2399 2399 2397 2393 2376 2377 2378 2388 2399 2393 2380 2396 2387 2386 2377 2400 2398 2376 2390 2383 2397 2394 2388 2378 2395 2393 2403 2383 2405 2396 2397 2396 2399 2378 2380 2384 2381 2392 2387 2405 2393 2390 2378 2377 2384 2395 2400 2376 2381 2383 2397 2391 2387 2393 2377 2400 2380 2379 2398 2395 2399 2413 2391 2393 2390 2395 2395 2385 2379 2390 2398 2387 2400 2407 2401 2404 2384 2381 2390 2384 2389 2376 2381 2397 2385 2406 2391 2403 2383 2400 2387 2379 2393 2381 2399 2387 2390 2392 2377 2376 2398 2400 2398 2391 2406 2407 2393 2390 2381 2413 2384 2395 2398 2406 2393 2390 2398 2384 2391 2385 2400 2393 2398 2407 2392 2392 2391 2385 2397 2387 2393 2392 2384 2377 2385 2399 2376 2379 2398 2381 2400 2387 2401 2406 2391 2399 2377 2313 2387 2393 2385 2376 2397 2391 2407 2406 2390 2389 2395 2397 2400 2393 2377 2381 2401 2376 2397 2406 2407 2406 2393 2390 2384 2393 2384 2381 2376 2392 2383 2400 2398 2392 2389 2403 2387 2406 2395 2392 2391 2390 2400 2398 2379 2313 2385 2383 2400 2398 2391 2393 2390 2384 2388 2377 2399 2393 2381 2392 2387 2379 2398 2377 2406 2397 2393 2392 2381 2387 2395 2377 2398 2387 2393 2377 2385 2379 2384 2397 2387 2385 2377 2399 2313 2402 2403 2390 2407 2406 2391 2393 2400 2397 2377 2381 2379 2407 2402 2391 2379 2387 2388 2392 2385 2384 2376 2392 2407 2408 2413 2383 2376 2401 2402 2397 2398 2313 2390 2162 2387 2377 2379 2383 2381 2400 2407 2389 2383 2381 2377 2395 2393 2398 2385 2402 2400 2393 2395 2390 2379 2385 2402 2313 2393 2406 2399 2395 2406 2383 2376 2398 2381 2390 2398 2376 2395 1135 2395 2395 2385 2390 2407 2377 2390 2392 2397 2403 2406 2381 2390 2377 2376 2387 2389 2388 2395 2391 2406 2407 2387 2381 2395 2389 2379 2397 2407 2406 2395 2393 2390 2391 2385 2397 2406 2404 2393 2397 2406 2407 2381 2388 2389 2379 2390 2402 2400 2313 2397 2406 2381 2392 2390 2395 2400 2385 2379 2387 2397 2393 2407 2398 2379 2377 2383 2385 2402 2388 2406 2407 2377 2395 2384 2391 2393 2406 2407 2384 2395 2383 2398 2391 2398 2393 2407 2384 2381 2379 2377 2387 2399 2397 2406 2389 2406 2407 2384 2407 2384 2387 2388 2401 2397 2407 2406 2387 2383 2381 2390 2398 2391 2397 2399 2379 2400 2390 2401 2392 2391 2376 2384 2388 2398 2376 2391 2400 2402 2313 2385 2392 2399 2407 2406 2384 2381 2407 2406 2384 2381 2379 2376 2395 2408 2399 2402 2393 2406 2395 2383 2377 2406 2407 2393 2395 2379 2383 2376 2377 2393 2407 2379 2376 2395 2384 2392 2387 2399 2402 2388 2414 2403 2383 2377 2385 2387 2390 2397 2407 2393 2376 2395 2377 2384 2383 2379 2398 2391 2397 2393 2398 2376 2392 2387 2397 2390 2393 2407 2384 2395 2377 2383 2398 2379 2392 2390 2403 2399 2391 2407 2389 2388
185 402 2423 2418 587 2417 52 2418 120 1279 2424 1096 1307 2418 2420 648 2069 1544 30 2420 2419 30 2418 2419 2420 2420 2419 2419 1910 2418 2419 697 830 2419 2420 2419 2419 2419 2422 30 2418 2420 2419 321 321 2418 2419 2420 2419 2419 2420 458 2419 2418 2419 2419 2418 132 2419 2419 122 670 2418 2420 2419 2425 2418 941 122 2102 30 2418 2420 132 670 2419 2418 2421 2417 2419 2418 2419 389 2420 2419 2418 1044 597 2420 2419 2419
186 2434 2428 2429 169 2426 2427 2434 2433 2428 2428 2429 169 772 2426 2427 2166 2016 2428 2016 2428 2426 2427 2433 2429 169 772 2427 2016 2428 2429 169 772 2426 2016 2428 2428 188 2429 169 772 2426 2427 2016 2434 2428 2429 169 772 2426 2427 2166 2016 2434 2428 2429 169 772 2426 2427 2016 2428 2429 169 772 2426 2427 2428 2428 2429 169 772 2426 2427 2016 2428 2429 169 772 2426 2427 2429 2428 2429 1618 987 67 1447 2429 1618 987 67 1447 305 2426 2427 169 2428 2434 2433 1380 2016 2428 2429 169 772 2426 2427 2016 1507 1642 59 122 163 2428 755 760 2170 2428 2428 2429 169 772 2426 2427 2431 2016 169 772 2427 2426 2429 169 772 2426 2427 2428 2016 2170 11 2434 367 169 2427 305 67 527 874 755 11 2429 772 2427 2016 2434 2428 2429 169 772 2426 2427 305 2016 2428 2429 169 772 2426 2427 2437 2429 169 772 2426 2427 2016 2428 2428 2429 169 772 2426 2427 2431 2428 2429 169 2426 2427 2431 2016 2428 2429 169 772 2426 2427 2430 2428 259 2433 2428 259 2429 169 772 2426 2427 2438 2016 772 2426 2427 2016 2429 169 772 2426 2427 2428 2429 169 772 2426 2428 2429 169 772 2426 2427 169 772 2426 2427 305 2436 67 2428 2429 169 772 2426 2427 305 2436 67 2433 2428 2429 169 772 2426 2427 2435 2428 2428 2434 2428 2429 169 772 2426 2428 2429 169 987 2428 2432 2429 169 772 2427 2428 2432 169 772 2426 2427 2170 2428 2432 2433 2433 2428 2429 169 2426 2427 2431 2428 2429 169 772 2426 2427 179 2429 169 772 2426 2427 2428 2432 2429 772 2426 2427 2428 2432 2428 2170 2429 169 772 2426 2427 2431 2428 2429 169 772 2426 2427 2433 2432 2433 2428 2432 505 2429 169 1117 2428 2432 2429 169 772 2426 2427 2432 2432 2429 169 2426 2427 2431 2428 2432 2429 772 2427 2428 2432 2429 2426 2427 560 2434 2432 2428 2432 2429 169 772 2426 2427 2432 2429 169 772 2426 2427 2428 2433 2428 2432 169 2426 2427 1610 2429 169 772 2426 2166 2428 2432 169 2016 2426 2427 2432 2430 2426 2427 2431 2432 2428 2432 2428 2428 2429 169 772 2426 2427 2428 2432 2432 2428 2432 2432 367 2432 2428 2432 641 2428 2432 158 2434 2428 2432 2428 2432 11 91 576 2428 2432 2428 641 2428 2432 2428 2432 158 641 2432 641 641 2428 641 2428 641 2428 2428 2428 164 2432 641 2434 641 2432 2432 11 576 240 2432 641 2432 2428 2432 2433 2428 2432 2428 2432 641 2428 2432 2432 2170 2428 641 367 2428 2432 641 2432 2170 641 2428 2432 2428 2432 2016 787 747 789 477 341 2432 641 2428 641 2432 641 2432 171 641 2428 2432 2432 641 2428 2432 367 2428 2428 2432 641 2432 641 2428 641
187 2440 1242 2441 1242 2440 1248 103 2439 2439 169 2441 2441 1242 2440 1248 75 2439 256 138 2440 1242 2441 2441 377 138 2441 1242 2440 1248 103 2439 1242 2440 1248 2439 1693 2441 1242 488 1242 2441 1242 2441 140 2439 1242 2440 1248 103 2439 2440 1242 2441 1248 2439 2439 138 1242 1242 2441 1242 2440 1248 2439 2439 2442 2440 1242 2441 1242 138 1248 75 493 2440 1242 2441 1242 2440 2440 2439 2440 1242 1242 2440 1248 2439 2441 1242 2440 2439 2440 2441 1242 2440 1248 2439 1242 2440 1242 1242 1248 2439 169 2441 1242 2440 2439 2440 2441 1242 2440 1248 2439 2442 2441 1242 2440 1248 2440 488 1242 1242 2440 2439 1691 2440 2441 1242 2441 1242 2439 2441 1242 2440 103 2439 256 2440 2441 1242 2443 385 2439 169 299 169 2439 2440 1242 2441 2439 564 1242 1248 66 2439 493 1242 2441 2441 2441 1242 478 1248 2439 1242 2440 1248 2439 1242 2440 2443 2439 478 1242 1242 138 2439 256 2440 1242 2441 1242 2440 103 75 2439 1242 1242 2440 103 2439 600 2440 1242 2441 1242 2440 103 2439 1242 1242 478 1248 2439 600 2439 2440 1242 1242 478 1242 2440 478 2442 1248 75 2439 1242 505 1242 1248 75 2440 1242 2441 1242 2440 1248 2439 1243 2440 1243 2440 2441 135 1242
188 2444 2444 2444 1771 418 276 2444 2444 2444 2444 2444 2444 2444 2444 2444 2444 2444 2447 1956 2447 1209 423 1209 2447 1333 2444 1118 2084 433 2450 2447 1209 2084 1967 2447 2444 1712 929 1964 2446 1964 894 929 106 1209 2447 2084 140 135 2445 392 418 2446 2084 418 418 276 2084 2416 2416 1771 494 2416 2444 2444 2444 1209 1202 494 2444 929 2444 2416 2444 2416 1209 494 2416 1771 2444 2416 1209 494 1771 2449 1091 788 541 2444 2448 929 2444 2444 2416 2444 2444 929 2416 1771 2416 2416 1202 2416 2416 1209 2416 1771 2444 1333 494 2444 1964 2416
189 2451 2451 530 45 321 2451 2451 456 2452 2451 2451 2452 24 2451 2451 2451 2451 2451 1810 2451 2451 363 2452 2453 392 2451 558 1810 2451 2452 2451 2451 2452 2451 1089 2452 2452 2452 2451 2451 2451 1810 1580 2452 1319 2452 2452 321 1904 2451
190 188 2458 2455 2457 2458 2454 2455 2456 2458 2458 2458 2454 2456 2458 2455 2456 2454 2455 2456 2457 2454 2458 2456 2455 2458 2458 2458 2455 2457 2454 2455 2454 2458 2454 2455 2458 2458 2454 2455 2456 2458 2456 2454 2455 2456 2458 2454 2455 2458 2458 2455 2457 2454 2455 2457 550 2454 2458 2458 2454 2458 2455 2456 2458 2457 2454 2455 2454 2455 2458 2454 2458 2454 2455 2458 2457 2455 2456 2458 2455 2458 2457 2454 2457 2455 2455 2458 2455 2457 2455 2456 2455 2458 2458 2457 2455 2456 2458 2454 2454 2457 1124 1124 2456 2458 2454 2455 2458 2458 2455 2456 2455 2455 2458 2458 2457 550 2454 2455 2458 2455 2456 2458 2454 2455 2455 2458 2455 2457 2455 2457 2454 2454 2454 2454 2454 2454 2454 2454 2454 727 2454 2454 2454 2454 2454 2454 2454 2454 2454 2454 2457 2454 2454 2457 2454 2454 2454 2454 2454 2457 2454 2454 2454 2454 2454 2454 2454 2457 2454 2454
191 1038 855 581 1893 717 2235 86 78 1212 285 1896 1942 2459 2144 222 99 2235 1642 14 1729 969 1739 2460 277 2254 1095 73 2208 2462 561 810 615 1398 96 1785 1052 2461 29 1583 2235 336 79 169 130
192 2129 2466 2466 2465 823 2129 2464 11 1 2129 2466 1274 1274 2129 2466 2129 2466 2466 169 580 1312 2129 2465 2129 2466 2129 2466 2466 2466 948 2466 2463 460 2467 2466
193 1 2138 2138 1 877 877 877 877 877 353 2137 2470 877 360 877 55 877 2468 514 877 877 188 550 2468 877 2138 2470 39 877 2138 2138 2469 877 2138 55 55 55 877 55 2471 2472 2137 2138 2137 2469 188 2469 2241 353 329 2138 2468 514
194 2476 2477 1099 612 844 2474 1093 2476 1189 574 844 30 392 120 2478 844 574 114 1099 597 1679 1510 614 550 293 1099 612 11 11 2476 120 1189 1104 597 2152 1099 1906 1104 597 96 1099 844 2473 1189 574 612 2473 612 614 1982 1099 844 1189 614 2475 1189 612 1099 999 999 2069 114 1906 2069 697 1099 2069 1093 2069 2069 11 1189 1093 1099
195 470 326 47 978 2178 47 1726 1720 30 649 70 1827 1 2102 830 1061 526 543 256 1736 11 101 402 978 830 1217 47 606 6 587 2128 1857 1041 85 671 2102 385 630 87 1270 402 1 90 830 101 1061 2480 256 1852 320 11 830 11 671 1793 2280 2128 30 157 30 1848 90 649 11 70 2479 11 235 11 1
196 1920 458 1920 829 1740 765 2481 793 272 2482 458 272 339 588 2481 458 1301 1635 1480 2214 121 471 1838 1125 508 2116 2116 2481 268 1346 1740 2481 47 1920 1687 2481 455 1945 1346 1270 357 117 366 118 385 765 572 1346 118 2481 456
197 2246 1534 2483 2483 2483 407 2483 2246 2483 2483 2483 2483 713 1534 1 2483 713 1534 2484 1534 2483 2483 2483 2483 2483 2483 1534 2483 319 2483 1534 2483 2483 1534 1534 2483 2483 1534 2483 2483 2483 408 408 1534 2483 2483 86 2483 1534 2483 2246 362 407 2483 2086 2483 2483 2246 2246 2483 2246 2483 1212 2485 2483 456 456 2483 252 2217 1549 352 1534 366 366 2246 321 2483 2483 2483 2191 2483 2483 2483 2483 2483 1804 2075 2483 2484 630 2486 631 241
198 1904 1 1904 1904 1904 1904 1904 2487 1087 1904 1087 1379 1904 2489 1904 17 2489 1904 2491 1904 2489 1904 2489 1904 237 237 837 1904 1087 2490 2489 2489 1904 2487 1087 1087 2489 1904 2487 1087 2487 1904 1904 1904 1 237 11 1904 2489 1904 1087 2489 237 11 1904 1087 2490 1904 1087 237 1087 259 259 1904 2490 285 1805 209 2488 2488 1904 1087 2488 2489 2490 2487 2488 1904 2488 2487 2489 2488 2487 2487 1379 1087 2488 2488 2489 2488 1904 1 1904 1904 2489 2490 1970 1904 101 101 1904 1904 1904 2488 2488 1 1904 237 237 2489 1904 2487 2488 1904 45 336 2489 1904 1904 2487 1904 258 2489 2489 1087 1904 2487 1904 1 1087 1904 1221 125 67 2488 767 362 362 1226 2489 1 2488 164 2488 2489 1379 1904 237 2488 1904 1390 1 1904 1379 777 2488 1379 1379 1 1379 1379 2489 1904 1270 680 240 240 1 527 2489 2489
199 1089 2202 2493 2493 1448 2494 2492 2492 2494 11 2493 2494 2492 11 2494 2493 2493 2492 2494 688 2492 460 2492 2492 2494 11 2493 2494 2493 2494 1389 1025 2493 2493 2493 1384 1384 2494 835 2202 2494 409 2493 2494 52 2202 2494 2494 2494 2493 1385 2493
200 2502 1635 17 621 1224 761 829 2499 2497 2495 727 2500 444 2498 1116 460 259 1448 2496 2496 629 2498 2498 1116 2501 106 2498 2497 629 688 2496 2497 629 2496 2496 2498 2497 2495 393 2496 2497 2498 2495 362 2496 1975 2497 2495 11 2423 393 157 727 2086 2498 2498 2497 99 655 2495 2498 2497 2495 2495 11 2498 2497 2498 2497 365 2495 393 2497 2495 2496 2497 629 2027 2498 2497 2497 629 70 73 2495 234 70 393 623 2495 2496 240 52
201 1531 47 2506 2506 1725 550 2503 1531 2503 2504 1531 2503 1531 2503 1531 1833 1531 2503 2478 1531 1374 1531 2503 1531 2504 1531 2503 67 2503 1531 1531 2503 1531 2506 1531 1531 2504 2503 2503 1531 2504 2505 2504 2503 1531 1698 2507 124 1531 1531 2503 2504 1531 2503 1531 2503 2503 1531 145 2503 2503 1531 2504 72 2503 1531 2503 2503 1531 2504 145 1725 1867 2503 2503 1531 2503 1531 2504 2503 1531 67 2503 2505 1531 1531 2504 1526 2503 2503 2503 1531 1531 1531 2504 1531 2504 1531 1680 1531 1531 1531 2504 357 1531 1945 2505 2504 499 503 1531 2504 1531 859 2504 357 72 1531 2504 2503 1531 2504 2506 1531 1531 2071 1531 527 124 1344 779 499 101 1207 67 2506 1531
202 2509 2508 2508 2512 2509 2509 2508 2509 2508 2508 986 2358 2508 2508 2509 2508 2508 2508 1320 2508 2508 605 329 2508 2508 2508 2509 1142 2508 2487 230 2508 2508 2509 2508 2509 2508 2509 169 2508 2508 2508 2508 2509 2508 952 1320 826 2508 2509 2508 2508 2508 2508 2508 2508 2508 13 2508 2508 2509 1453 2508 2508 2508 2508 1453 2509 2508 2509 2508 2508 2508 2508 2509 2508 2508 2508 2509 2508 2509 2510 2508 2508 2508 2508 2508 2508 169 2508 2508 1827 1 2508 2509 2508 2511 2508 86 2508 2509 2508 2509
203 2516 2515 2514 31 398 976 2514 2515 2516 2516 2513 2514 2514 2516 1225 2515 2517 2513 2516 2516 2515 2514 2516 1225 2518 2516 2514 1598 893 2513 1987 1304 2513 1287 1907 418 549 2513 188 1319 2513 2513 2513 1987 2513 2513 1226 2513 2513 39 2513 2513 2513 2513 39 801 101 39 2513
204 2520 2519 2519 2519 2520 2519 2519 2520 2519 2520 2519 2519 2519 2520 2519 2520 2519 2520 2520 2519 1761 1135 2519 2519 1135 2519 2519 2520 2519 2520 2520 2519 2520 2519 2520 2520 2520 2519 2520 2519 2519 2519 2520 2520 2521 2519 2521 2519 2521 2520 2519 2520 2519 2520 2519 2519 2520 2520 2519 2520 2520 2520 2520 2521 2521 2520 2520 2520 2519 2523 422 2521 2521 2519 2519 2520 2519 2520 2519 2519 2520 1205 2520 2519 2519 2520 2519 2520 2522 2520 2519 2519 2520 1205 2521 2520 2520 2519 2519 927 2519 2520 2519 2521 2519 2519 1205 2519 2521 2521 2520 2519 2520 2520 2519 2519 2520 2519 2520 2519 2521 2519 2520 2519 2519 2521 2520 2520 2519 2520
205 2524 1535 2524 2525 1538 1535 65 2239 1538 386 2524 1895 2524 68 289 2524 1554 1538 2524 2524 550 2524 1535 2524 1831 2524 1092 244 2524 2524 2524 250 2524 169 169 1938 1629 2524 2524 2524 1629 1552 169 1538 2524 250 2524 79 2524 2524 253 2524 386 2524 383 2524 169 465 2016 2524 1543 1538 68 2524 169 2524 505 2524 1629 1751 2524 2524 2125 1897 2524 1538 1084 1543 386 1694 2524 460 99 2524 962 243 242 1543 2524 1629 2524 1538 1535 2526 211 169 465 1543 2524
206 2528 2529 431 2527 2531 2529 431 2527 431 2527 2528 2531 2529 2531 2529 431 2527 2528 2531 2529 2531 431 2527 2528 2531 2529 431 2527 2528 2531 2529 2531 2529 461 2531 2529 2527 2531 2529 431 2527 2528 2529 431 2527 2528 2531 2529 431 2527 2531 2529 2529 431 2527 1314 431 2527 431 2527 2532 2527 2531 2529 431 2529 431 2527 2528 2531 2529 431 2527 431 2527 2528 2529 2531 2529 431 2527 2528 2531 2529 431 2527 2528 2531 2529 2531 2529 2531 431 2527 431 2527 2528 2529 431 2527 2531 2529 2528 2531 2528 2531 2529 2529 2531 2529 431 2527 2528 2531 431 2527 2528 2531 2529 431 2527 2528 2531 2529 431 2527 2528 431 2527 2528 2531 2529 2531 2529 2533 431 2527 2528 2531 2529 431 2527 2528 2531 2529 431 2527 2531 2529 431 2527 2528 2527 431 2527 2531 431 2527 431 2527 2528 431 2527 2528 431 2527 2528 2534 2531 2529 2531 2529 2531 2529 2535 431 2527 2528 2533 2531 2529 431 2527 2528 2531 2529 431 2527 2531 2529 431 2527 2530 2528 2529 431 2527 2530 2531 2531 2529 431 2530 2528 2531 2527 2530 2528 2531 2529 431 2527 2530 2531 2529 431 2527 2530 431 2527 2530 2528 2531 2529 2527 2530 431 2527 2530 2531 2529 431 2527 2530 431 2527 2530 2528 2531 431 2527 2530 2529 431 2527 2528 2531 2529 431 2527 2530 2528 2529 431 2527 2530 2531 2529 431 2527 2530 2528 2531 2529 2531 431 2527 2530
207 169 2244 76 336 2537 2537 1065 1593 955 1065 1593 1163 1065 993 705 1595 216 1595 2536 83 554 554 2013 1065 1065 2244 2537 532 705 943 708 1065 2537 2243 258 29 1895 256 2537 2537 1593 2537 943 948 555 218 1548 216 532 320 2196 209 2196 38 948 2544 1981 2206 320 2196 2537 1593 2011 230 106 2196 954 2537 948 320 1802 2013 1167 401 2196 2244 351 396 415 934 555 2278 401 2217 220 2542 541 258 2539 948 2539 955 260 2195 320 2539 1593 705 1895 2546 2539 2196 320 392 1593 1905 2537 2221 1802 2540 401 934 2196 1593 541 216 588 1593 1536 1167 709 1536 70 402 2543 705 222 38 955 169 322 2537 2068 2539 2242 2537 2242 2539 2537 2540 394 362 2545 1534 299 2538 2537 1595 2242 2540 2196 1064 2539 2242 2242 1593 1893 2242 2541 1549 266 2242 2242 955 2242 2538 73 1388 539 70 2539 2242 543 1074 2539 2541 38 1802 1038
208 2547 2548 2547 2547 2548 2548 2548 2547 2548 2548 2548 1573 2547 2548 2547 2548 2547 2470 2094 997 2549 2548 2547 2548 2547 2548 2547 2470 997 2549 2547 2548 2547 2548 2548 2548 2547 2548 2549 2548 2547 2550 2548 2547 2548 2547 2547 2548 2548 2547 2094 2547 2547 2548 2547 997 997 2549 2547 2549 2548 2547 997 2547 2548
209 981 2409 2163 220 494 2163 2409 125 268 2409 2409 326 268 268 494 2553 2409 1657 2553 2409 258 2409 2163 2409 2163 2555 430 2555 1654 2552 2551 1654 2556 1654 23 935 2163 494 460 2409 2551 2552 1657 430 2409 672 672 1 2409 460 2315 1172 726 494 1050 2554 1050 268 1581 326 2409 2557 494 258 494 326
210 2558 2558 550 2558 2558 2558 2558 460 2558 2558 1572 2558 2559 2558 550 2558 2558 188 2558 2558 2558 2558 2558 2558 2558 1166 2558 2559 2558 2558 2558 1572 2558 2558 2558 2558 2558 2558 2558 2558 2558 1618 164 2558 2558 2558 2558 2558 2558 2558 2559 2558 2558 2558 2558 2558 2558 620 2558 2558 2558 2558 2558 2558 2558 2558 358 2011 2558 1493 763 2559 1827 693 365 1827
211 2561 105 1931 105 125 96 1445 1931 105 105 1931 105 1594 1931 105 258 1931 105 251 105 256 402 1931 105 105 1445 1931 105 1931 105 1931 105 105 2014 1931 60 1931 1931 1084 105 1807 105 60 1931 1931 105 125 1931 105 1931 105 1594 1931 105 215 1931 105 1862 392 307 712 1931 1929 105 105 1931 105 105 1931 105 105 1931 105 47 2560 1684 1931 105 1929 105 1213 105 215 215 1931 105 105 1931 1121 1931 1862 1862 2093 1931 1931 1931 105 1922 2220 1931 991 60 1178 105 1390 1390 1 1124 155 1862 105 1931 105 106 230
212 2563 2563 2562 2562 2564 2563 72 2563 2563 2563 1145 2563 2564 169 2563 2563 2563 2562 2564 2563 2563 2563 2563 2563 1145 2563 2562 2563 2563 2563 2563 2563 2562 2563 2563 2563 2562 2563 2562 2563 2565 2563 2563 2563 2563 2563 2566 2563 2563 2563 2562 2155 2563 2563 2563 169 2563 2563 1145 2562 2563 2563 2563 1145 2563 2562 2563 2563 2563 2562 2562 2563 2563 11 2563 2563 2562 2563 2563 2563 698 2563 1145 2563 698 1145 2563 2563 2562 2563 2563 2562 2563 887 1579 2563 2563 2563 2563 2562 2563 2563 2563 2563 2563 2563 2563
213 9 385 268 2567 2569 392 994 268 852 1033 691 1465 1978 553 2568 1465 128 1517 1385 268 1890 288 970 414 1400 250 2480 2480 276 1663 2569 322 93 1080 991 1056 224 1056 2571 2572 234 305 408 308 638 1339 2090 882 1854 1084 1148 9 2469 526 2309 224 561 2570 288 846 11
214 2010 299 2573 45 773 2574 2574 211 926 2575 2573 2573 2010 299 677 2573 2573 2573 2575 2573 2010 299 2573 2573 2573 926 2010 299 677 2574 2573 2573 2573 2010 299 2574 2010 299 2573 2574 2575 299 677 134 2574 2573 2577 2574 2010 2575 2573 2573 2573 2573 952 2575 329 2573 2573 2574 2575 2573 2573 2573 2574 2573 2574 2574 2574 2575 2575 2573 2573 894 2574 2573 2573 1955 2574 1 232 1 661 2574 2573 1 2573 106 2575 2574 661 2574 2573 2575 2574 2573 2573 2575 2576 926 2573 2573 2574 1572 2573 2575 2573 2574 2573 2573 2573 2573 2573 2573 232 602
215 139 2579 2578 2578 2578 2579 2578 2578 2086 2578 2578 2579 2578 139 1242 875 1934 1493 2578 135 499 47 1042 101 970 2578 1703 2578 2578 1813 2579 2578 139 2578 230 230 2578 1761 2579 2578 2579 2578 2578 600 2580 600 2578 600 1319 2578 2578 2579 140 2578 2579 2579 2578 2579 1761 2579 450 47 2578 2579 2578 600 1948 2578 2579 2578 256 2578 450 2578 2579 450 2579 1166 539 2578 2579 5 2578 2578 2578 1 450 2579 2578 2578 2578 2578 2578 139 2579 365 2579 2579 2578 2578 2579 2578 2579 2578 106 2579 2578 139 2578 2579 2579 2579 2579 2578 2578 2579 2578 2579 2578 1952 2578 2578 2578 2579 620 2578 2578
216 2583 67 1317 2583 2582 1216 2587 2581 2582 2581 2219 2583 1317 2581 2586 2582 1317 67 2585 67 1317 2219 2582 2585 67 2583 1317 2219 2583 1317 67 2587 2585 67 2581 2586 67 2585 1317 2581 2583 2582 2581 1317 1079 503 169 2587 2587 623 935 1319 181 67 2581 2583 1317 2586 2582 1317 2219 2582 67 1317 2581 2581 2586 2582 2581 2583 1397 1911 2026 2581 2219 1317 67 874 2026 2585 1317 2581 2219 655 2058 2585 1317 2219 1317 1307 169 2581 2219 2585 67 2219 2586 2026 2585 2582 2583 581 2018 1528 2268 552 67 2026 1317 2582 67 2582 67 575 2585 1273 1317 2586 2582 1526 809 1317 2585 2026 2585 2585 2585 67 2582 1317 67 1546 2026 2585 67 1317 2026 2026 2586 2582 527 67 2585 67 2582 1317 67 2585 2586 783 2584
217 1762 742 2070 1160 25 1688 742 1094 789 2364 2592 2364 790 1810 2593 1340 245 2590 561 1780 742 959 744 2364 2191 1102 787 264 968 787 305 19 1160 528 1342 268 737 786 2591 2588 500 1160 790 1511 707 1784 1762 2589 831 1088 1778 1784 1511 0 1160 1688 980 460 1160 2251
218 1 11 609 101 527 1743 1743 101 165 2444 267 2197 943 1 125 326 11 461 196 397 1513 392 1753 1698 552 547 1535 1000 539 326 566 546 569 1181
219 1537 2594 2070 163 2596 2598 550 8 1705 2594 2178 1717 2595 1811 11 548 2596 2595 899 1537 2597 1537 463 397 2594 312 2568 2595 397 2596 397 2596 1691 2595 176 1537 1618 2509 803 2280 164 2011 2512 2509 1799
220 2599 2603 2602 2599 2599 903 2599 903 919 903 2599 903 2604 169 2599 1162 169 164 2599 2599 903 164 2600 903 2599 2599 903 2599 169 2599 1121 2599 494 643 2599 903 67 903 2599 2599 211 2600 903 2604 2599 494 2599 459 903 2599 1219 919 903 2601 683 1654
221 398 1397 906 867 759 293 873 392 2277 2277 685 1929 87 47 549 339 1287 1854 2608 1854 1717 1051 38 220 969 841 2277 1741 2607 1266 748 1985 428 841 125 2605 125 841 285 101 622 62 841 549 788 220 1830 2196 101 1395 402 293 841 1037 221 1579 293 125 841 1579 543 305 1546 1308 385 389 325 2606 2349 1436
222 1474 596 67 2094 832 550 1526 2094 2610 1474 1474 710 1474 822 2609 1474 67 340 1474 968 163 365 28 1020 1339 67 2159 1178 769 2474 1279
223 232 987 871 2613 769 1617 2094 147 871 2611 2611 2611 358 871 2611 2611 2611 2611 2612 2611 2611 2611 2612 2611 2611 2611 358 2611 2611 2094 874 2611 358 871 871 955 2144 788 570 871 605 52 147 1738 871 358
224 2615 2614 899 899 2614 899 345 35 724 899 2614 2614 2615 724 2614 899 2615 899 2614 2615 2614 345 724 2614 2615 2615 2615 2614 2615 2615 2615 2615 2614 899 2615 724 2615 2615 2371 47 1674 2615 350 2614 2614 2614 724 344 2614 2614 2614 1268 1674 2614 2614 2616 1406 364 2614 561
225 1197 1679 1197 1679 1197 1679 1 106 1679 1197 1679 1679 1197 1270 1197 126 994 1197 1679 1197 1197 1679 5 2423 126 1197 122 1343 1197 1270 1197 1197 1197 1816 560 1465 1270 1197 697 392 1197 96 1197 2100 1197 122 1978 697 1674 581 1197 397 1197 1340 1197 99 122 99 886 122 697 1197 1197 1197
226 134 2617 91 1389 315 134 2618 1742 377 661 1530 1964 1742 2438 1727 1042 453 2619 1399 1209 2617 2617 1960 2617 2617 2617 2617 2617 828 362 2617 2617 2617 299 366 1119 1144 2149 465
227 2622 2620 1973 2622 2308 1664 2621 2621 2621 822 2621 2624 2621 85 2621 642 1664 2621 99 2031 2621 2621 2621 2621 2621 2623 2621 2620 2621 2620 391 2620 2620 1105 2620 2620 2621 2620 2620 2621 1846 2620 2620 2621
228 264 1292 1265 2626 2625 264 2625 2590 2627 1153 2627 2625 2625 264 2627 2627 2627 2625 2627 2627 2627 2628 264 2627 169 2627 1506 2627 2625 2626 269 1506 264 2625 2627 264 2627 264 2627 2625 1151 2627 2625 1151 2625 2627 2625 2627 2627 2627 2625 2625 1013 2625 1785 2625 748 1501 2625 1501 1978 2625 2626 87 1013 2626 1171 264 1785 2625 2625 1501 2625 264 748 271 2625 1151 264 2625 2625 2626 696 1752 785 1163 1265 2625 264 2625 1506 271 1292 2625 2625 2625 1032 2625 264 2625 2625 363 2625 1781
229 1095 303 1095 2629 1095 2629 1095 2629 298 303 1095 1095 1095 2629 2629 1984 1095 2460 957 1095 2629 2629 1095 1095 2629 2236 2629 2629 2629 2629 1095 2629 2628 1095 1095 2629 1095 64 1095 1095 2629 2629 1095 1095 2629 1095 1095 1694 2629 1095 169 14 2629 1095 2629 2629 1095 2629 1095 2629 1095 1095 528 1095 528 1095 2628 2629 528 2629 1095 2629 2629 2629 688 1368 1095 1095 1095 1167 2237 2629 1095 267 2629 1095 1095 1095 1095 1742 2568 528 2629 1095 1095 1095 1008 1095 1095 1095 1095 1095 1095 1022 1095 170 1095 2630 2117 2630 1095 1095 2630 957 2630 2630 2630 2630 1095 1154 1095 2630 2630 1095 2630 11 2630 1095 1095 1898 2630 2630 1095 2630 1095 171 1778 1095 2630 1095 796
230 2182 1012 2633 628 336 2634 628 628 2182 2182 2182 336 2182 2141 2182 2589 1 305 217 179 1623 713 377 258 2631 1763 1763 2631 377 336 2631 1763 1763 2631 377 1763 1763 1763 179 1763 256 2631 1763 1763 258 701 1763 1763 1763 2182 2635 2182 362 999 2182 2182 1041 2182 2182 2182 2182 14 2182 2182 2182 459 572 2182 2182 628 2632
231 428 772 600 619 1990 2606 428 772 634 433 449 182 2229 494 2636 1 44 125 428 994 494 426 501 428 2480 2166 2086
232 11 2637 1158 1556 289 305 651 1158 618 476 1787 1721 1158 2637 1158 2206 67 67 1302 2638 2637 1158 1624 2280 1897 1544 99 259 290 1984 2590 956 67 11 2639 2637 67 515 67 1158 618 2637 1158 2 67 2637 295 466 515 1414 128 2637 1158 855 2637 2637 1158 382 2637 2072 1158 197 251 362 1034 52 2618 1183 1470 515 14 1006 73 2536 1 1 1121 638 648 614 1549 1006 2501 128 1157 11 106
233 2641 1936 324 552 552 552 2641 1167 1811 962 385 393 303 268 576 576 45 2641 321 385 1926 2641 45 2640 2640 2640 324 324 45 2640 551 324 576 324 1321 384 2642 1596 324 324 2640 2640 2641 1549 2643 2643 2640 2640 163 2640 2644 2640 2640 1003 318 362 2494 1110 2640 397 2640 779 2640 2640 1414 2640 2640 2640 2640 2238 2640 2640 2640 1353 382 638 440 2640 551 813 268 223 2640 2214 2640 2640 1212 2640 1827 2640 2640 2640 2640 2640 2640 2640
234 2561 1079 2647 833 2645 833 2645 833 2645 2647 833 1079 2561 2647 833 2645 833 2645 47 1517 844 1099 2645 833 30 830 833 2645 2647 45 1579 336 833 2645 2645 833 833 2645 1079 2647 833 2645 1263 17 1105 1517 1915 1178 15 2646 2646 221 61 2645 776 2646 103 2646 2645 103 103 103 2275 2645 2646 2647 2645 103 1888 2646 1888 2647 2646 2646 2646 833 2646 169 2645 2647 844 1099 1694 2645 2645 833 103 505 2645 103 505 2645 103 1930 114 2645 1323 310 505 1148 2645 505 2645 505 2645 103 833 2645 103 2645 103 2645 103 368 45 2645 1888 2645 103 505 2645 505 505 1888 351 47 613 2645 2645 103 1888 2645 30 114 2645 505 2645 505 1 2645 1888 2645 2646 776 2646 362 2646 2646 1526 1388 157 844 1949
235 2650 172 678 169 119 1584 2652 651 650 288 1370 293 2650 1285 2653 606 206 2650 1148 2649 1350 1227 169 169 2595 564 595 119 2011 1274 678 2650 665 2650 160 169 2650 2650 133 127 2650 2656 2650 2649 160 160 2650 2649 2650 2649 2649 2650 2650 2650 2062 2649 2651 2650 2649 2650 2649 2650 2649 2312 2655 2650 2650 2650 2649 2649 678 2654 2648 2234 675 2066 1663 1656 2649
236 2657 2657 1618 2657 2657 2657 2657 2657 2657 2657 2657 2657 2657 2657 2657 2657 2657 2657 912 2657 2657 2429 1618 460 2657 2657 2657 2657 2657 2657 2657 2657 2657 2657 2657 2657 2657 2657 2657 1409 1409 2657 2657 1409 2657 2657 1409 2657 1409 403 468 1409 2657 2657 2657 1409 1409 2657 1409 2657 2657 1409 2657 2657 2657 2657 1409 2657 2657 2657 2657 2657 2657 2657 1409
237 2659 2658 518 169 2659 22 2659 2658 2659 2659 2659 2658 2659 518 2339 1233 2658 2659 518 2659 675 2658 2659 1314 518 2658 583 2658 2659 2658 2659 2658 2659 518 1616 518 2659 2658 2659 2659 2658 2658 17 777 1216 1234 1659 1146 2664 2665 2658 614 2659 701 1230 777 2661 2659 2660 2662 519 2660 2662 2660 2662 2660 2662 2660 450 254 178 2663 2660 2660 2660 777 665 2660 1233 2660 2660 2660 2660 2662 1734 2662 2660 597 2660 2660 2660 2660 2660 460 336 2663 137 134 659 299 2660 2482 2660 2660 2660 362 362 2660 2660 2660 999 779 2663 2660 2660 2660 889 2659 2660 336 2277 609 52 1889 2660 2663 2666 2660 2660 828 2660 45
238 169 2668 2668 2668 164 2668 164 2668 2668 2668 164 2671 2668 164 2671 164 2668 164 164 2668 164 164 164 2668 164 2668 164 2668 2668 2669 1266 2668 397 169 2667 1090 868 2667 169 268 2671 169 169 164 900 2671 2670 169 2667 2667 2667 336 169 169 169 2667 169 169 2667 129 164 164 2671 2667 2667 2667 2667 2667 169 45 2667
239 842 2672 2672 842 1733 1809 842 842 2672 1830 971 842 2672 2672 842 2672 2672 842 2672 1598 842 209 256 842 2672 2672 949 2167 842 2672 842 2672 2672 842 2672 842 2672 842 310 2672 1809 2543 2672 842 2672 842 2672 2672 1809 842 2672 842 2672 842 2672 842 2672 842 2672 471 2672 2358
240 2673 449 2674 2673 449 2673 2673 2673 2673 230 106 2674 2673 2674 106 2673 2674 2673 2674 2673 106 106 2673 2673 106 2673 2674 2673 2673 2673 2673 2673 2673 106 2673 2673 2673 2673 2673 106 2673 2674 2673 2673 329 2673 329 2674 2674 2673 329 2673 2673 2673 2673 2673 2673 2673 381 329 2673 2673 2674 2673 2673 2673 2673 2673 2673 47 1095 329 106 2674 2673 2673 2673 2673 2673 2673 1412 2675 2673 2674 1412 2673 1412 2 2674 2673 2673 1412 2673 2673 2673 2673 2673
241 2676 2677 2676 2677 2676 169 963 2676 2676 122 367 2676 2432 2428 2677 2679 11 2677 2676 2677 2677 1719 11 2676 1996 838 164 169 169 1117 460 2678 2676 2678 2676 2676 2676 2677 1008 701 2677 2677 2677 2678 2678 2676 2676 2676 2676 164 2678 2678 2678 2676 2677 2678 2677 2678 2676 2676 787 789 477 2676 2676 2678 2677
242 2681 2680 2179 2680 2681 2680 1245 2680 2680 2179 2681 2680 2680 2680 2680 2683 2680 1245 2682 1245 2179 2680 2682 2680 2681 1245 2682 2683 2179 2681 2683 2683 2683 1245 2682 2680 1270 1245 1310 2684 2681 2681 2680 2681 1245 2683 2681 2179 1811 1310 2683 1245 2682 2680 1245 1473 962 531 2681 18 2680 2681 363 2681 1310 2680 2680 2681 353 2680 2681 2680 325 1249 2682 2682 2680 2682 962 2682 935 18 6 2680 2682 2680 11 2680 2682 2179 2682 2682 2680 2682 2680 2680 363 2682 2682 2680 2682
243 112 2685 2564 11 112 2564 2564 385 1805 392 1045 1852 2685 2685 112 63 967 2685 2564 112 2031 647 385 392 87 2686 1559 101 1735 112 112 460 2685 112 2688 2186 296 2685 2685 2685 112 30 515 1110 2186 2239 1926 2214 707 1414 130 1852 795 12 392 1921 2685 2685 515 2685 2564 2685 1624 67 2685 2685 112 2685 515 1414 2685 2685 112 2685 112 1759 2685 112 11 11 112 2685 2202 2685 967 284 2685 112 112 30 2685 2202 2685 2685 2685 2685 112 1414 647 2685 2685 2685 112 2685 112 112 2685 1549 1368 2687 515 176 828 2687 2689 157 795 2687 326 385 551 2687 1106 1759 1318 2687 1759 112 2687 295 1933 1933 1831 1759
244 2693 2690 810 2690 2690 52 389 2690 783 2690 2692 336 1178 783 2690 65 955 2690 2690 783 1764 955 1787 783 955 1121 279 2690 2690 2690 2690 2690 2690 2690 1121 2690 2690 2690 92 1017 279 2690 305 86 462 510 1088 2690 1351 1551 208 2695 2690 2690 223 1168 2480 803 2061 2107 2065 2061 2065 2065 2065 2061 2061 2691 1 1178 1182 517 2065 1548 2694 2061 2065 171 2065 2065 751 2061 2065 2065 2065 2274 2065
245 409 2696 2701 2638 2700 2706 2698 2697 2696 2638 2697 2698 1976 2697 2698 2700 2698 1025 2696 2701 2638 2698 73 2696 2638 2699 1343 1579 2697 2698 1105 2704 2698 1848 2478 2698 2698 2638 2699 2698 1314 18 2698 2697 2705 2700 2698 2696 2698 2638 1396 2698 2700 689 2698 385 2702 1343 2638 2699 2638 2700 2698 2697 2638 2700 2698 2696 2698 2696 2701 2638 47 1769 2699 2701 2698 2638 2696 2698 2696 2698 2178 539 2069 2697 2698 1769 2698 2696 2638 2699 2701 2698 2638 2700 2698 2698 385 1343 368 2698 2701 2638 2696 1367 2698 2697 217 1769 638 2699 2701 2698 2638 2699 2700 827 2697 2698 2056 2698 2698 2698 2638 2638 2700 2701 2697 2698 2638 2700 2701 99 2697 2369 1769 2698 2701 460 638 1075 470 2698 2638 2699 2701 2638 2696 2638 2700 2698 2638 2699 1006 2638 2699 2699 2701 2638 2699 2701 2698 2698 2638 2701 2699 317 2703 2698 2701 2697 362 1542 2698 2700 2699 2698 2698 2638 2697 2699 648 6 978 2699 2638 2699 2698 1129 2697 1439 2698 1732 2638 2700 2638 2697 157 2698 2699 1388
246 946 946 2709 986 628 2708 2707 1793 628 1793 1131 1005 946 1793 1496 30 1024 2482 1011 122 96 18 377 114 45 1793 45 83 1319 691 377 946 887 1899 887 2128 887 946 377 768 467 768 804 576 474 1068 209 946 946 1682
247 11 1687 1687 11 1687 1687 552 410 169 63 1559 1687 383 11 1687 552 1687 854 858 1 1687 1023 1687 169 121 1131 2116 613 440 895 11 680 1023 1 1 11 552 11 11 842 1687 329 11 363 1687 11 11 1687 1687 1525 1 11 2710 11 11 1687 2710 1687 11 1
248 1095 1529 1811 287 296 296 1529 70 1529 822 460 458 106 458 1529 1020 458 956 1485 458 460 2711 1704 2711 561 691 2251 467 2256 2148 233 233 2256 2148 233 406 1895 209 458 2712 207 2172 828 2256 2148 1106 2256 2148 2256 67 67 2344 164 2256 2148 1030 2712 1109 1002 2256 863 11 2712 1368 2256 2256 1534 860 1542 2714 2256 1722 1059 2712 1925 2256 2256 1385 1437 2713 2256 2713 1362 2256 1437 2256 630 630 630 2256 630 1534 542 27 2256 29 1400 1759 2256 630
249 287 287 287 287 287 287 287 1812 287 287 1351 287 287 287 287 287 287 2565 671 287 287 287 287 287 287 818 287 230 287 287 1597 287 287 19 287 287 287 287 287 287 287 287 287 287 287 287 2189 1485 287 287 287 287 287 287 287 287 287 287 287 287 287 287 528 287 287 287 287 287 287 1182 287 287 287 287 287 287 287 287 287 287 287 287 287 287 1094 2486 287 287 287 287 287 287 287 287 287 287 287 287 287 287 287 287 287 287 287 2173 287 287 287 287 287 287 287 287 287 287 287 287 287 287 1124 287 287 287 2173 287 287 287 287
250 617 2192 2073 1972 209 87 1925 852 1368 96 2715 2192 2718 2512 2715 290 2281 2512 87 2073 11 2512 2716 2486 2192 2192 2641 2642 2716 1775 19 2717 2192 2717 1182 128 2192 2192 2717 128 2716 975 1041 1775 130 2486 1642 2073 1981 750 11 2192 852 2073 2192 2716 106 2717 2073 2192 286 963 2486 2192 21 2356 2192 16 2073 12 1437
251 2721 2719 2719 2719 412 2719 2719 2719 2719 2723 1006 2719 2719 2719 2719 2719 1102 1034 956 2719 862 11 11 959 2637 2618 1245 766 1160 787 2719 1023 699 787 2720 284 1102 2210 2719 2695 2721 295 2719 2719 964 2719 456 979 956 1172 2719 2719 1466 2719 766 773 2719 2719 2719 1750 2357 2719 2009 2719 2719 11 2722 2719 552 1045 2719 2719 2719 2719 968 1488 2719 2719
252 642 2317 2414 2724 2315 2317 106 2317 1916 1581 2317 25 2236 1095 2315 2317 2726 488 2725 320 484 435 25 747 125 600 320 81 600 125 2236 2236 1956 1694 701 2317 1976 2236 1916 2236 1066 320 620 494 2416 230 2727 494 1155 555 2236
253 2729 2730 2728 2730 2728 22 2730 2728 2729 2730 134 299 299 2730 2728 2729 2728 2729 2730 2728 2729 2730 2728 2729 2730 2728 913 2730 2728 2729 2730 2728 1241 913 2730 2728 913 1241 2730 2728 2728 2730 2728 2729 2733 2730 2728 2729 2730 2728 2729 2730 134 299 178 59 47 2083 2728 2729 1241 2730 2728 2729 2730 2728 2729 2728 2730 2730 2730 1241 2730 2728 2728 2730 1817 268 2730 2728 2729 178 2728 2730 2728 2729 2730 59 2728 178 1512 982 1512 181 2730 2730 2728 2730 2728 1845 268 1499 2728 2729 1241 2728 2730 2729 2728 2730 2728 2729 2730 2730 1845 351 2731 2613 2730 1845 181 2729 2730 268 1499 2730 1845 1845 2728 1845 2729 2730 1845 2731 2724 2732 2730 2730 1845 1845 2341 2730 2730 2732 2730 2731 2724 1845 2730 913 2730 1845 2724 1845 2730 1845 1845 2730 2730 2730 1845 2732 2724 2730 2730 1845 2732 2731 1845 1845 2730 1845 2731 2724 1845 2730 2732 2730 1845 2724 1845 2730 1845 2732 2724 2731 2724 1845 2730 1845 2732 2731 851 2730 2732 2728 2729 2730 2732 2724 2730 1845 2730 1845 2732 1845 1507 178 1845 851 1845 289 2729 2724 2731 2730 1845 2730 1845 1845 2732 2731 2732 2731 2343 1845 2730 1845 2731 2730 2730 1845 2724 1845 2730 154 154 2730 2731 2730 1845 2731 1845 2732 2731 1845
254 269 269 685 1184 2734 2735 467 11 11 2189 1812 11 619 2189 2735 792 2182 2182 1805 19 272 287 458 1351 1023 252 2734 457 2734 2735 1812 1812 1357 511 2469 272 1809 1763 2735 2734 124 1812 2735 84 1763 269 1812 269 1839 1095 1688 1 1 1809 1639 1779 2281 1978 11 207 2086
255 2736 2736 37 2736 2736 2736 2736 2736 2736 2736 2736 2736 2736 2736 2736 271 2736 1760 2736 2737 1509 401 2178 81 2736 2736 2237 91 91 2736 1509 37 2736 2736 2737 2736 2736 2736 2141 2736 451 410 311 106 1159 2541
256 2081 1981 503 503 1236 583 2273 600 1389 976 1061 976 2028 600 503 1122 503 2343 2343 2479 44 2437 2738 1392 275 541 323 1576 460 1855 600 2118 2118 1317 1226 887 978 1556 2081 1538 506 1398 2014 600 2014 73 539 65
257 2740 2739 2740 2740 2739 2740 360 2740 2739 2739 576 2740 2740 2739 2739 2739 2739 2739 2740 2739 2740 2739 2739 2739 2739 35 2739 2739 2739 2740 2739 2739 2739 2739 2739 2739 50 2739 2739 512 2739 893 2740 2739 2739 2739 2739
258 2742 1665 2741 2742 2603 2741 2744 775 2083 1978 2741 2744 613 2741 1665 2741 2741 2742 2741 2742 2744 2744 2742 2742 2741 2742 2741 2603 2741 2603 1665 2741 2742 2741 2741 2603 494 2603 2742 2741 2741 2741 2603 2742 2741 2741 2741 2741 494 2557 2557 2741 667 2603 2742 2741 2742 2603 2742 2741 2745 2741 2741 2603 494 494 2557 2743 2741 1665 2741 2603 2741 2741 2603 2741 2742 2741 2603 2741 2603 2741 1665 2741 2741 2741 2741 2557 2741 2603 2741 2603 2741 2742 2741 2603 2741 2557 494 2741 2603 2741 2603 2741 1195 2684 2741 2603 2603 2741 2744 2741 2603 2744
259 1677 2746 2749 2746 1677 2746 1125 336 2746 2746 2746 2746 115 111 2749 169 1677 2746 2746 2746 2746 1677 1677 67 623 1677 2746 302 2746 1677 17 515 1677 2746 2746 1677 2746 1677 2709 2746 1185 1385 413 169 2011 169 2746 550 1677 2746 2746 1677 325 2746 164 2746 2746 2746 600 2746 11 2053 2746 402 235 2746 2746 2746 392 1805 2588 169 2746 2746 104 465 385 2746 2746 2746 169 234 2746 63 2746 2746 2746 2746 2746 2746 1693 596 2071 52 2746 2746 1 968 1148 2748 1385 107 30 302 1448 2709 2747 11 326 25 2161
260 2750 2346 1240 2750 2750 2750 2346 49 1574 1240 2752 2752 2750 2750 2750 2346 49 1574 1240 2751 2750 2750 2346 49 49 1240 1574 2751 2752 2750 2750 2346 2751 2751 2750 2750 2752 2750 2346 49 1574 1240 2752 2751 2752 2346 49 1574 1240 2752 2751 2752 2750 2752 2751 2750 2750 1240 1574 2752 2750 2752 2750 2752 2750 2750 2752 2752 2750 2750 2751 2750 2751 2752 2750 2346 49 1574 1240 2750 2750 2751 2750 1574 2752 2752 2750 2750 2751 2752 2750 2750 2751 2752 2750 49 1240 1574 2752 2751 2752 2751 2752 2351 2752 2750 2750 2751 2752 2750 49 1574 2752 2750 1574 2752 2751 2750 49 49 2754 2753 2753 2268 49 334 2755 185 2268 1282 2268 2268 49 31
261 2757 2757 2756 2757 2757 2757 1659 1349 2757 1659 2757 2761 1659 1659 2757 1659 1659 1659 2295 2757 2295 1659 1659 2757 1349 1659 1659 1659 2756 1659 1659 1659 2759 2763 2757 1659 2757 1659 1659 1659 2759 1659 1659 1349 2759 1659 2759 1659 1659 2759 1659 2759 1659 2295 2759 1659 1659 2759 2757 1659 2756 2759 1659 2759 1659 2756 2756 2764 2759 2759 1659 2756 2295 2758 2764 2759 2765 1659 2295 2295 1659 1659 2295 2758 2765 2756 995 2764 2763 1659 2756 2762 2759 2765 2762 2759 1659 1659 1659 2759 1659 2762 2760 2761 2759 995 2765 2295 2758 2762 2760 1659 2759 2762 2760 1659 995 2763 1659 2759 2763 995 2760 2762 1659 2763 995 2761 2295 2760 2762 2761 995 2763 2295 2758 2295 1349 1659 2759 2763 1659 2762 1659 2759 2765 2760 2762 1659 2761 995 2764 2759 2763 1659 2759 2759 2759 2757 2295 2763 2763 2765 2757 2763 1659 2757 2762 1659 2764 2760 2762 2763 1659 2295 2758 2757 2757 2760 2759 1659 2295 2758 2759 2765 2764 2760 2760 2764 2757 995 2762 2757 2762 1659 2762 2763 995 2757 2295 2758 2759 2760 2761 1659 2758 1349 2759 2764 2759 768 2762 2761 2762 2760 2762 2763 995 2757 2764 2763 2759 2763 2762 2759 2762 2760 2762 995 2764 1659 2295 2758 2762 2765 2760 995 2759 2761 995 2758 2764 2765 1659 2757 2760 2762 2763 2765 2758 2760 2762 1659 2758 2760 995 2765 2759 2757 2763 2761 2759 2762 995 2765 2762 995 2761 2762 995 2760 2762 2763 995 2764 2758 1659 2760 1659 995 1659 2759 2761 2758 2757 2760 2762 995 2295 2762 1659 2762 1659 2761 2763 1150 995 2764 2760 2762 1150 2761 2764 2760 2761 2758 2295 2763 1150 995 2762 2762 2762 1150 2762 1659 2764
262 2766 2766 2061 2766 2766 269 1007 2766 2766 2061 246 2766 2766 2373 2766 2766 2061 2766 1007 2766 2766 2061 2766 320 2766 2766 2766 2766 2061 2766 2766 1088 2766 737 999 2766 2061 1168 2766 1088 328 2589 2766 2766 1802 1168 2061 25 2766 1168 2203 2767 1796 2766 2061 2766 2061 2766 269 1781 2766 2061 2766 2766
263 1903 1473 1903 2769 2768 1903 337 1903 2769 1622 2769 1903 1903 2768 2768 2769 1903 2768 2768 2770 1903 2769 164 1 2768 2769 2769 764 764 337 2549 2768 1903 2768 1903 2608 2768 2769 2768 1338 2549 2549 2769 1817 2768 1903 2768 2769 2769 1903 1622 764 1900 2768 2769 2769 2768 2768 2769 2768 2768 1903 2768 1339 2565
264 1190 114 1063 394 1923 391 394 1063 1063 1190 1063 305 305 1063 1084 394 224 2772 73 1063 2571 1055 80 1084 377 2239 1340 2239 1063 818 971 268 263 80 80 829 2771 2771 1063 2771 2771 2771 2158 2771 114 2771 1599 114 2771 2771 2771 2771 2771 114 2771 1031 2771 2771 2771 2771 2771 2771 2771
265 1 1217 2136 129 1 1 129 161 1006 804 1093 2473 1093 448 796 796 796 796 796 272 129 2774 2136 190 47 59 1878 1878 1849 272 272 1867 272 272 272 272 1878 272 272 161 272 1742 796 272 2141 2141 309 2141 715 715 77 11 2369 108 77 417 11 11 108 1273 176 176 42 176 2775 176 176 2776 42 47 1114 787 969 1 2618 1465 1994 2773 1390 1 11 11
266 2661 2785 2666 2777 2662 2778 2662 2778 2780 2782 1150 59 47 697 697 59 2777 2666 22 22 22 22 900 2784 2777 2666 2666 2777 2666 2777 2662 2778 2666 2777 2662 2778 2779 481 2782 2788 2783 59 398 397 59 843 2662 2778 1374 2662 2778 2780 2780 2666 2777 2662 2778 2662 2778 2780 2777 2666 2662 2778 1314 1314 1322 1216 2783 2780 2777 2666 2782 1150 583 583 583 1888 1888 1888 2662 2778 2781 2779 2662 2778 2662 2778 2782 2779 2778 2662 2778 2785 2787 2269 1523 2662 2778 2662 2778 2787 2790 1263 2780 17 17 2779 2269 2787 1523 2780 2781 1235 2780 2432 903 641 2780 2779 1235 2783 67 1216 2783 908 664 908 904 919 158 1150 519 519 1235 2781 2780 843 1235 2785 2792 1235 2781 2780 2783 185 460 185 2783 2779 1150 1888 1143 2785 1216 2783 259 2779 259 259 2783 181 18 606 2783 1235 2781 1234 2779 2780 505 505 1235 2780 2781 1235 2780 2787 2269 1523 2783 2783 2754 2791 2791 843 1235 2781 1235 2780 2786 2785 2786 2780 2780 2781 1235 2782 1234 2779 843 2780 2781 2783 319 73 2783 2780 2781 1235 2782 1234 1150 2783 2754 1216 1322 665 505 913 2781 1234 641 909 2779 2783 2754 67 1062 2783 416 1062 1889 1783 1560 1546 2783 2269 2787 2754 665 2754 588 2787 2785 2661 2789 2786 2781 1235 2781 1234 1235 2779 2785 1235 2781 2782 1235 2781 2782 2779 125 600 600 1135 620 157 2754 2783 2777 2666 2777 2666 2782 557 1150 600 1234 843 171 2780 1234 843 59 600
267 1221 460 2793 2793 2364 2793 2793 2793 2793 2793 2793 1011 2793 691 2793 52 2793 2793 2793 2793 2793 467 2793 2793 2793 1348 1365 2793 946 2722 233 47 2438 2794 47 1043 1851 2793 1833 1730 2199 125 2748 879 950 45 118 691 2793 2075 321 1730 2793
268 2127 2645 2795 2127 1015 2127 2127 1352 106 1435 2795 2127 2795 2127 1352 2127 2795 2795 1 1 1435 18 2127 2127 2795 1352 2127 260 2795 2127 2795 2108 2795 2127 2127 2127 2645 1352 2795 2127 2795 2127 2127 1352 275 2795 2795 2127 2127 368 2796 2795 2127 2795 2127 2795 2127 368 2127 368 2127 2127 2127 2795 2127 1352 2645 2127 1352 1352 368 368 2645 934 1735 326 368 2127 803 368 2127 368 2689 2645 2795 2127 1352 1 2127 2127 2127 2645 368 2127 1326 2127 2127 2127 2797
269 291 2800 2798 1105 2597 2597 840 2597 1974 2798 2798 1430 1430 2546 2597 45 2597 2799 2798 2798 2798 1430 2798 1430 1974 2546 555 2798 2798 2799 52 2802 2473 2798 1430 2798 2257 2798 1430 2597 2798 2597 2801 2798 2799 1430 2798 2798 1430 125 2798 164 2798 1430 2597 2799 125 2801 1224 2597 2546 2798 2597 2799 1430 2798 2597 2798 2597 2798 1430 2801 2546 2798 1525 2798 2597 2798 1430 1525 2798 2597 2798 48 52 1430 2798 1224 1430 2798 2597 1430 1390 1 1430 1783 2798 796 2798 1031
270 2353 2353 2803 2353 2804 2803 2353 1677 2353 2803 112 2353 2105 2803 2353 2353 2804 2803 111 2353 2353 2804 2803 2353 2804 2804 2804 2353 2353 2105 2353 2353 2352 2804 2353 2105 2804 2353 111 181 2804 2105 111 2353 2353 1178 181 2803 1677 2803 2353 114 2353 2105 2804 2353 2804 2353 2804 2804 2353 2353 2353 2804 1178 2353 2353 2804 2804 1178 2804 2353 820 2804 2353 1178 1677 111 2353 2353 1677 2803 2353 2353 2803 2353 111 2105 2804 2803 2105 2803 1178 2353 2352
271 2805 2805 338 755 755 2805 2805 756 755 757 2805 755 757 756 2805 338 755 757 756 755 760 756 2805 364 2806 755 756 757 2805 755 757 760 756 2805 344 188 2806 2805 755 757 760 2805 755 757 338 338 755 1904 2799 344 1405 2806 1405 2806 1904 559 1 417 2806 337 147 338 338 2805 337 147 1494 2805 2806 188 338 2806 11 91 910 910 2170 338 829 337 147 1051 2807 2808 755 2809 2809 397 2810 2806 344 755 756 773 344
272 1667 2478 1667 965 2183 965 1667 122 1679 2183 965 697 965 1597 965 2183 2183 391 1597 1667 391 1597 1580 2183 2025 301 576 106 581 965 691 30 965 109 301 2069 614 965 1667 2811 15 2183 2811 107 2183 301 30 301 30 301 965 965 122 670 2183 965 1680 964 965 2183 670 2183 1241 1667 1069 965 2183 965 670 2183 965 30 2812 965 2183 965 965 965 2183 2183 965 652 1070 2183 2183 965 965 965 1517 965 2183 1753 965 2183 2183 614 11
273 110 1364 1364 110 110 110 110 2076 1469 1597 1270 110 1387 110 1356 807 110 110 110 2076 110 130 296 506 394 112 506 110 114 2031 1157 688 303 1227 2725 546 2246 110 321 2714 1162 1470 1368 30 1759 84 1297 110 1266 2460 1577 1989 303 1840 557 464 2607 234 963 1759 402 546 9 2607
274 2813 2445 2813 2445 2813 2445 2445 1547 418 2445 2813 2445 670 670 1547 1078 2445 87 2813 2445 2813 2813 2445 1774 1547 2220 1034 294 1111 1111 2445 2813 2445 2813 2445 2813 2445 2813 1547 377 1685 2813 2813 11 2813 2813 2813 290 1547 2813 2445 2445 2445 2813 2445 2445 2813 2445 2046 1247 2813 2813 2813 1504 2813 2445 2814 2813 2445 2813 618 2813 2813 2445 2813 2445 2813 2813 2445 1154 1906 1111 2813 2813 2445 1786 2813 2813 1111 1078 1547 1937 106 2445 2445 2813 2445 106 1547 1547 2813 1547 2813 1984 1547 1547 2478 2813 2813
275 2817 2715 2816 2815 2715 87 2815 1897 1805 2715 2816 2715 2715 2816 2815 2715 2816 2817 86 2590 2815 389 325 1805 2816 2715 2816 106 2815 2222 65 52 556 2222 392 649 552 1805 87 2351 2715 2816 87 2817 2715 2816 2817 2815 2715 2816 2815 2351 2715 2816 2715 2816 2817 2715 2816 2815 2715 2816 2715 2715 1805 2815 87 2351 2715 2816 2817 2715 2816 2351 2715 2816 2715 2816 2166 2715 2816 2715 2817 2816 2815 2815 2715 2816 2817 2715 2816 2817 2715 2816 2817 2815 1178 1805 2815 2715 2816 2715 2715 2816 2715 2816 2817 1805 2715 2816 2815 1810 1805 392 1306 2351 2715 2816 2351 2715 2816 2815 1805 2351 2715 2816 729 2016 2817 2715
276 2820 452 2820 2818 2818 2818 2819 221 1080 2819 1 2820 2818 2820 221 12 2818 2820 953 2820 2819 2818 2820 2820 2818 628 2819 1 283 2818 2820 2818 2820 2818 2820 2820 1561 2818 2820 873 2818 2820 2819 2820 873 2820 2820 1178 2818 1528 2820 2819 1953 873 955 322 2820 873 2818 2820 208 2818 2820 2820 2820 1558 2820 2819 2820 2820 2480 1854 2819 2820 2820 2820 2820 1420 2821 1827 2821 2820 322 362 2820 2821 2820 2821 2821 2821 2820 1385 2820 2821 2821 1385 2821 873 2821 2821 2821 157 2822 1385 2821 2693 2821 2821 2820 1558 2820 2820 873 2821 2821 2821 873 2820 873 2821 2820 2820 2820 2504 966 2821 2820 2821 2820 1385 2820 1561 2820 1441 2820 2821 2820 2821 2821 2820 2820 2821 2821 1 2820 2820 2821 2820 2820 2821 2821 2820 2820 2821 2821 2820 2505 2821 2820 2820 1561 1385 2820 2820 2820
277 2824 1512 701 1512 2824 663 1500 1508 1501 1151 2824 701 663 1508 1151 1151 1508 1500 663 1512 2824 2824 720 2724 2831 2823 2824 2824 2824 2824 2824 2828 2824 2824 2824 2824 2824 2823 2824 2669 2823 2824 2823 2823 2823 2824 2823 1473 524 2826 522 2830 520 2825 57 2829 2338 1862 1868 1881 1865 1272 1285 1281 2823 2824 2823 1281 1272 1865 1881 2829 531 2829 2825 520 2824 2823 1272 1880 1881 1868 155 2827 155 2338 2829 520 2830 522 2826 524 2823 2824 2824 2823 752 2826 2830 2825 2829 2338 155 57 2825 520 2826 524 752 2823 2824 2824 2823 1281 1272 1865 1881 1862 155 2827 2338 2829 57 2825 520 2830 2826 2824 2823 1473 752 522 2830 520 2825 57 2338 2827 155 2829 57 2823 2824 2824 2824 155 2823 2824 2824 2823 2824 2824 2824 312 2824 2824 2824 2824 312 2824 2824 2824 2824 2824 2823 2824 2824 2824 2823 459
278 812 615 460 2721 1545 47 2721 2832 2721 489 1549 956 716 2721 1106 45 651 1787 956 321 135 290 2832 2832 1979 1975 139 2832 2721 99 1343 956 2009 1084 2721 135 2037 2721 2721 2721 2721 2721 2832 2721 2009 67 2721 460 648 2721 321 2234 852 2721 2009 1787 2459 2721
279 1375 2836 2833 1908 2834 2292 22 2292 2838 1397 44 2292 2834 2292 2292 2846 2845 67 527 2302 2292 2843 2292 2526 1541 2833 1908 2834 2292 1907 2835 277 1557 882 854 1190 44 2837 2847 2292 2846 2845 2292 2837 2836 1375 1538 2843 2833 2833 1908 2834 1314 1539 862 583 2292 2838 587 44 2837 651 2292 2836 2526 2847 2837 2846 2845 1539 2292 2159 2292 385 533 2844 2843 1375 2292 2837 2833 1908 2834 2292 549 2802 389 1539 651 1043 970 2111 2845 1543 324 11 11 2838 44 2837 2292 2834 2838 1043 2847 2292 2846 101 2845 2292 2837 2292 2834 2843 2844 1375 2833 1908 2834 11 1190 44 2837 2292 2847 2846 2845 1539 2292 2837 1907 854 2843 2844 2845 1564 2833 1908 2834 977 615 324 2838 44 2837 2847 2837 1375 2833 324 259 169 2111 18 2847 1541 2837 2843 2844 1907 732 305 1541 2833 1908 2834 1539 1535 2838 1907 44 2847 1190 651 2843 2844 2292 305 2027 2833 1908 549 1539 991 2213 440 2841 2838 44 2837 2841 2838 44 2836 2843 2844 1190 305 2838 2837 1190 2847 305 2199 1805 2843 2844 2833 1908 2834 11 11 44 499 854 2843 2844 1190 1343 2833 2834 835 2838 2847 2292 2845 2833 2292 2845 1006 1933 2838 44 389 169 2838 305 1539 99 1539 379 44 2837 1190 2292 2836 2847 2846 729 305 1908 2840 44 169 2837 1190 2292 854 2842 2846 2833 2837 1908 2834 1497 2837 2833 2834 65 2847 2292 2833 1908 2836 2838 2837 2845 2837 2843 2844 2837 2833 2834 1190 362 67 2838 2837 44 2292 44 1698 2838 2837 2292 2839 2839 274 2838 44 1399 2847 2844 251 555 11 2839 63 1387 11
280 2850 2853 2850 2851 2576 2852 2850 2853 2850 2854 1968 2849 1968 2848 2849 2850 2850 2851 2852 2852 2854 2850 2851 2849 2851 2852 2849 2854 2850 2849 2854 2850 2576 2849 2850 2853 2852 2576 2850 1333 2576 2850 2849 2850 2576 2850 2850 2851 2852 2850 2853 2850 2852 2850 2850 2852 2576 2852 2852 2576 2849 2850 1333 2576 2853 2849 2854 2576 2850 2853 2850 2850 2852 2853 2849 2850 2852 2851 2850 2852 2576 2853 2851 2852 2576 2853 2850 2852 2850 1333 2852 2853 2849 2854 2850 2852 2850 2851 2850 2852 2576 2850 2850 1333 2852 2576 2853 2849 2850 2850 2852 2853 2854 2850 2576 2852 2576 2852 2850 2853 2849 2852 2852 2850 2576 2576 1333 2852 2850 2576 2852 2849 2854 2850 2854 2851 2851 2850 2852 2576 2849 2850 2852 2850 2853 2850 2852 2850 2850 2850 2854 2850 2853 2850 2853 2849 2576 1333 2852 2850 2853 2849 2854 926 2850 2849 2852 2850 2850 2849 2852 268 2850 2849 2850 2851 2852 2850 2574 2849 1202 2850 2851 2576 2849 2854 2850 2852 2849 2851 2852 2041 2574 1333 2852 2852 2849 2855 2852 2852 2851 2852 2852 2849 2850 2852 2576 2853 2850 2850 2849 2851 2576 2849 2852 2850 2849 2854 2852 2850 2850 2852 2849 2854 2852 2849 2850 2850 2852 2850
281 2857 2063 2063 1084 2857 2063 2063 1740 812 2063 2063 2063 2063 2063 2063 2063 2063 812 2063 253 2063 2063 2063 2063 2063 125 2063 2063 2063 383 2063 2063 2063 282 1535 2063 2063 2063 1535 1158 2063 1934 176 2063 2063 2063 2063 125 2063 2063 1 383 2063 2063 1286 2063 2063 2111 2063 2063 2063 2063 1823 83 197 2063 2063 2063 1286 2063 862 2430 2063 2063 2063 125 2063 2063 2063 627 197 1353 2063 1934 2063 747 2210 2063 2063 386 854 2687 2063 2063 895 99 2856 2063 2063 2063 1977 2063 2063 2063 2063 1934 1232 1232 2063 2063 2063 197 2063 386 253 2063 1346 2063 2063 1559
282 1748 11 11 377 1399 2859 937 2858 268 2460 526 1793 223 1399 258 484 392 2449 1159 1933 1895 1399 1 1748 1174 1748 325 1022 422 401 87 1991 1041 521 11 11 1041 1357 99 2222 2814 408 1495 2209 1006 1748 2193 235 2165 302 302 1052 235 29 1006 2188 1092 302 106 1896 861 1324 326 1102 91 11 119 1 1804 1041 322
283 1947 1078 1504 1078 121 1168 76 892 1529 1078 2149 1789 1111 857 1117 460 1084 2363 100 2862 2216 844 612 2369 857 857 2101 362 2860 2863 1082 542 391 2860 1386 2860 2863 2860 2864 25 2113 2861
284 1880 2770 287 458 1880 1374 1865 583 2770 2769 550 2770 54 2865 2770 1888 1570 2769 1888 2769 552 2769 2770 2770 1865 1880 2770 1880 174 165 1610 2866 337 164 721 1880 188 165 362 779 779 721 353 165 607 178 1190 1622 2769 366 550 2769 2453
285 1030 2565 1577 326 389 183 460 1021 201 2867 11 2867 250 2869 1549 169 1030 2467 2467 862 275 1587 2868 1175 1 263 304 1647 11 1030 362 2152 2861 2631 1896 2867 1806 1587 256 2738 828 828 638 1532 11 336 828 532
286 299 808 140 1243 808 299 2871 2871 2871 2871 2871 299 2011 2874 2011 2874 2870 2011 2870 2011 2870 2871 2871 2871 326 2011 2870 2871 2871 299 808 891 808 299 2871 2872 2871 2871 2872 2870 2871 2871 2870 2011 2871 2870 2011 2871 2870 2871 2871 2011 2871 2872 2871 927 2871 2011 2871 2870 661 2871 2871 2872 2871 2872 2872 2871 2872 2871 2870 2874 2870 2749 2871 2870 2872 2871 2871 2870 2872 2871 2872 2871 2871 2871 2871 2872 299 2871 2871 2523 2871 1789 2871 2872 2871 2871 299 299 30 2871 927 2749 2749 2749 2749 2749 2749 2749 2749 2873
287 67 2834 2875 2875 67 2876 67 2876 2875 2834 2875 67 2834 2875 1911 67 2876 2875 67 2834 2875 67 67 2834 2875 822 67 67 2834 2875 67 2834 2875 67 2834 2875 67 1236 2035 606 67 67 2834 2875 2876 2875 67 2876 2875 67 2876 2875 67 2876 2875 822 67 2875 1911 67 67 2876 2875 67 2876 2875 67 2875 67 2834 2875 1811 67 2834 2875 67 2834 67 2834 2875 67 2834 2875 67 2834 2875 2876 2875 2876 2875 2834 2875 822 67 2834 2875 67 2834 2875 206 2834 2875 2834 2875 67 2834 2875 67 2834 2875 2834 2875 67 67 2834 2875 2834 2875 67 2876 2875 67 2876 2875 67 2834 2875 67 2834 2875 67 2876 2875 2876 2875 67 2834 2875 1911 169 299 2834 2875 67 2876 2875 67 2876 2875 67 2876 2875 2876 2876 2875 67 2834 2875 67 206 2876 2875 67 2875 67 67 67 822 460 206 2834 1852 67 1911 2875 67 67 2834 2875 2876 2875 67 2875 67 1911 2834 67 67 362 67 2875 2834 2875 2834 2875 67 822 67 67 2875 2875 2875 67 67 2834 2875 1911 67 2834 2875 67 67 67 2834 2875 2834 822 2834 2875 67 67 2875 67 67 2875 255 2834 2875 67 67 2875 67 255 2875 2834 2875 67
288 2157 723 720 2157 2877 2035 67 2733 550 2877 2880 2877 2877 2877 2733 169 2877 2733 2877 2157 2564 1564 2877 1211 2877 2701 67 2035 2877 2877 2877 2877 2877 655 305 891 52 1349 2877 2157 67 2877 2879 2035 206 67 305 878 1704 47 305 67 2877 1349 2879 2733 2157 2877 570 1399 2157 67 2879 2879 1281 2877 2733 834 2157 2157 1499 2879 1705 84 2877 2879 2880 2877 2733 169 2881 2035 2733 2878 2877 2877 2733 2879 2733 2877 2157 2877 2877 2665 828 2877 2879 2880 2879 2879 2877 2879 2879 2879 2035 2879 2877 2665 2879 2733 2879 2733 2879 2880 2879 2880 2879 2880 2879 2880 2879 182 878 2879 2879 2035 2880 2879 2733 2733 2877 2879
289 2882 950 2882 1539 1212 2882 1045 130 2882 1740 1321 1005 392 2882 882 2076 2882 2882 1045 2882 2882 1555 2882 250 2882 250 250 2882 385 295 2882 2882 2882 2882 315 786 991 2882 277 2882 2882 2882 2882 130 1006 1366 1691 2882 2882 2882 1165 305 2882 2882 882 2882 2246 2882 1933 2882 1758 1539 109 99 2882 862 950 607 2883 2882 1693 2767 326 86 2882 266 882 2856 277 2882 1167 2882 1165 2882
290 2349 326 1536 169 2159 305 499 52 1826 169 169 326 739 554 2277 1915 2885 1094 739 2277 2159 583 47 1813 2277 326 169 326 810 0 67 204 203 552 422 1808 169 326 2884 1021 660 2884 169 326 82 329 1027 660 1552 326 2884 326 169 499 305 2885 1536 2884 2159 242 941 1915 499 734 2884 326 603 2884 2277 169 169 499 2884 2884 125 499 2277 2884 169 2884 47 176 949 2167 169 169 6 2884 2884 2277 169 169 499 2887 267 688 688 1245 2884 739 2159 2886 665 1486 2886 2568 2884 2210 252 2884 1
291 1166 2888 2888 2888 305 2888 297 181 2888 2888 391 2889 2888 2888 122 2888 297 2888 2878 915 1579 185 2664 1393 2888 2888 297 2888 2664 305 181 297 2888 2888 2888 1579 2664 1623 2888 2351 30 297 2888 391 297 1365 297 297 151 151 297 30 297 297 151 122 297 297 1323 297 297 1809 161 30 1526 1393 297 297 2665 1579 297
292 2893 2894 1101 1222 664 2894 2896 2890 2892 2897 2898 181 2893 856 2901 2907 2893 2894 664 1222 2890 2891 2892 2894 1222 2890 2892 2899 2894 664 1222 2894 664 2896 22 2890 2891 2892 2897 2898 856 2894 664 1222 664 2894 2896 2892 2897 2898 856 2914 2901 2893 664 664 2894 2896 2891 2892 2893 856 2914 2902 2893 2894 664 1222 2900 664 2894 2896 2893 856 2902 2893 2894 1222 2895 1222 664 2894 2896 2890 2891 2892 2897 2897 2898 2893 2892 2890 2892 2899 2894 664 1222 2890 2892 2897 2918 2896 2894 664 1222 2890 2891 2892 2899 2894 1101 1222 2890 2897 2898 2893 856 2902 2890 2892 2897 2893 856 2901 2893 2894 664 1222 2890 2891 2892 2897 2899 2894 664 2900 1222 1222 664 2894 2896 2890 2891 2892 2897 2899 2894 664 1222 2921 664 2894 2896 2891 2892 2899 2894 664 2900 1222 2900 1222 664 2894 2896 2891 2892 2899 2894 664 1222 2900 583 664 2894 2896 2890 2891 2892 2898 2052 2342 2897 2898 134 449 449 808 2894 664 1222 664 2896 2890 2892 2897 2898 2893 856 2891 2897 2898 856 2914 2901 2902 2893 2894 664 664 2894 2896 2890 2891 2890 2891 2892 2897 2898 2893 856 1592 2901 2902 2893 2894 664 1222 664 2894 2890 2891 2892 2897 2899 2894 664 664 2894 2890 2891 2892 2897 2899 664 1222 2898 2893 856 2914 2901 2893 2894 1222 664 2894 1508 2890 2891 2892 2052 1238 2052 2893 856 2902 2908 2893 2783 2890 2891 2892 2897 2898 2893 856 2901 2893 1515 1223 1223 1222 664 2894 2896 2890 2891 2892 2897 2109 2899 2894 2890 2891 2892 2899 664 2894 2896 2890 2891 2897 2897 2893 856 2901 2891 2892 2897 2899 2894 1222 664 2894 2896 2890 2891 2892 2897 2906 489 942 1222 664 2894 2896 2890 2891 2892 2897 2899 2894 664 2921 2900 664 2894 2896 2890 2891 2892 2897 2899 2894 664 664 2894 2896 2890 2892 2897 2898 856 2902 2893 664 1222 664 2894 2896 2890 2891 2892 2897 2898 2893 2907 2908 2907 2893 2894 1222 664 2894 2896 2891 2892 2897 2898 2893 2907 2893 1222 664 2894 2890 2891 2892 2897 2898 2907 856 2901 2902 2908 2890 2891 2907 664 1222 664 2894 2896 2890 2897 2899 2891 2892 2898 2893 2907 856 2902 2907 2893 1222 664 2894 2896 2897 2898 2893 2907 856 2902 2907 2893 2894 664 2894 2896 2891 2892 2897 2893 2907 2914 2901 2902 2908 2907 2893 2894 664 2921 1222 664 2894 2896 2900 1222 489 2890 2891 2892 2897 2895 2894 664 1222 259 664 2894 2896 2890 2891 2892 2897 2907 856 2914 2907 2893 2894 664 1222 664 2894 2896 2891 2892 2898 2893 856 2902 2908 2907 2893 2894 664 664 2894 2896 2890 2891 2892 2897 2898 181 293 181 856 2902 2908 2890 2891 2898 2907 856 2901 2902 2908 2892 2897 2918 2899 2894 664 1222 2900 2890 2891 2892 2897 2899 2894 664 1222 2903 2908 2907 2893 2894 664 664 2894 2896 2890 2891 2897 2897 2893 2907 856 2902 2908 2907 2893 2894 1083 2894 664 2896 2890 2891 2897 2898 2898 2893 2907 856 953 2902 2907 2893 2894 664 1222 2890 2892 2897 2898 2893 2907 856 2914 2901 2902 2907 2893 1515 1223 664 1222 2896 2919 2920 2892 664 1222 664 2894 2896 2891 2892 2897 2891 2897 2918 2899 2894 664 1222 664 2894 2896 2890 2891 2892 2897 2897 2898 2893 2907 856 2902 2908 2907 2893 2894 2903 664 1222 2894 2896 664 2890 2891 2892 2905 2898 2893 2907 2902 2908 2893 2894 664 664 2894 2896 2890 2891 2892 2897 2898 2893 856 2908 2907 2893 664 1222 2900 1222 664 2894 2896 2052 1238 2894 1222 2900 1222 664 2894 2896 2892 2918 2894 1222 664 2894 2896 2891 2892 2897 2898 2893 2907 856 2902 2908 2907 2894 1222 2894 2896 2892 2898 2893 2907 856 2902 2908 2907 2907 2893 2894 664 1222 664 2894 2891 2892 2897 2898 2893 2907 2890 2892 2905 2897 2922 2899 2894 664 1083 2895 1222 2900 664 2894 1083 2890 2891 2905 2898 2893 2902 2902 2908 2907 2893 1222 664 2894 2896 2890 2891 2905 2898 2893 2901 2908 2907 2894 2900 1222 2894 2895 2918 2896 2890 2891 2897 2897 2893 2907 856 2914 2907 2894 1222 664 2894 2896 2890 2892 2897 2898 2907 856 2901 2902 2908 2907 2907 2893 37 2894 1222 2900 1222 2894 1083 2896 2890 2891 856 2907 2893 1507 2895 2903 1222 2894 1083 2896 2919 2920 2892 2891 2892 2897 2918 1083 2895 1222 2894 1083 2918 2890 2892 2897 2920 2919 2897 2907 2893 2894 2895 1222 2910 2907 2893 2894 2895 664 1222 664 2894 1083 2918 2896 2890 2905 2892 2897 2898 2893 2907 856 2901 2907 2893 1507 2894 2903 664 1222 664 2628 2894 2918 2896 2890 2892 2893 2907 1595 2901 2908 2910 2907 2894 2895 2903 664 2900 2900 1222 664 2904 2918 2896 2890 2891 2897 2898 2907 856 2901 2902 2908 2910 2907 2893 1223 664 1222 2894 664 1083 2109 2918 2896 2892 2897 2897 2899 2895 2903 2890 2905 2897 2898 2907 2901 2910 2907 2893 1507 37 2894 2903 1222 2894 1083 2918 2896 2890 2891 2892 2893 2907 2901 2902 2907 2893 2893 1507 37 2894 2895 2903 1222 1222 2891 2905 2892 2897 2898 2893 2907 856 2901 2902 2908 2893 37 2894 2895 2903 2907 2893 1515 1223 2891 2905 2892 2897 2898 2907 856 2902 1507 37 2895 2903 2900 1222 2904 2918 2896 2890 2891 2905 2109 1083 1222 1222 2894 1083 2918 2896 2890 2891 2892 2898 2908 2892 2897 2897 2920 2919 2905 2892 2897 2899 2900 2894 1083 2918 2896 2905 2898 856 2902 2910 2907 2893 37 37 2894 2895 2903 1222 2904 2905 2897 2906 37 1507 2907 856 2908 2910 2907 2893 1507 37 2903 2904 2918 2896 2891 2905 2897 2895 2903 1222 2904 2918 2896 2890 2892 2918 2899 2894 2900 2890 2891 2905 2892 2897 2898 2907 2893 1507 37 37 2894 2903 2900 1222 2904 2918 2896 2890 2909 2897 2893 856 2914 2901 2902 2908 2910 2890 2905 2909 2897 2907 2901 2902 2910 1507 37 2894 2890 2891 2905 2909 2898 2907 856 2890 2891 2892 2905 2892 2909 2897 2897 2918 2895 2894 1083 2918 2896 2902 2908 2910 2893 1507 37 2895 2903 2900 2904 2904 2918 2896 2891 2892 2890 2892 2909 2897 2898 2907 856 2890 2905 2892 2897 2897 2893 856 2901 2902 2910 1507 37 2915 2895 2903 2900 2894 2904 2904 2918 2917 2896 2907 856 2890 2891 2892 2109 2894 2903 2900 1222 2907 856 2901 2902 2908 2890 2891 2892 2905 2897 2897 2893 2907 856 2901 2920 2909 2897 2898 2907 856 2908 2910 2893 37 2894 2895 2903 2900 2894 1083 2918 2890 2891 2920 2919 2892 2892 2896 2897 2918 2899 2894 2895 2903 1222 2890 2892 2897 2897 2893 2907 2914 2901 2902 2908 2898 856 2914 2913 2897 2893 856 2902 2910 2893 1507 2915 2894 2895 2903 2900 1222 2894 2904 2912 2915 2894 2895 2903 2900 2921 2894 1083 2918 2912 2891 2892 2909 2913 2893 2907 856 2908 2890 2891 2892 2913 2907 2902 2893 1507 37 2915 2894 2890 2891 2905 2909 2913 2898 2893 2907 2914 2908 2890 2891 2892 2909 2897 2898 2893 2901 2902 2910 2907 1307 169 1507 37 2900 2894 2904 2904 2918 2912 2905 2892 2913 2897 2898 2893 2907 2914 2901 2908 2907 2893 1507 37 2915 2894 2895 2903 2900 2894 2904 2904 2918 2891 2905 2892 2913 2897 2898 856 2901 2902 2908 2893 1507 2915 2895 2903 1222 2904 2918 2899 2890 2891 2909 2913 2897 2923 1238 2052 181 1223 1507 37 2915 2921 1222 2894 2904 2904 2890 2891 2892 2913 2915 2903 2900 2894 2904 2904 2918 2912 2891 2920 2892 2897 2892 2913 2897 2894 2900 2894 2918 2899 2895 2900 2921 1222 2890 2892 2913 2897 2918 2894 2895 2903 2900 1222 2904 2918 1226 2890 2891 2892 2909 2897 2894 2895 2903 2890 2891 2905 2892 2898 856 2914 2901 2910 2907 2902 2908 2724 1508 2894 2904 2918 2912 2890 2891 2893 2902 2893 1508 2918 2899 2894 2895 2900 2904 2904 2918 2912 779 2890 2891 2905 2892 2913 2897 2907 2901 2891 2905 2913 2897 2907 2902 37 2894 2900 1222 2894 2904 2918 2891 2892 2909 2897 2891 2898 2893 2907 856 2902 2908 37 2915 2894 2895 1222 2894 2904 2904 2918 2912 2890 2891 2892 2909 2913 2897 2918 2894 2895 1222 2904 2912 2905 2892 2909 2913 2897 2898 2893 2907 856 2901 2902 2908 2893 37 2915 2894 2895 2900 1222 1083 2918 2912 2890 2905 2909 2897 2898 2893 2907 856 2901 2902 2908 2893 2894 2895 2903 1222 2894 1083 2912 2891 2920 2919 2892 2913 2891 2892 2917 2894 2903 2900 2894 2904 2904 2918 2912 2890 2891 2890 2891 2905 2892 2913 2897 2898 2907 856 2902 2908 2893 1507 2894 2895 2903 2900 1222 2904 2918 2912 2890 2905 2892 2909 2897 2907 856 2914 2902 2910 2893 1507 2915 2894 2895 2903 1222 2894 2904 2904 2917 2918 2890 2892 2909 2897 2907 2902 2910 2893 2915 2903 2900 1222 2894 2904 2918 2912 2891 2892 2909 2913 2907 2908 157 2905 2892 2913 2897 2898 2914 2902 2908 2910 1507 37 2903 2900 2894 1083 2918 2912 2890 2900 1083 2918 2912 2892 2913 2897 2918 2894 2921 2904 2912 2891 2905 2909 2913 2898 2893 856 2902 2908 2893 1507 2915 2894 2903 2890 2891 2905 2898 2893 856 2914 2901 2908 2910 2891 2905 2892 2897 2898 2893 856 2907 37 2894 2895 2900 1222 2918 2917 2912 2920 2919 2890 2897 2920 2919 2892 2897 2899 2894 2895 2900 1222 2895 2894 2900 2894 2917 2109 2918 2912 2891 2905 2892 2909 2897 2893 2907 856 2907 2893 2894 2900 1222 2894 2904 2904 2918 2909 2913 2893 856 2914 2908 2910 2907 2893 2895 2900 2894 2904 2918 2899 2890 2891 2913 2907 856 2902 2910 2893 1507 2894 2900 1222 2904 2904 2918 2917 2912 2890 2891 2905 2897 2893 2907 2901 1592 2910 2911 2907 2893 37 2894 2904 2912 2890 2913 2897 2893 2907 856 2907 2894 2903 1222 2894 2904 2904 2918 2912 2890 2892 2907 856 2894 2895 2903 1222 2894 1083 2916 2917 2109 2918 2912 2909 2897 2918 2895 2903 2921 2900 1222 2904 2917 2918 2890 2892 2897 2898 2893 2907 2901 2902 2911 2893 1507 37 2900 1083 2918 2890 2905 2892 2909 2898 2902 2908 1592 2907 2893 37 2903 2904 2918 2905 2892 2909 2913 2897 2898 2893 2907 2914 2901 2908 2910 37 2915 2894 2900 2904 2912 2890 2897 2898 856 2901 2905 2892 2913 2897 2898 2893 2907 856 2902 2911 2910 2907 1223 1515 2894 2904 2918 2912 2891 2919 2909 2897 2894 2895 2916 2918 2899 2912 2891 2892 2913 2897 2918 2899 2894 1083 2895 2900 2890 2892 2909 2913 2898 2907 2907 2902 2908 2911 1507 37 2894 2895 2903 2900 2904 2917 2912 2905 2892 2909 2897 2898 2907 2911 2893 2903 2900 2894 2904 2918 2912 2891 2905 2892 2909 2893 2907 856 2914 2901 2911 2910 1507 2903 1222 2916 1083 2109 2918 2912 2911 2914 2893 2905 2892 2913 2897 2898 856 2914 2902 2911 37 2894 2895 2903 2900 2904 2918 2912 2890 2905 2909 2899 2900 2894 1083 2109 2917 2912 2890 2909 2913 2918 2899 2895 2891 2913 2893 2910 1507 2915 2912 2890 2905 2909 2913 2897 2898 2893 856 2901 2907 37 2895 2900 1222 2894 2904 2918 2890 2891 2897 2895 2921 1222 2894 2918 2890 2909 2913 2897 2899 2894 2903 2891 2905 2909 2914 1507 2894 2904 2918 2909 2913 2907 856 2902 2911 2910 2893 1507 2915 2894 2891 2905 2913 2907 2908 2915 2894 2895 2900 2894 2916 2904 2918 2912 2919 2920 2898 2914 2901 2902 2911 2910 2900 1222 2917 2912 2909 2897 2899 2900 2894 2916 2109 2890 2918 2894 2916 2895 2903 2900 2894 2909 2898 2893 856 2914 2911 2907 2900 2905 2893 856 2914 2902 2910 1507 2900 2894 2904 2917 2890 2891 2897 2831 2907 2914 2901 2908 2911 2910 2907 2893 2915 2903 2894 2891 1222 2894 2916 1083 2918 2912 2890 2891 2892 2897 2918 2903 2900 2894 2915 1507 1515 2894 2916 1083 2918 2912 2891 2909 2913 2894 2895 2894 2916 1083 2918 2905 2913 2895 2903 2900 1222 2916 1083 2109 2918 2912 2891 2892 2913 2918 2917 1083 2895 2900 2904 2918 2892 2918 2899 2900 2890 2905 2913 2899 2894 2891 2919 2920 2892 2909 2913 2897 2918 2899 2894 2916 2903 2921 1222 2109 2912 2891 2920 2919 2905 2917 2899 2894 2916 2903 2900 2890 2891 2909 2897 2898 2893 856 2908 1222 2894 2904 2912 2890 2891 2905 2909 2913 2897 2898 2902 2908 2911 2910 37 2894 2894 2904 2917 2918 2912 2892 2909 181 181 1507 37 2915 2895 2903 2921 2916 1083 2109 2917 2918 2912 2890 2895 1222 2916 1083 2917 2912 2913 2899 2894 2916 2895 2900 2918 2890 2891 2905 2892 2913 2897 2898 2907 856 2890 2891 2905 2897 1083 2895 2900 1222 2894 2904 2917 2912 2891 2905 2897 2893 856 2914 2901 2902 2908 2907 2893 1507 37 2916 2895 2903 2900 2916 2904 2891 2892 2913 2897 2898 2893 856 2914 2902 2908 2893 1507 37 2916 2895 2903 2900 2917 2912 2892 2897 2898 2907 856 2902 2907 2915 2894 2916 2903 2919 2920 2909 2913 2897 2917 2894 2895 2903 2921 1222 2904 2917 2912 2890 2905 2909 2913 2894 2921 2900 1222 2890 2891 2905 2892 2893 856 2914 2893 2895 2900 2916 2904 2917 2918 2912 2890 2891 2905 2892 2913 2897 2907 856 2902 2908 2890 2891 2905 2892 2909 2897 2907 2901 2902 2908 2911 2893 2915 2894 2916 2895 2903 2900 2894 2904 2917 2912 2890 2892 2909 2913 2897 2898 2893 2907 856 2901 2908 2894 2895 2903 1222 2916 2904 2917 2918 2912 2890 2891 2890 2909 2917 2899 2894 2916 2890 2891 2892 2898 2893 2907 2914 2901 2908 1507 37 2915 2916 2903 2900 2904 2918 2890 2891 2892 2913 2897 2893 2907 856 1507 2915 2894 2916 2895 2900 1222 2904 2912 2892 2909 2913 856 2914 2908 2911 2907 2893 1507 2915 2894 2895 2903 1222 2904 2918 2912 1223
293 1891 101 1891 1891 101 1891 101 101 1891 1891 101 101 319 2512 1178 52 2512 2512 101 1891 1891 101 1365 2512 101 101 101 101 2512 1891 1891 2512 1891 1178 2512 101 1891 101 1891 101 1891 101 101 1891 391 1891 101 1891 2436 2512 2436 101 101 708 2720 2856 1891 101 101 101 101 101 101 580 581 1891 1178 101 101 101 30 101 101 101 941 1855 101 1857 768 101 101 2924 581 101 650 122 101 2694 2694 2694 2694 2924 2694 2694
294 1043 169 169 169 2438 104 2280 290 283 2925 2925 169 321 1252 1144 2925 305 169 2926 1596 2926 1858 1858 169 388 1858 1858 2631 2926 321 411 892 1 892 2926 1824 2926 1858 2926 1495 2926 1858 2926 2120 1858 2926 2722 1016 2738 2927 305 1552 2926 2738 1295 285 209 554 52 2738 169 303 1252 2927 1824 2926 2927 962 2926 564 515 2926 2926 2926 2926 231 2926 66 2926 209 1974 2926 2926 231 1252 231 2926 2926 1872 1092 2926 2926 1579 1824 2926 169 2281 275 2926 2926 862 2925 266 2926 2926 2926 257 2243 303 2738 2926 2927 2926 2927 2926 2926 2926 266 804 2926 2927 2926 1524 2926 2927 2926 2926 2280 979 1008 283 2926 2926 2926 2687 2687 2926 2927 2926 2926 2631 2926 2926 2926 2926 2926 2926 1052 2926 2926 1763 1985 2926 1497 2926 862 2926 321 1252 1545 362 506 515 515 2925 2738 779 620 2738 2927 882 1545 2856 283 315 71 2926 2926 804 2929 2926 2926 882 2927 2738 2643 994 2738 2738 1524 2738 28 2926 2738 515 2643 11 230 2738 2738 2738 2011 256 303 2544 561 2723 2738 2373 862 283 2738 231 2738 2438 305 45 223 2280 1549 1006 1353 1212 2460 283 804 2511 322 1212 231 1414 1252 2738 315 2738 283 2149 2928 2738 1979 882
295 647 1498 2931 398 2639 2930 2931 398 2639 2687 2931 398 2112 2931 398 2931 2639 2931 2639 413 255 2931 2931 67 862 2931 2931 255 2931 2931 2931 2930 1831 1366 2931 2931 2639 651 2931 2639 1787 2931 1783 2639 255 2931 2639 2931 2930 1188 2933 67 2639 2931 2931 2931 2930 970 2931 597 2931 2930 2931 2931 2639 2931 1783 550 377 2931 2479 2639 2931 2931 2931 2931 2479 2833 2931 2931 2639 2931 1162 1018 2931 2930 1207 2931 2639 2931 2639 2931 2932 2931 835 2930 2931 2639 1162 2833 2931 854 2931 2639 2931 2639 2931 2931 2639 2833 2931 966 654 2930 2931 418 1162 2639 1787 2639 99 460 2639 2930 1495 99 2931 878 2931 1358 1270 2639 2930 2639 2930 2069 966 67 2930 1796 1
296 2713 2713 2713 104 986 2713 2713 2713 2713 1185 2713 1490 2713 1624 2713 2713 2713 1003 2713 1297 2713 2713 2713 2713 1 2713 2500 952 2713 986 1490 8 296 2713 986 106 1490 2713 1092 2713 2713 874 1105 550 11 1105 11 2713 2209 1 1379 2934 29 1297 8 1105 2713 709 2713 11 2713 1 8 1110 1490 986 986 2713 101 2713 2713
297 458 1579 2061 1095 2281 363 2491 300 336 336 2711 2711 1953 2065 784 336 2711 87 392 2281 321 1926 2189 2711 300 838 2064 2064 2061 2064 2711 91 2711 2711 11 1162 11 1732 2711 968 458 951 954 2192 2144 2711 1785 1912 233 1153 458
298 2936 1105 1108 2936 2935 838 1377 1108 1108 1108 1082 1108 2628 1108 85 1075 2936 1108 1108 1108 287 2936 863 1108 2936 1108 2936 1108 2936 791 2935 747 787 2935 2936 1108 2936 2935 1108 2936 1108 129 2935 2936 1108 2936 2935 2936 2935 2935 169 2935 2936 1108 2935 2935 2936 2936 2935 2936 2685 1902 2935 47 2438 2935 2936 2936 2936 1108 2936 2936 2936 287 2936 1108 2935 2935 791 104 256 542 1108 169 44 2935 2936 93 2935 1108 2935 2936 2935 2936 104 1108
299 2605 2605 2622 2605 2605 2310 2605 2310 2605 2622 2310 2605 1712 2605 2310 2605 2310 2605 2310 2605 2310 2605 2605 1089 2605 1391 2605 2605 2605 2605 2622 2605 106 2605 259 2703 259 2605 2605 2622 2605 2605 2605 2605 2937 2605 2605 2937 2622 310 2605 2937 2605 2605 2937 2937 2937 1391 2937 2743 2937 2937 2937 2937 2605 2605 2937 2937 2605 2605 2605 2605 2605 2938 636 2605 2605 2310 1666 1050 2622 2605 2605 2310 494 211 2605 2605 362 362 1226 2622 2605 2605 2605 2622 2605 2605 2310 2605 2605 157 157 2622 2605 2605 2605 2605 2605 2605 2622
300 402 870 1212 118 2075 460 1319 293 101 665 2939 665 460 18 402 2058 1224 870 1319 2178 305 1319 691 212 665 1254 1319 665 587 460 460 460 587 1478 1682 392 460 460 712 460 870 62 299 460 350 691 293
301 2940 2940 2940 2245 1040 2940 2940 1040 1040 2940 1040 954 2940 947 1040 933 1040 1040 2940 1040 954 1588 1040 2245 2940 1040 2245 1040 954 1040 947 2047 1040 933 1040 260 947 1116 1041 1084 951 1040 2940 951 1040 0 1896 2883 952 1040 947 1040 951 954 1040 2245 1786 951 947 2047 2942 1040 954 2245 2943 2940 2941 2941 1040 2940 947 256 2941 358 2941 952 1040 947 933 290 2245 1040 2940 1040 2940 2245 1040 947 2809 362 2941 1040 2940 1040 2941 954 2941 2941 1786 2245 2941 1040 2940 2941 2245 2941 1040 144 45 2941 828 2941 2941 713 2941 2245 954
302 1986 106 1993 169 1514 222 222 683 222 351 182 2944 236 18 73 222 1593 258 222 2944 222 2944 45 64 235 222 1514 1986 222 222 1986 45 67 305 47 1790 11 106 1986 222 182 222 2704 222 1986 99 1362 18 2944 1514 2944 222 1082 1514 11 1514 1804 1986 222 222 222 1514 2027 222 222 1986 195 267 707 1986
303 2948 2948 996 2945 2809 2808 2945 2945 2948 2945 2948 2948 766 2948 2947 1263 2948 1525 1900 299 2947 2947 448 2947 2948 2945 907 832 2945 2950 2945 2948 2040 169 962 962 2946 968 2947 659 299 2945 2093 773 2948 2945 2250 1608 2250 2949 2947 2947 2947 764 362 2809 2948 2250 2945 839 2945 176 2947 2945 2947 2945 2864 2947 2945 2947 1299 2250 125 2945 2945 2945 725 2947 2090 2945 766 125 1914 355 839 2250
304 2797 2797 2951 2797 2797 2951 2797 2797 511 2797 2797 1756 1756 2797 2797 2797 2951 2797 2797 2797 2797 2797 2797 2797 2797 2797 2951 2797 2797 2797 2951 2797 47 2797 2797 133 169 2797 2797 2797 1 2797 11 11 2797 2797 2797 288 2951 2797 2797 2797 2951 2797 2797 2797 2797 619 2797 2797 2797 2794 2797 2794 2797 2797 399 2797 2613 2797 623 2797 2797 2797 2951 2797 2797 2797 2797 2797 2797 2951 2623 2623 2951 2797 2623 2623 2797 2623 2797 2797 1796 2797 828 2797 2797 2797 2797 2797 2951 2797 2797 2797 2797 2797
305 2952 720 723 1827 1 1827 2954 720 907 2809 2809 2809 763 720 723 907 892 907 892 692 720 2954 2954 2954 2954 2954 2953 2953 2954 2953 2954 2953 2954 2953 2953 2954 2953 2955 2328 2953 2328 2328 2955 2328 2328 2955 2956 2953 2955 2953 2955 2955 2956 2955 2956 2953 2956 2955 2953 2955 2953 2955 2956 2955 2953 2955 2953 2955 892 2954 2953 2953 2953 2954 892 2953 2953 2954
306 2957 2958 140 2957 1120 2957 2957 2957 2957 143 2958 2957 2958 2957 2957 2957 659 2957 402 1857 1224 125 2957 125 411 2957 2957 143 449 2957 2957 2958 1242 2957 2957 1242 2957 659 143 2957 661 2957 2957 140 2957 1242 2957 125 2957 2957 140 444 2957 139 2957 2957 2957
307 2959 2959 2959 2959 2959 2959 341 1366 2959 2959 2959 2959 2959 2959 2960 2959 2959 1 2959 2959 2959 2959 2959 2959 2959 2959 2959 2959 2959 2959 2959 2959 2959 2959 1 2959 2959 1095 1 2671 2070 2959 2959 2959 2959 701 341 2959
308 887 887 864 887 887 887 1833 2962 864 2569 1479 887 2961 887 67 887 6 887 887 887 2961 2961 2961 2961 1624 2961 2961 14 2961 2569 2156 2707 2961 1542 2961 550 2961 2100 2961 460 2961 887 2961 2961 198 887 30 91 11 2961 2961 2961 887 2961 887 2961 2961 887 2961 300 2961 2961 864 2961 1377 2961 2961 2961 2961 2961 2961 300 2961 9 887 887 1026 968 271 768 124 2156 887 1026 1031 2156 9
309 1717 1717 1717 1717 1717 2254 409 1753 1717 1717 727 1466 1717 615 837 1105 1717 1536 846 837 1878 1717 1717 2157 1717 612 1717 1717 1717 1717 1717 952 1717 67 357 2964 1717 563 1855 2963 2963 1717 1473 1717 357 2964 1717 2502 1717 1896 2963 310 837 73 67 515 289 2963 837 1717 1878 2963 1717 2964 2473 2963 1717 481 2963 1717 2963 1717 2963 2963 1454 1717 267 1212 2963 126 357 169 1618 2963 2963 2963 1717 2964 1319 2963 845 846 1717 574 2963 2963 1717 2295 2963 779 2963 262 2963 1717 7 2963 1717 2963 5 1717 291 2963 2608 845 2963 1717 2963 1717 2963 1717 2963 2963 2963 1717 2963 2963 2963 501 2963 1717 622 409 1878 2963 832 2963 2965 2963 2178 1717 2963 1717 2772 1103 2963 2963 2963 2963 2963 1103
310 22 2966 2966 993 993 993 2966 164 2966 2966 902 11 2966 392 1741 2292 2966 2966 2966 2966 902 2966 2966 2966 2966 2966 2966 2966 2966 2966 2966 2966 2966 345 2966 164 1855 169 771 2966 1572 2966 2966 2966 2966 2966 2966 2966 2966 1903 767 723 364 2966 2966 2966 2966 2966 2966 2966 871 2966 364 2966 2966 1572 2966 2966 2966 2966 2966 2966 2966 2966 2966 2966 364 2966 2966 2967 364 2966 2967 2967 2967 359 2966 2967 2967 2967 2967 2967 2967 911 364 2967 350 2967 2967 724 2967 911 91 2967 2967 1011 389 364 2967 2967 2967 2967 2967 771 1175 2967 364 1827 2967
311 326 2292 27 1549 1743 2968 18 627 1092 1805 169 11 2968 1685 2968 1736 1212 460 2643 586 1736 1736 586 2968 586 586 1736 460 2968 1787 2968 460 169 2970 2968 2968 2970 2968 2968 2968 2970 273 255 2970 274 274 274 2968 2968 2968 256 2968 543 460 948 169 329 1236 2968 2725 1498 274 2968 2969 2969 2970 2969 2969 2969 197 2437 2867 1157 2716 2969 2292 2969 1006 1547 2292 680 2969 2971 2969 47 1547 1547 1547 1547 2969 1547 1898 2292 2969 1228 47 2969 2969 197 1092 169 2292 1547 2292 1547 2969 197 970 527 1547 1547 2205 2292 1547 2969 1547 2969 243 2969 1547 1228 1547 169 1547 2969 1547 2969 1547 2969 1547 2292 2970
312 108 601 2972 108 2972 1976 108 2275 18 108 665 807 1295 18 18 2972 2638 665 822 18 1385 108 1385 1564 665 18 402 241 2115 231 18 2972 1147 18 613 1012 18 108 1147 11 1939 1385 2114 1389 1147 1147 18 108 18 665 18 18 18 96 18 231 1147 2372 18 47 108 47 108 591 1385 1079 2972 613 18 2972 47 2930 305 18 47 45 231 231 11 287 47 45 287 665 664 2930 287 287 864 2773 287 664 47 287 47 45 664 47 1039 287 2683 458 47 2683 458 1086 339 1039 1086 1079 2962 287 1976 664 1079 1079 1086
313 2978 2973 2973 2975 2974 2976 2973 2974 431 2973 2975 2974 2975 2974 2975 2974 2973 431 2976 2975 2973 2976 431 2975 2974 2975 431 2973 2975 2976 431 2976 2975 2974 2973 2975 2974 2976 424 2973 2974 2975 2976 431 2973 2976 2976 2975 2974 2976 431 2977 2973 2974 2973 2974 2976 431 2976 2977 2408 431 431 2977 2976 431 2977 2974 2976 431 2977 2976 921 2976 2979 2979 431 2979 431 2977 2976 2979 2973 2976 431 431 2977 2976 2973 2974 431 2974
314 2980 2982 2990 2997 3002 3001 2980 2981 2982 2980 2981 2982 2990 2983 2985 2985 2986 3002 3001 2980 2984 2981 2982 2990 2980 2981 2982 2990 2983 2980 2982 2990 2984 2985 169 3004 2985 2987 2998 2980 2981 2982 2990 2991 2992 2998 2983 2983 2983 2984 2985 2985 2986 2987 2988 2989 2997 2988 2991 3004 2992 3001 2983 3001 2980 2980 2981 2981 2981 2982 2981 2981 2982 2990 2980 2981 2980 2982 2990 2980 2980 2981 2990 2980 2981 2982 2990 2983 2980 2981 2982 2990 2980 2981 2990 2982 2985 2983 2998 2992 2989 3002 2988 2981 2982 2980 2981 2982 2990 583 2984 2985 2989 3002 2980 2985 2985 2989 3002 2993 2980 2981 2982 2990 2987 2993 2988 2987 2993 2989 2993 2980 2981 2982 2990 2990 2987 2984 2991 2983 2989 2980 2980 2980 2981 2990 2984 2991 2992 2993 2985 2985 2985 2989 2986 3002 3004 2987 2980 2981 2982 461 2990 2987 2990 2980 2981 2982 2990 2987 2984 2993 2985 2985 2986 2992 2983 2981 2980 2990 2982 3004 2983 2980 2981 2982 2990 3004 2983 2983 2988 2980 2981 2987 2990 3004 2985 2985 2984 2985 2995 2980 2982 2987 2980 2984 2981 2982 2990 2987 3004 2985 2985 2981 2981 2980 2981 2987 2990 2989 2985 2985 3002 513 2987 2982 2990 2981 2984 2997 2993 2985 2997 2983 3004 2981 2980 2990 908 2991 2997 2988 2980 2981 2987 2987 2990 2987 2982 3002 2997 2998 2988 2998 2981 2987 2980 2982 2990 2992 2985 2986 2980 2981 2987 2990 2985 2984 2988 2984 2984 2989 2997 2988 2998 3002 3001 3004 2995 2980 2987 2982 2987 2985 2985 2986 2986 2990 2989 2984 2992 3004 3001 2993 2987 2980 2981 2981 2990 2990 2984 3004 2987 2981 2980 2982 2990 2984 2997 3005 3005 2980 2990 2987 2982 2981 2986 2997 2988 2987 2990 2982 2993 2987 2981 2980 2981 2982 2984 2985 3001 2991 3005 3001 2981 2985 2985 2998 2997 2988 2986 2989 511 2990 2981 2982 2987 2984 2985 2985 2983 2980 2981 2982 2990 2987 2980 2980 2990 2981 2982 2987 2992 2985 2985 550 2981 2980 2982 2990 2987 2985 3007 87 3006 3007 2985 2985 2986 2989 2997 2991 1011 87 1122 3006 2980 2987 2987 2987 2980 2987 2981 2982 2990 3001 2982 2995 2982 2987 2980 2982 2981 2990 2985 2985 3004 2997 2988 2982 2980 2980 2987 2981 2982 2990 2980 2987 2981 2980 2981 2987 2981 2990 2987 2998 3001 87 1011 3002 2989 2985 2985 2980 2990 2987 87 3006 449 2981 2991 2998 2980 2982 2990 2981 2987 2980 2982 2990 2981 2990 2987 2998 2988 2982 2990 2987 3001 2980 2982 2990 2981 2987 3004 2987 2980 2981 2982 2990 2982 2984 2997 2980 2986 2980 2987 2981 2982 2990 3004 2997 2994 2987 2980 2981 2982 2987 2981 2987 2981 2987 2987 2987 2987 2987 2987 2987 2987 2980 2982 2984 2980 2980 2982 2982 2990 2997 2990 2987 2980 2981 2981 2994 2990 2982 2980 2981 2987 2990 2987 2980 2987 2981 2994 2982 2990 875 1304 2990 2987 2981 2980 2994 2982 3003 2984 2997 2987 2980 2981 2982 2997 2998 2985 2986 3002 2989 2992 2987 2981 2994 2990 2984 2985 2985 2986 2989 3002 3003 2995 2980 2987 2994 2982 2985 2985 2985 2989 3002 2997 2987 2987 87 2994 2980 2987 2981 2982 2990 2984 3004 3001 2987 2987 2990 2994 2984 2985 2985 2993 3003 3001 2995 3001 2987 2990 2981 2981 2982 2998 2990 2985 2987 2994 2980 2982 2982 2984 2993 2987 2994 2980 2990 2982 2981 2989 2993 2984 2998 3001 2999 3003 2987 2987 2987 2987 2994 2994 2991 2987 3003 2987 2987 2994 2981 2981 2982 2998 2981 2986 2999 2999 2987 2994 2980 2981 2984 2990 2990 2984 2986 2998 2997 2989 2986 2987 2994 2980 2981 2985 2994 2987 2980 2981 2982 2982 2984 2990 3002 2999 2995 2980 2981 2990 2999 2985 2994 2987 2981 2982 2990 2999 3004 3004 2980 2990 2982 2987 2981 2992 2997 2980 2982 2981 2992 2994 2980 2990 2994 2980 2990 2987 2980 2994 2990 2982 2981 2999 2987 2994 2981 2980 2987 2994 2980 2987 2990 2985 2989 2980 2982 2981 2994 2987 2980 2980 2982 2985 3002 2986 2989 2990 2980 2982 2997 3003 2994 2987 2980 2981 2990 2999 2991 2986 2986 3004 2987 2994 2980 2999 2994 2987 2990 2981 2986 3004 2980 2981 2990 2980 2999 2991 2997 2987 2994 2994 2980 2980 2982 2986 2984 3004 2991 2997 2999 2994 2987 2980 2981 2982 2990 2992 2998 2994 2987 2981 2990 2982 2997 2996 2999 2994 2980 2987 2981 2990 2997 2980 2982 2999 2999 2986 2994 2998 2996 3003 2992 2999 2994 2987 2980 2982 2981 2996 3003 2994 2994 2986 2994 2980 2980 2996 2982 2987 2981 2998 2984 2984 3003 3003 2996 2996 2996 2980 2981 2987 2981 2990 2999 2992 3005 2996 2986 2980 2990 2981 2990 2998 2999 2994 2980 2981 2982 2996 2980 2986 2982 2987 2994 2986 2980 2987 2981 2982 2990 2987 2986 3003 2997 2987 2999 2994 2980 2990 2986 2986 2998 2997 3003 2996 2991 2999 2980 2987 2981 2982 2981 2986 2996 2999 2994 2980 2987 2981 2998 3003 2996 2992 3002 2999 2994 2980 2987 2986 2998 3001 2987 2981 2990 2999 2994 2980 2987 2981 2982 2990 2999 2987 2981 2996 2993 2986 2999 2980 2982 2994 2994 2987 2981 2981 2990 2997 2991 2986 2999 2980 2987 2985 3001 2987 2982 2990 2998 2997 2986 2987 2982 2982 2981 3003 2986 2999 2987 2982 2996 2997 2993 2998 2991 2999 2994 2980 2987 2994 2981 2982 2990 2997 2996 2995 2989 2999 2994 2980 2987 2982 2990 2981 2986 2996 2998 2997 2991 2991 2986 2980 2990 3001 2982 2985 2985 2986 2994 2982 2990 2982 2996 3003 2999 2994 2980 2987 2982 2994 2998 2996 3003 2996 3001 2985 2993 3002 3001 2997 2983 2994 2987 2982 2985 2981 2984 2997 2981 2999 2987 2982 2990 2981 3003 2997 2998 2996 2985 3001 2986 3004 2980 2980 2994 2987 2982 2990 2981 2986 2983 3000 2990 2981 2986 3003 2981 3002 2989 2998 2994 2987 2981 2985 2981 3000 2998 2997 3003 2996 2983 2999 2987 2985 2986 3000 2981 2996 3001 3002 2999 2994 2987 2980 2982 2985 2981 2993 2983 2996 3002 2980 2994 2990 2986 2981 3003 2996 2996 3002 2983 2991 2987 2994 2982 2990 2983 3000 2995 3000 3004 2980 2980 2994 2987 2981 2995 2986 2996 2997 2989 2998 2982 2992 2982 2986 2994 2998 2996 3002 2993 2989 2994 2987 2982 2986 3003 2996 2983 2986 2993 2984 2991 2999 2980 2982 2998 2990 2990 3000 2998 2996 2981 2983 2999 2987 2986 2985 2985 2987 2998 2984 3003 2997 3003 2993 3001 2986 3000 3003 2990 2998 2980 2999 2999 2980 2996 2980 2999 2980 2994 2980 2996 2986 3000 3003 2997 2997 2996 2994 2987 2986 2996 2980 2990 2981 2997 2980 2980 2981 2999 2996 2996 2990 3003 2998 3000 3002 2990 2989 2985 2995 2994 2987 2980 2987 2982 2990 3000 2986 2993 2999 2999 2994 2987 3003 2989 2985 2980 2999 2982 3002 2982 2986 2996 3000 3003 2995 2981 2990 2986 3001 2980 2990 2987 2980 3003 2998 3001 2997 31 2980 2982 2999 2990 3000 2996 3003 2997 2998 2980 2982 2990 2987 2999 2985 3000 3003 2998 3002 2997 2981 3000 3000 2999 2996 2981 2989 3001 3002 2996 2999 2987 2987 2990 2996 2984 2980 2990 2981 2990 2993 2998 3003 2989 3001 2994 2985 2989 2999 2994 2982 3003 3001 2980 2999 2994 3000 2982 2990 2986 2989 3002 3004 2989 2998 2980 2987 2982 2990 3000 2981 2980 2999 2994 2986 2996 2981 2997 3000 2989 2996 2980 2987 2999 2998 2995 3003 2980 2999 2998 2996 3003 3003 2997 2994 2982 47 2997 2981 2997 2987 2982 2999 2994 2987 2982 2996 2997 2999 2987 2982 2990 2981 2982 2987 2981 2981 2989 3003 2996 3000 2981 2989 2996 2994 2985 2994 3003 2999 2982 2997 2986 3004 2980 2996 2987 2994 2982 2997 2996 2999 2987 2982 2990 2997 3001 2980 2980 2981 2987 3000 3003 2996 2981 2997 2996 2987 2990 2982 2987 2981 2997 2990 2982 2987 2981 2986 3003 2980 2996 2980 3003 2980 2982 2994 3000 2980 2990 2987 2982 2994 2980 2987 2996 2982 2987 2994 2999 2990 2980 2994 2982 2990 2999 2987 3002 2993 2980 2990 2982 2981 2990 2997 3003 2990 2999 2990 2999 2981 3001 3002 2997 2998 2990 2998 2984 2990 2980 2982 2999 2999 2981 2994 2980 2990 2994 2981 2703 2982 2980 2994 2981 2982 2990 2994 828 2980 2982 2982 3001 2982 2996 2999 2990
315 3008 3008 2010 299 449 299 2010 3008 3008 3009 3009 3008 3008 3008 3009 3008 3008 3009 3008 3009 3009 3008 3008 3008 3008 3008 3009 3008 3009 3008 3008 3008 3009 3009 3008 3008 3009 3008 3009 3008 3008 3009 3008 3008 3008 3009 259 3008 3009 3008 3008 3009 3008 3009 505 3008 3008
316 695 3010 695 1114 3010 3010 650 695 1356 391 2501 695 3010 695 2501 1465 695 2501 3010 1093 3010 695 695 2501 3010 695 2501 3010 2501 3010 695 2501 3010 2501 777 3010 3010 695 1114 695 777 695 2501 3010 448 3010 695 695 2501 461 695 2501 695 597 695 630 695 2501 448 614 2501 630 421 460 2501 448 695 2501 448 448 2501 695 2774 210 695 2501 695 695 618 883 448 695 2501 448 2016 695 2501 391 1114 1416 2501 695 2501 695 618 883 460 2501 413 695 2501 695 2501 2501 391 1734 695 2501 675 1356 448 695 597 2501
317 915 1287 796 303 3012 3011 552 895 303 3011 3012 3011 3011 915 915 1287 3011 303 3011 680 455 1464 303 3011 3012 527 2152 3011 3012 3011 67 2351 3011 1832 303 455 303 3011 3011 59 47 2351 303 3011 303 3012 3011 3012 3012 3011 455 303 3011 3011 1245 303 796 3011 3011 552 84 3011 3012 3011 552 1252 303 3011 3011 3011 3011 3011 303 3011 3011 3011
318 356 2176 3013 54 3016 1662 912 3017 50 54 3013 908 54 50 3017 3016 1662 912 3017 50 54 356 3013 2514 3013 23 600 600 1135 2010 169 455 169 299 1993 2010 1993 299 169 293 1294 169 1993 1993 299 455 2010 1993 299 465 169 3013 455 165 326 1294 455 165 2176 3013 3018 3018 455 165 1294 3018 455 165 3013 3018 455 455 169 465 299 442 3016 442 3017 3015 50 54 54 54 664 2176 3014 3013 577 3013 3014 900 53 2164 1294 1807 600 2177 299 465 1294 1294 455 165 356 3013 455 165 1294 455 1877 1606 3018 3013 190 3013 3018 455 455 165 1294 2795 293 465 299 2010 1877 455 165 2327 1294 870 455 165 2327 664 1877 3013 455 165 1294 293 169 465 299 2010 2010 2010 1993 299 465 169 3019 2167 2167 3013 3014 54 54 50 3017 3016 3015 54 3014 3013 3013 3018 455 2327 165 293 1294 1294 2795 455 2327 165 664 2134 1877 664 3014 3013 3013 3018 664 2327 165 1294 165 2327 664 1086 2134 3018 442 3013 3013 3013 1877 664 2327 165 1294 3013 3018 664 455 2327 165 293 2327 455 664 2134 1877 3013 3018 169 2011 465 299 1993 2010 2010 1993 299 2011 2134 3013 54 1294 2860 2327 664 165 1294 165 2327 1877 600 1135 3016 50 664 3014 1877 455 165 293 1294 1662 3017 3015 50 54 3014 3013 664 455 2327 165 293 165 1877 3013 3013 3014 1877 664 2327 165 165 2327 455 664 1877 190 3014 664 50 3020 3020 1662 912 3013 3013 356 2176 3013 3013 3014 54 50 3017 3016 3016 54 3014 3013 3014 50 442 3015 3016 442 54 2176 3013 3013 3014 3013 353 3013 664 3013 3015 1135 3016 54 3013 353 3013 2064 1877 694 3013 3018 664 165 165 455 664 1039 377 33 101 460
319 51 263 336 711 285 209 1056 1185 1580 785 26 936 1713 688 19 547 1342 268 2373 1 1524 3021 3021 305 3021 267 2442 1831 2047 1342 18 210 2222 948 21 1941
320 2224 3022 496 3022 2224 600 18 1242 619 1308 2224 1256 2224 3022 600 3022 2224 1256 488 2224 2224 3022 494 1256 600 1256 3022 1256 1201 1256 1256 1256 140 1256 1256 2440 1256 1256 1256 1256 3022 1256 488 1435 140 1256 3022 2225 3022 1256 488 2224 3022 140 1256 3022 697
321 916 1403 916 1138 1403 1403 916 1403 839 1403 916 1403 839 14 1403 839 899 916 910 1403 1403 1403 1403 916 3023 1403 2496 1403 1750 2496 837 71 899 367 1403 1403 11 1403 1138 1403 2809 2496 1403 1403 910 1403 2429 465 1993 1993 1403 1403 916 1403 909 54 1403 1403 1403 1403 163 1403 3024 1403 1403 1138
322 2013 2185 3025 3026 3026 2181 2185 1852 892 106 3025 3026 276 2181 3025 2185 685 3025 2185 3026 3025 552 1385 1372 377 281 60 11 106 3026 685 2962 1535 3025 1052 2181 1121 326 2185 3025 1948 2185 1025 2185 86 300 2185 2185 2181 2181 233 233 233 310 2185 233 60 3026 2185 233 2185 233 233 2185 233 233 2185 2181 2185 2185 2181 1852 233 281 3025 2185 1806 60 2185 1930 2185 60 362 2185 2185 2185 2185 60 1178 3026 3025 2185 2185 60 3026 3026 2185 3026 2185 67 378 392 3025 240 3025 1074 2185 3025 2185 2185 3026 3026 60 169 2011 1993 106
323 306 1218 326 47 188 1095 431 30 2809 136 3027 2024 1095 30 353 2141 391 258 952 30 1498 942 3027 1360 892 122 2885 2686 1022 1596 525 266 796 2618 1052 1468 402 796 101 1498 1464 1398 952 796 727 952 1060 3027 7 3027 52 18 47
324 169 326 1250 2874 169 460 185 181 169 2874 449 169 185 460 185 185 169 169 465 169 185 465 169 3031 1594 169 185 1116 460 185 3028 185 151 311 169 185 460 185 169 169 326 169 2045 169 169 185 169 169 1330 151 3032 3029 151 460 169 169 3031 180 151 3030 299 465 169 185 460 169 465 299 169 151 185 460 1116 169 1286 1509 299 299 273 2045 169 299 230 1518 299 476 2710 1600 796 1623 169 178 169 465 169 169 449 299 169 3031 1594 180 1509 169 299
325 3033 2154 2154 2154 3033 3033 3033 3033 138 3033 3033 3033 106 230 3033 1246 2749 125 3033 2154 2154 3033 3033 3033 3033 3033 3033 3033 3033 3033 3033 3033 3033 3033 3033 3033 106 3033 3033 3033 3033 1270 3033 3033 3033
326 1705 1705 1054 1705 125 47 3035 17 794 1705 140 714 1948 600 125 1705 2221 600 487 3034 1705 310 794 1068 600 1464 794 600 47 600 2221 125 600 600 600 600 125 3036 157 600 288 47 47 1464 47 84 1948
327 2032 2356 2032 205 1 83 2218 324 2218 2032 710 551 851 707 2088 1703 2218 1493 2032 3037 3037 256 2088 2218 1703 352 460 3037 408 2218 3037 1109 362 2032 2525 3037 585 3037 704 2374 3037 3037 704 3037 597 704 3037 704 3037 707 1 2374 3037 3037 3037 3037 3037 3037 3037 3037 1969 3037
328 3038 689 136 47 1270 1597 1416 47 106 106 659 835 1131 1212 321 768 1197 106 377 1212 288 106 47 1304 875 106 1 1578 1967 106 101 106 1089 600 52 1465 47 288 1734 87 307 1705 560 288 217 42 2102 622 47 106 493 1949 1949
329 1839 1009 223 852 2856 811 1839 811 964 2856 1034 1839 3040 420 122 2220 419 420 420 1839 2357 811 1009 811 420 420 420 420 2856 811 1839 420 419 45 2856 1009 420 1839 420 852 811 1154 420 419 1839 1368 420 811 420 266 420 420 1925 420 419 1839 420 420 1034 2856 1034 1009 811 1839 811 420 1743 169 420 1839 420 1839 420 420 811 420 1009 964 420 1839 420 2463 2463 420 471 420 419 811 420 420 420 1839 1839 2856 2856 3039 420 419 420 1009 2357 3039 1009 420 1009 811 3039 420 420 811 419 420 811 419 388 1752 701 552 420 420 420 3041 1839 1839 420 419 1839 420 1009 2101 1009 419 811 1994 811 420 420 420 811 420 2350 811 420 419 1495 716 1975 2357 1894 2856
330 3042 3043 641 3042 732 3043 3042 3043 768 2618 3042 3043 3042 3043 3044 3043 3042 3043 3043 3042 3042 3043 3042 550 3043 3042 3042 3043 83 3043 1552 449 169 3043 3045 3024 3042 3043 3042 3043 3044 3043 3042 3043 3024 3042 3043 3043 3043 550 3043 3042 3043 3044 169 1 3042 3043 3042 3043 3042 3043 2351 3043 3042 3043 3044 3042 3043 3024 3042 3043 3042 3043 164 3042 3043 3042 3043 3043 505 3042 3043 3042 3043 3043 3042 3043 550 3042 3042 3043 456 3042 164 3043 3042 3043 3042 3044 3043 1559 3043 3042 3044 3043 829 3043 3044 3043 3042 3043 3042 3043 3042 3043 3042 3043 169 3043 3044 3042 164 3044 3043 460 3042 3044 3043 3042 3043 3044 3046 169 3042 3044 3043 3044 3043 3043 3046 3044 3044 3043 169 3043 3043 2847 3046 3043 3042 169 3043 3046 3042 3043 362 362 362 3042 3043 3043 3043 3044 854 3042 164 3043 3042 3043 169 67 3042 164 3043 169 1448 3042 3043 3042 3042 3043 3042 3043 3042 3043 3043 3044 552 3043 3043 3043 3044 3043 3045 3047 3047 2238 3042 3047 3043 3042 3043 305 1559 402 3042 3043 3042 3042 3043 3047 3046 3047 3047 3042 3047 3042 3043 3042 3042 3043 3046 3042 3048 3042 3047 3046 3042 3047 3046 3043 3046 3043 3042 3047 3043 3047 3043 3043 3042 1572 3046 3042 3043 3042 3046 3047 3043 3046 3043 1949 3042 3042 3043 3042 3043 3046 3042 3043 3043 3043 3046 3042
331 111 111 2373 111 111 3049 1757 1757 1070 1241 3049 111 1757 1757 1070 111 3049 2117 14 111 111 1757 1757 111 392 1897 1756 1124 1124 1124 2117 111 3049 30 3049 329 111 111 11 3049 1757 3049 3049 461 3049 111 3049 420 111 1757 2203 111 3049 14 111 1805 3049 326 111 1270 1757 777 11 235 3049 3049 111 3049 3049 2106 2106 1756 3049 1756 2106 111
332 3050 3051 3050 3050 3051 3050 3051 3050 3050 3051 3051 3050 3051 3050 3051 3050 3051 3050 3051 3050 3051 3051 2036 3050 3051 3050 3051 449 3050 3051 3050 3051 381 3050 3051 3050 3051 3050 3050 3051 3050 3051 3050 3051 3051 3050 3050 3050 3051 3050 3051 3050 3051 3050 3051 3050 209 3050 3051 3050 3051 3051 3050 3051 3050 3051 505 3050 3051 3050 3051 3051 1535 408 3051 3051 125 3051 88 3051 3050 3051 3050 3051 381 3051 82 3050 3051 3050 3051 3050 3051 3050 3050 3050 3050 3051 3051
333 3053 106 106 307 3053 307 651 1984 895 3053 3053 1095 3053 711 817 3053 307 3052 3052 3052 3053 3052 307 3052 3053 3052 307 3052 3053 3052 3053 3052 3052 1888 3052 307 3053 3053 3052 3053 307 3053 3053 3052 3053 3053 307 3053 3053 3052 3053 3053 3053 3052 3052 3053 3052 3052 3053 3053 3052 3053 3052 3053 3052 3053 3052 3052 3053 3052 3053 3053 3052 3052 3052 3053 3052 711 3053 3053 3053 3052 3052 3053 3052 3053 3052 3053 3052 3052 3053 3053 2584 1934 3053 3052 2584 711 321 711 3053 3053 3053 3053 3053 3053 3053 3053 3052 3053 2584 1746 3052 3053 2584 3052 3052 436 433 3054 3052 3052 3052 3052 3052 1577 3052 3053 2545 3052 3053 3053 3052 3052 1934 711 2584 3052 3052 3052 256 3052 1544 106 3052 2584 3052 307 3052 3052 2459 3053 3052 307 3052 2584 3052
334 2006 1999 3057 1999 2006 3057 3056 3055 3057 1999 2006 3058 888 3062 3062 3056 3055 3061 3063 3060 3056 3055 3056 31 31 3061 3063 3056 3063 3055 3057 1999 2006 1999 3058 888 512 2134 3058 3059 2006 1999 3057 3056 3055 3056 3057 3061 3055 3056 3056 3055 3056 3057 1131 768 1872 3062 3062 512 3056 3055 3057 3059 3058 888 1606 512 3057 664 1999 2006 2906 3059 3058 1606 512 3057 3063 3061 3056 3055 918 3062 3062 3062 3062 3062 3062 664 3057 3056 3055 3063 3060 3061 3057 2145 888 3059 3055 3057 1999 2006 2906 3058 3059 888 1606 512 512 888 3058 3059 2006 1999 3057 3063 3063 3056 3055 1999 3056 3055 3057 3056 3055 3057 664 1999 2906 3058 888 512 664 53 552 3062 54 3061 3063 3056 3055 3061 3057 3055 3056 3056 1999 3057 3061 3063 3056 3055 3060 3061 3057 1999 3059 3058 888 512 3062 3062 918 3062 3057 3061 3056 3057 3061 3055 3059 3058 888 1606 512 888 3058 3059 2006 2906 3057 3061 3056 3055 3060 3063 3061 664 3057 1999 59 47 165 512 2326 3062 3062 918 3062 908 353 3055 1999 664 3057 3061 3063 3057 3061 3056 3055 3056 3057 3063 3059 3058 888 512 888 3059 1999 3057 3056 3057 1999 664 3061 3056 3055 918 3062 3055 3060 3063 3061 1999 3057 3058 888 1877 1606 2326 512 918 3062 664 1872 3062 3062 3062 3062 360 3062 3055 3056 3061 3057 2006 1999 2906 499 579 2906 2006 1999 3057 3061 3061 1999 2006 3059 3058 888 2326 155 962 2331 3058 3059 2906 2006 1999 3057 3056 3055 2906 3059 2134 1606 512 3062 908 552 1230 1107 211 211 1219 148 3062 3062 3056 3055 3056 3055 3057 664 1999 2006 2906 47 3062 918
335 1000 1000 1000 362 362 1000 1698 169 326 566 315 1535 2453 901 1238 2423 1236 3064 1211 701 269 820 449 326 2165 828 569 321 246 569 2102 549 570 449
336 1955 3065 1544 209 125 1202 1119 3066 3066 3066 3068 494 3066 1776 1148 1654 494 1654 1198 3066 1198 3066 3066 494 2557 169 1343 169 465 1662 1662 169 2557 1654 1712 3066 211 1202 169 962 531 169 169 30 1776 2810 3066 2810 1202 3067 169 3067 2810 3067 3067 3066 1776 299 125 2100 3067 494 494 449 3066 929 3067 465 3067 3067 169 3067 3067 3067 3067 3066
337 3069 455 828 3069 552 3069 3069 552 3069 3069 552 3069 3069 552 3069 552 552 263 99 3069 552 3069 552 3069 552 3069 552 552 3069 3069 552 99 552 3069 3069 552 3069 552 3069 552 3069 552 1734 3069 552 3069 3069 552 3069 3069 552 3069 3069 3069 552 1011 1557 3069 552 552 3069 552 391 1557 3069 3069 3069 552 552 391 3069 552 3069 1060 1507 1507 1507 99 3005 2618 3070 1479 3005 405
338 11 706 1636 747 1840 707 286 1891 706 706 706 2541 2236 2462 3027 980 1577 3037 1971 3037 3037 66 3037 267 710 706 706 706 706 706 706 87 706 706 706 706 706 169 122 882 2184 706 706 706 706 706 1052 87 706 2710 87 1969 277 706 706 706 706 706
339 1790 101 252 252 1790 1597 1357 663 790 785 101 266 266 266 1102 1790 101 1357 1790 271 59 122 2250 752 3072 56 1357 957 252 1357 1186 101 1790 266 3031 580 2371 1790 1579 389 962 696 284 1790 263 558 101 663 271 271 101 2683 3074 1790 1790 550 169 305 2438 3071 2930 3071 3071 266 1102 3071 772 2545 2119 3071 3071 1815 446 2545 510 1357 362 174 828 3071 3071 1161 3071 510 787 3071 1020 101 3071 1020 3071 1639 101 3071 271 3071 3073 1696 663 446 663 305 752 52 956 205 1778 1639 288
340 2932 385 1579 3075 2932 660 45 882 3075 2932 45 321 147 2932 1160 147 3075 147 2932 660 45 205 882 147 2932 3075 2932 712 3075 147 2932 1356 2041 147 2932 1160 456 3075 3075 2932 2041 147 147 2932 660 1579 3075 147 45 530 2041 147 1017 147 3075 2932 660 1160 26 147 2932 660 147 2932 935 18 2251 1936 3075 147 2932 701 3075 2932 3075 1596 1579
341 978 1843 1166 3078 3077 3076 676 660 3076 499 2045 3076 676 660 2045 660 676 3076 3077 3078 3077 3076 676 3076 660 3077 673 676 3076 660 3076 676 660 676 676 676 660 676 3076 169 3076 3077 676 581 3076 676 660 676 676 3076 676 676 3076 3076 609 660 2536 664 552 3076 676 660 660 3076 676 660 3076 3077 660 660 3076 660 609 3076 3076 676 676 660 3077 3076 660 676 3077 3076 609 3076 676 676 676 609 2045 3077 3076 676 676 3076 676 660 676 660 3076 1930 676 3076 609 676 3076 3076 676 676 676 3076 609 3076 676 676 676 3076 3077 3076 676 1230 3076 609 660 676 664 2706 676 676 660 664 451 676 660 451 676 3076 676 1166 402 451 451 676 1105 100 3077 676 609 676 2536 402 660 3076 676 451 673 2683 169 3076 3076 1463 402 660 3076
342 1 11 1 3079 39 158 892 158 3083 35 892 641 39 1220 892 2479 230 158 892 552 333 1 531 353 3079 35 169 1993 230 1359 125 3080 892 893 3080 892 3080 3080 892 3080 892 39 892 892 3081 1570 230 362 1124 892 1124 3080 3080 2678 3082 892 11 3080 892 3080 892 2479 1219 892 39 39 892 3080 892 344 154 39 163 600 54 232 892 3080 892 39 3080 158 163 46 163 1 1390 11 3082 39 3080 892 3080 892 2023 976 3080 11 39 892 164 169 1993 230 3080 892 39 3079 3080 39 892 3079 892 3079 181 3079 3079 3080 3080 892 39 3080 3080 39 3079 1719 39 892 3080 39 892 39 3080 892 39 417 3079 892 106 39 892 106 2342 163 39 3080 892 587 552 163 39 552 3080 39 39 892 39 3079 892 701 552 1637 892 587 655 1719 3079 3080 3079 39
343 3084 3086 2616 2043 3087 22 3084 3086 996 2043 1568 3084 3086 996 2043 2043 3087 2808 3084 3086 996 2043 3084 3086 2616 3087 3084 3086 2616 996 2043 1394 3084 3086 1852 1314 1314 3087 2043 3084 3086 1792 2043 3091 2616 1852 323 2808 3084 3086 3091 2616 2043 3084 3086 1852 1852 3086 1852 2043 3086 2043 323 3086 1852 3084 3086 2043 3086 2043 2808 3092 2616 3086 3086 1792 3086 2043 3086 1852 2043 3086 3086 1852 2616 2616 3086 1852 2616 3086 2616 3086 2616 3086 2616 3091 1852 3091 2616 3091 2616 3091 2616 3087 3087 1852 3087 3086 3086 3086 2809 2049 3086 996 2049 3086 1058 1245 1241 163 3088 1394 1568 3086 2806 3089 3087 2809 996 3086 2343 184 3085 3089 262 3087 3085 2343 2049 3090 3087 3085 210 18 413 1568 219 3087 3089 3085 184 2616 1792 3085 184 2806 3085 3084 3086 2806 3084 1258 11 576 2343 623 2772 3089 184 3087 1296 2049 3090 2809 2616 3091 184 3087 3085 2343 2049 2809 3091 2616 3084 3092 3085 1296 2343 2049 2809 3091 2806 2806 996 184 3089 1911 3085 2049 2809 3091 2616 2806 3085 184 1296 2343 2049 2809 184 1296 2343 2950 2806 3089 3085 2049 2809 3084 2806 2343 2809 3084 2806 3089 3087 3085 184 1296 2343 2809 3084 996 1394 870 270 3087 3089 3088 3087 3085 3089 3085 718 3087 3085 3084 2950 2808 1394 2809 3091 2616 3092 323 2049 2809 2806 3092 3087 3087 3085 3085 1296 2343 2049 3090 2809 2806 3084 3086 3088 184 3087 184 2049 2809 3084 1296 2049 3090 2809 1792 3084 1468 3087 3089 3089 3093 1296 2343 2809 2616 184 3089 2343 3084 3089 2049 2809 3090 2616 2343 3085 3094 2707 125 67 3089 184 1296 2343 2049 2616 3091 2806 2049 3090 3084 2806 3089 3087 2343 2049 3090 2616 3084 2806 3089 2343 2616 3092 2806 1296 2343 3094 3087 3089 2049 3092 3088 184 66 3089 1296 2343 3092 217 184 2343 2049 2806 3084 1394 3087 3094 3087 2343 2808 2049 2343 3084 1394 3087 3089 3087 3087 3087 1296 2343 2806 1792 1296 3085 1296 2343 2950 2616 184 3085 2343 3084 2616 184 1296 2343 2806 3085 3087 2343 2049 3090 2809 1296 2343 2808 2809 3084 1852 3089 2343 2049 3092 1296 2049 2049 3084 1792 1296 3089 1296 3084 2806 3089 210 3087 125 2343 3090 3092 1296 2343 2049 2616 184 3089 2049 3090 3091 996 996 1394 1296 3084 3088 3089 3087 3087 1296 996 2343 2049 2343 1296 2343 1296 3087 2707 1394 1852 1526
344 1846 122 1061 1464 581 1299 1846 2943 1468 3095 519 3095 3095 211 3095 3095 330 1846 3095 73 3095 3095 3036 1103 3095 473 3095 1846 1846 3096 268 2068 2072 2253 1910 240 2943 1992 2068 268 268 2068 268 268 1992 268 2068 268 476 2068 1015 2068 1848 621 1747 2068 3095
345 1319 845 1319 1597 2881 67 2881 3099 11 2881 109 2354 1 3085 3085 2881 1010 3097 2354 310 2881 2881 3098 664 2881 67 2881 2072 1 1 340 2881 2881 822 3097 2881 3097 2354
346 3103 3101 3102 3103 3101 3100 3102 1996 3103 3100 3101 3102 3100 3103 3100 2315 3102 3102 2315 3102 3100 494 3100 2394 2315 3103 3100 3101 3100 3103 3102 3103 1391 123 3102 3103 3100 2315 2557 3102 3103 3100 3102 3101 3103 3102 2315 3102 494 3102 3103 3100 494 3100 3103 3101 3100 3102 3103 3101 3103 3101 3102 3100 3101 3103 3103 1660 3103 3100 3100 3101 3102 3101 2553 3102 3102 3103 3100 3101 3103 2402 3103 3102 3103 3101 3103 3102 2315 3100 3101 3103 3102 3100 3101
347 1789 1892 1182 326 3104 25 1182 1182 3105 413 1 1 1182 459 863 1182 25 2705 3104 3104 106 3104 1182 263 3105 3104 1182 744 1182 363 1182 1182 2705 3104 1182 169 3106 1182 2705 3104 3104 3104 1182 33 1182 2705 1182 2705 3104 1182 688 2705 11 11 1182 2705 3104 3104 1182 3105 3104 3104 3104 3104 3104 11 11 3104 164 3105 2705 3104 3104 3105 2705 1 385 122 3105 3105 3104 413 3104 3104 3104 67 470 3104 2460 1182
348 3112 3121 3117 3118 73 124 2687 605 1925 2536 1854 3109 3114 3108 3124 3130 307 2203 268 209 285 392 3114 3109 3124 3113 3116 3112 3038 878 89 455 1559 2725 15 81 1129 969 1349 3114 3108 3112 3116 3118 502 27 2546 218 1221 1073 1680 1725 3112 3116 3113 548 1514 594 830 1133 3114 3108 3109 3124 3108 3109 600 600 2934 1241 2880 3107 3108 3109 3116 3113 3121 493 3114 3107 3108 3109 3114 3109 3112 3116 3113 3121 3117 502 498 3114 3108 3107 3124 3109 3114 3128 50 42 3114 3107 3109 3108 1241 3114 3108 3107 3108 3109 3107 3114 3108 3114 3109 3124 3112 3116 3113 826 3117 3108 3109 3114 3110 3114 3109 3124 3108 3108 3114 3109 3110 3124 3115 185 6 3121 3118 600 3117 3118 502 96 288 419 2725 2111 81 15 3114 3108 3109 3107 3114 3108 3109 3110 3112 3116 542 200 1366 934 87 2013 3114 3108 3109 3107 3112 3116 3121 3113 605 124 1579 385 1212 1691 2349 3114 3108 3107 3124 3114 3108 3124 3107 3113 3120 3117 502 600 70 2103 3038 878 2156 1467 2367 498 600 3114 3108 3109 3110 1356 3131 3112 3116 3113 3121 1848 3114 3108 3109 3124 1720 419 1185 2220 1340 3117 1981 3116 3112 3113 3123 600 386 1628 250 2075 3118 3117 502 600 126 3114 3109 3110 3108 3107 3124 3115 3124 3115 3108 459 3132 811 3112 3116 3123 3113 3112 3123 3120 600 392 1646 3109 3124 3108 3114 2157 3112 3123 3120 3108 3114 3124 45 1286 1212 1691 1579 1343 2336 242 2565 3108 3115 3110 3114 3109 3111 547 270 1042 699 1981 303 1348 3108 3109 3124 3107 600 67 1890 1747 597 1451 2124 243 3116 3112 3123 3120 3121 3116 2855 3114 3115 3108 3110 1349 3110 3108 3109 3115 1953 205 1972 813 1943 1979 328 2469 23 1890 1581 2855 600 3108 3114 3124 3113 3121 600 209 3112 3121 3118 502 1557 3108 3110 3111 3112 3113 878 1848 2613 2128 807 1 1185 3109 3108 3111 1167 2205 3110 3114 3115 3113 3123 3116 3112 3038 2349 1734 691 2635 1185 3117 502 6 1105 3111 1559 1349 3117 138 2336 3113 3116 3121 385 1212 2220 3118 502 420 2855 3129 84 605 2700 3114 3110 3124 3108 326 2149 2149 1250 67 1427 3109 3108 3114 3114 3108 3110 3118 502 854 1979 3115 3108 3109 3110 3115 3116 3113 3117 2437 650 609 322 3040 2635 1926 86 3117 502 6 242 1579 385 368 1896 3114 3110 3108 3107 1241 3118 23 1581 2737 3113 3116 3112 1241 3132 3108 3118 3119 1747 2855 305 288 3120 3121 3109 3108 3114 247 803 2855 1167 246 1805 73 1122 3125 3114 3107 3110 3109 3114 1241 2880 3114 3108 3124 3113 3116 3116 3112 3122 3120 2203 86 1557 1122 3115 3114 3107 3110 1579 1212 3114 3124 3111 3120 3113 3110 3109 3123 502 1319 686 73 409 2128 4 887 620 3126 1848 3038 3118 502 2349 3116 3108 3115 3114 3108 3110 3124 3116 3120 2424 288 1093 224 1230 2840 3124 3115 3116 600 1317 768 1105 2635 3121 3110 3111 502 2504 101 3127 1683 3116 3123 3121 1579 66 309 368 2206 3124 3124 3115 3116 3120 1975 1006 73 647 3110 502 2686 2209 1583 101 935 3123 3111 620 6 605 1807 1349 3114 3111 3114 3113 3122 3118 293 1915 1069 3114 3107 3108 3108 3124 3108 3110 650 1978 2545 3124 3114 3110 3115 3111 3118 620 2855 1921 1753 2814 2242 3123 664 3120 3108 1463 3107 3115 3109 3114 3112 3116 3113 3118 502 6 3120 3110 2094 2470 188 103 1366 305 629 887 2152 328 3118 502 103 2022 2855 626 980 1974 2725 3124 3107 3108 3114 3107 3108 1230 3122 3112 3113 1981 1753 2206 2814 2032 274 3123 3120 3110 3115 3114 3108 3124 3122 3113 3108 3109 3115 3114 3108 3107 3124 1349 3118 2814 3108 3107 3124
349 1772 1090 176 11 169 164 169 169 134 134 263 2241 1104 169 169 67 1103 169 169 552 3133 3133 455 1281 531 455 165 362 1226 3133 211 1107 11 157 11 3133 402 3133 299 3133 20 1537 67 134 169 3133 1913 240 3133 1156 3133 3133 3133 1913 1 3133 3133 2309 3133 3133 3133 3133 3133 169 3133
350 127 966 7 942 305 1206 1643 942 2453 1643 1643 786 2453 3135 1643 2453 942 3134 1643 2453 1643 126 282 1643 2453 1643 2453 1643 1643 2453 2453 188 1643 1215 1057 1525 1643 460 1643 970 1643 1571 460 203 1643
351 648 164 169 3136 3136 3136 611 3136 1042 3136 813 3136 466 3136 198 296 3137 3136 3136 515 1006 1353 164 3136 515 3136 3136 611 172 412 2081 3136 3136 3137 3136 3136 3136 2081 3136 2738 1157 3136 3136 28 3136 1526 864 3136 3136 3137 3136 3136 2928 3136 3136 3136 3136 3136 3136 3136 3136 812 3136 1721 3136 3137
352 944 944 67 944 944 2373 944 944 944 944 286 944 944 944 944 944 286 861 944 944 267 711 944 944 944 944 944 267 944 944 944 944 944 130 944 944 2243 88 267 944 944 944 944 944 2549 944 2065 944 944 3138 1981 944 315 1212 2065 2065 944 2065 944 2065 2065 804 1552 197 95 2065 2065 67 2116 1004 1207 2239 1004 2111 1942 1933 944 796 2618 862 169 1942 862 944 2467 2337 169 1933 2618 251 95 2065 169 2835 365 2065 1055 803 1006 169 67 2125 240 501 282 944 169 1014 92 1549 92 944 67 944 771 554 286
353 1867 1230 1578 1304 1616 701 663 1500 3141 3139 3139 1623 1616 1304 2034 709 1695 1301 1291 1512 2463 3139 3140 3139 22 3139 3139 3141 3073 3142 3072 3143 1473 3144 1867 1296 1275 1275 2928 2569 2569 1526 1026 1291 1845 1512 663 1508 1501 3140 3139 3141 3140 1508 3139 1089 3161 1508 3139 3141 3073 3144 752 3141 3073 3140 1508 1286 45 2088 368 309 3139 3139 3140 3139 1508 1500 663 1512 701 1292 1509 1286 1509 1508 3140 3139 3156 3157 3139 3141 3139 3153 1512 524 2826 522 2830 520 2338 2825 155 531 962 962 962 962 2827 155 155 155 2829 2829 3139 3141 1473 752 3144 45 1286 3160 2332 1508 1512 1845 1499 709 1623 1616 663 1500 1508 3140 3139 155 155 2827 1508 3140 3139 3139 3141 3073 3142 3072 3143 752 3143 1473 752 3144 3145 192 1867 1291 1090 1578 45 1286 1512 663 1500 3139 3139 3140 583 3139 1508 3073 3072 3143 752 3144 3145 192 1865 1871 1870 1879 155 155 155 155 155 962 2827 962 962 1867 1882 1512 1500 1508 3139 1500 663 701 1292 1882 1286 67 1608 3139 3141 3073 3142 3143 1473 752 3144 192 3155 1278 1865 1871 1870 155 962 962 2345 3141 3139 3143 3144 3145 192 1281 1285 1272 1865 1880 1881 155 962 962 2827 3141 2345 520 2829 155 962 2827 155 962 962 962 2338 962 1867 1882 663 1500 1508 3140 3139 1266 3139 3141 3142 3072 3143 1473 752 2345 524 2826 520 2825 57 155 155 962 3149 1879 455 165 1882 1608 1904 814 3139 3140 3141 3143 1473 752 524 2826 522 2830 2825 2829 155 962 962 524 2345 752 3143 3141 3140 3139 3139 3144 3145 192 1508 1266 1266 3139 3141 1473 752 3145 1865 1862 155 2827 3146 962 3149 155 192 3144 3145 1867 1508 1882 59 3141 1473 752 2345 520 155 962 962 2827 962 1879 1278 1867 1882 701 1266 1292 663 3140 3139 1508 1500 663 174 752 522 2830 57 962 2827 962 692 2827 2827 3146 2827 155 524 752 663 1266 1509 1882 1882 1512 2463 3139 663 1266 701 1292 174 2924 663 1500 3140 3140 1501 1508 1500 663 1266 1292 701 1512 2829 2338 155 962 962 962 155 2338 2829 57 2825 1512 701 1292 1500 1266 1508 3139 3141 3143 1473 752 3145 192 1281 1865 155 962 962 3146 2827 962 2343 101 101 1296 1508 3139 3139 1500 663 701 1292 1512 1882 1867 890 2134 3158 1606 2331 155 2829 1616 1291 1882 1508 3139 3139 663 1292 1266 1512 524 522 3149 962 962 2345 752 3143 174 3154 1616 1512 663 1292 701 663 1500 3139 3139 3139 3141 1508 1500 663 701 1292 1512 174 1473 752 3144 3144 1867 1471 527 1845 1292 1266 1508 3139 1266 1508 1500 663 1292 1512 174 3072 3143 1473 752 3144 1616 1507 1011 1286 1471 67 527 1471 587 1190 701 3140 3139 1500 663 1266 701 752 3144 3145 192 1281 1862 155 962 962 2827 962 155 155 524 752 174 1512 3139 1508 1500 1266 701 1292 1512 174 3143 1473 752 3144 3145 1281 1865 1862 155 962 2827 1266 3139 1500 663 1512 1292 174 1473 752 3144 192 1862 155 962 192 192 1867 1845 1512 1292 1501 1500 663 1266 1292 1882 145 888 1606 1803 2331 692 3139 1501 663 1292 1512 1499 1507 2889 2889 181 2052 18 1973 181 59 1512 663 701 1292 663 1500 1500 663 1512 1845 1695 155 2827 155 962 962 1512 1292 3139 1508 1500 663 1292 174 752 3144 3145 192 1278 1870 2827 962 3146 155 752 3141 3139 147 987 1338 1621 1622 1608 1904 832 3139 1882 1512 1608 1507 3160 3139 3139 1501 1500 663 1292 1512 174 1473 752 3144 3145 192 1285 1865 155 2827 962 962 692 155 2829 520 522 524 752 1473 3141 3139 3139 1508 1500 663 701 1292 1512 174 752 520 522 2829 155 2827 155 962 962 2829 522 752 1904 1608 1621 174 1473 752 3144 192 1281 1865 155 2827 3141 3139 1473 752 524 522 520 2829 155 962 962 2827 2829 2827 692 962 962 3149 2829 1608 147 1471 326 169 983 2049 2669 45 2702 1286 151 59 3159 188 147 987 1621 1622 832 1608 1471 587 1532 151 1286 1867 165 455 1606 2331 155 962 962 2827 162 1867 1606 2331 155 155 962 520 522 174 1512 1250 255 2159 734 810 728 2159 255 162 1282 1882 1867 1862 2827 3146 962 155 1879 1870 1865 1286 1882 701 1500 3139 3139 1501 1508 663 1512 1499 185 460 185 1499 1512 1501 3139 1266 1501 1508 1500 663 1292 1882 1867 165 455 1867 192 1278 1870 1879 155 962 962 2827 3149 962 962 692 1512 663 1500 3139 1266 3139 1500 663 1292 1512 174 1473 752 3144 3145 3145 192 3155 155 2827 962 962 2829 520 522 1473 1266 3139 663 1292 1512 174 1473 1867 1499 2342 455 1316 672 3162 1499 663 3139 1266 3139 1500 663 1292 1512 174 1473 752 522 520 2829 155 2827 962 962 3146 3149 1862 1862 1867 587 3139 1500 663 701 1292 1845 1499 1509 45 45 3141 1570 1 3141 3139 3139 3141 1473 752 524 522 520 2829 155 2827 692 3149 962 962 752 3139 3141 1473 752 522 520 2829 155 962 962 692 155 1867 1304 3161 3139 3141 1266 1473 752 3144 3139 3141 1266 1870 1879 1865 1278 192 1867 2344 165 1882 1508 3139 3139 1500 1512 1473 174 520 522 520 522 155 2827 962 962 962 2827 2331 1606 888 1867 1882 1512 663 1500 3139 3139 1266 3141 3073 1473 752 3144 192 1867 165 1286 2702 1509 45 45 1286 1882 1291 1284 174 1473 752 520 522 2829 155 962 962 752 1473 192 155 2827 962 962 155 752 3139 663 1292 1512 174 1473 752 522 2829 2338 962 962 692 962 165 1682 587 3139 663 174 1473 3144 192 155 2827 3146 3141 3139 1266 3139 3141 1473 752 520 2829 155 2827 962 3146 962 692 962 155 2829 520 752 1473 3141 3139 3141 1473 752 522 520 2829 155 962 962 962 2827 752 1266 1266 3139 663 1292 701 1512 1509 45 1596 1286 165 1882 1867 129 1867 2344 357 1867 962 962 692 962 752 1473 174 692 692 962 962 155 2829 752 1473 3141 3139 663 1266 1512 1509 2702 1596 45 392 1090 3139 3141 155 2827 962 357 1867 3141 155 2827 692 3139 1266 1304 1882 1867 2827 3146 692 962 962 1867 1512 3139 2827 962 692 1867 1286 1471 67 527 2827 692 3149 3149 962 3146 2344 357 1240 3139 2049 2823 174 752 155 2827 692 3139 2325 2049 2823 174 1473 752 522 2829 155 962 2827 692 962 2325 3139 3139 2325 1240 520 155 2827 962 3149 1473 31 1590 2346 1390 3139 2325 174 1473 752 522 520 962 174 3154 31 3151 3139 2325 174 3031 1867 3139 174 522 520 692 2827 174 31 1240 3139 3139 1240 165 2331 155 962 2325 155 2827 3146 692 3139 1240 31 174 752 1473 155 2827 3146 3149 962 692 2325 155 2827 962 3149 3139 3139 1250 151 2827 3146 962 531 174 1240 2325 2827 3146 2325 1296 185 752 155 155 2827 962 155 1499 1509 2325 3139 2325 155 962 3146 2325 3139 155 151 2325 155 2827 962 962 2325 3139 2325 155 2827 962 2827 2331 1867 455 1240 3151 3139 1240 1882 165 2706 962 2827 692 165 1882 1240 3139 2325 1473 165 2827 155 962 3139 2325 155 2827 962 692 3139 1240 962 3149 1240 1507 1011 3151 3139 1240 1882 165 2331 155 962 2827 3146 3139 1240 1507 1509 2325 3139 3139 3139 2325 3139 2669 3150 3139 3151 326 1250 2874 3152 2619 1135 3031 3139 3148 47 3148 47 1240 3139 2325 3139 3139 3139 899 3139 1240 59 3148 402 59 3148 59 887 59 1240 3151 3139 1296 1146 3139 3139 402 3151 59 47 402 3148 47 3151 3151 59 1843 887 768 607 59 1240 59 1843 3148 3148 402 59 3139 31 701 1292 1512 1240 3139 47 3148 3148 1843 59 1240 3151 47 768 3148 59 1240 1240 47 1843 1373 3148 1240 3139 3148 3139 3139 3151 59 3148 305 3139 3151 1240 59 1843 47 1373 3148 59 3151 1240 47 1843 3139 3151 1240 3148 3148 1240 3148 3148 1240 59 3139 3139 181 180 3148 1373 3148 47 59 3139 1240 59 47 1843 3148 47 1240 3139 3139 1240 59 47 1843 3139 47 3148 3148 3139 1240 47 3139 47 501 501 3148 47 59 1240 47 1843 3139 1240 2049 1240 3139 1240 47 1843 1373 978 3139 59 47 1156 180 2049 3151 3148 334 1373 3148 1471 3147 3139 3147 1373 180 67 67 1843 3148 1373 1843 1373 3148 180 1843 417 3139 3148 3139 3139 833 3139 3148 180
354 3163 562 3163 346 346 3166 3163 91 346 350 3163 3165 3164 3163 3163 3163 1888 3163 11 3163 91 1233 3163 3165 3164 3164 3166 17 3166 3163 3165 1233 3163 3165 3164 1233 148 3163 3165 3166 3164 3163 514 562 361 3167 3163 3164 3165 3166 3165 919 3164 148 3163 3166 2363 3164 3163 3165 3167 919 907 3167 3163 1888 3167 91 3166 3165 11 3163 3166 3165 3166 3165 3165 3166 3165 158 3166 3165 3167 3164 919 158 3166 3165 3165 3166 3163 3167 3164 1219 3163 158 3163 3165 3166 3167 3164 3163 3165 3166 3167 3164 3163 91 3165 3163 3163 158 3167 3164 3163 158 3163 91 11 11 3165 3164 2845 91 11 1828 3165 74 87 1011 2199 1122 2199 352 3166 514 3163 3165 3166 3163 91 11 3165 3166 3165 3163 11 3167 3164 3163 1873 3163 2468 3167 3163 91 11 3163 3164 3167 3165 3164 3163 3163 3163 3165 3166 3167 3164 3164 3167 3163 91 3165 3166 353 353 3163 11 460 3163 3163
355 3168 3168 2467 3168 3171 221 3168 3168 3168 1212 1937 825 1582 243 1989 460 1989 1989 1989 321 1989 1989 962 531 1989 1989 1989 287 1034 1989 1989 321 1989 1989 247 256 1989 1989 1989 1989 3168 3168 3168 3168 3168 994 581 3168 3169 3169 3169 3169 1159 3170 3169 3169 322 294 466 3169 1802 3169 11 3169 3169 1802 3169 11
356 3173 1805 3172 473 459 3172 3172 3173 416 3172 3173 3173 3172 3172 3172 3173 3173 3173 3173 473 3173 3172 3172 3173 3173 3172 3172 3173 3172 3172 3173 3173 3173 3173 3173 3172 3173 3172 3173 3173 3174 3174 3174 3174 100 3174 3174 363 3174 3174 3172 3174 1 3172 3174 3174 411 3174 3174 3174 878 3174 362 3172 3174 2037 3172 165 45 980 3172 3174 3174 3174 3174 892 3172 3174 2545 3172 3174 3174 3174 366 3172 3174 3174 3174 3174 3174 3172
357 1736 134 78 257 1180 2246 262 1339 1745 1736 25 790 257 125 106 67 414 401 271 1162 125 466 271 106 125 2102 2473 67 362 832 2246 701 1898 874 2421 1898 1750 2204 1109 2246 2246
358 3176 2295 3177 3175 2755 1726 2295 2295 3176 3176 3176 3176 3175 185 3176 3176 2295 3178 3182 3175 2295 3178 3176 2755 3178 3177 2268 3176 3175 3177 3178 3177 2755 3176 3181 3175 3176 2295 3178 3175 3177 3176 3176 3177 3147 3176 3176 1295 3176 3175 3176 2295 3178 3177 3178 3175 3177 3178 129 1435 3176 3176 2295 3178 3177 185 3176 2295 3176 3181 2295 3176 3176 2295 3176 2295 3178 3177 3178 3175 3176 2295 3176 2295 3147 2268 3176 3177 3182 3182 3176 2295 3178 3176 3176 3177 2295 486 3175 3177 3181 3177 3176 3147 666 3175 1322 3178 3179 3179 3176 3176 3179 3178 3177 3175 2295 3179 3178 3179 46 185 2275 3179 184 3179 2755 3179 3182 3183 3175 3179 3177 1322 2268 3179 3178 3177 3176 3182 3175 3179 3176 2268 3179 3178 3176 3176 1146 3179 3182 3175 613 1245 613 613 3147 3147 3179 3175 3175 3179 3178 665 3177 3177 3177 3179 3178 3147 3179 2886 3175 3178 3177 3178 3176 2886 185 3128 2664 2664 3179 3178 3178 3177 3177 3147 3176 3175 3179 3178 3179 3178 3178 3176 3147 2743 3175 212 184 3182 3179 3175 666 212 3178 3178 47 3179 3175 185 3178 3179 3175 666 2755 1295 3179 665 3182 3176 2664 3147 212 3175 665 3177 3182 3179 3178 2755 136 136 499 2755 907 3179 3178 3179 184 206 2886 3178 3176 2886 3179 2886 2268 3176 2886 665 185 2886 3179 2755 2664 3179 3177 3175 3179 3175 3182 3176 3176 3178 2359 3176 3177 3179 990 3182 666 2886 3178 3177 3176 3178 887 3179 3147 1245 3180 3179 665 3175 3179 3178 3177 3181 3176 185 185 3175 655 3179 3180 3176 2755 2755 3179 3177 3181 3179 185 2664 3178 3179 3178 3177 2886 3179 665 3177 3176 3175 185 2886 3176 185 3179 3178 3184 1146 664 3180 2295 2664 185 3181 3178 3175 3177 3178 2664 665 3181 3179 3178 3177 185 3181 3179 3178 3179 3175 3147 103 3181 3179 2755 185 2886 3179 3175 3181 185 3179 665 1396 2886 3179 3179 3177 3175 3181 134 2755 2664 3181 3180 3181 3178 3176 3179 3181 3181 2886 3179 2755 3176 185 1286 1095 3171 3176 3179 3178 3178 3178 3177 3179
359 1810 1762 1101 1810 737 266 1810 1101 558 1101 1788 1101 1840 456 1101 1788 1788 3185 2459 294 248 558 1988 1694 3185 1101 1788 1133 933 558 1788 737 1788 1007 737 1788 1788 954 2511 3185 55 1101 813 1101 1788 2459 1173 742 1095 1595 1173 960 901 901 901 654 1101 1788 67 2721 1032 2934 961 1101 266 3186 3185 933 1504 224 1595
360 1753 2206 1805 11 11 460 1117 2717 1 1 11 12 2158 61 545 330 169 330 547 1103 1694 2069 2486 422 419 2486 552 1041 88 552 1810 960 804 2486 83 169 1703 88 1789 570 713 460 11 2209 2486 209 1939 713 176 42 707 169 363 169 2486 1739 1043 713 2280 11 407 2486 2486 169 61 1 1897 1814 828 2486
361 2949 413 1753 1595 2540 859 1753 1579 1165 260 302 2244 2949 2540 705 859 2949 1974 2949 2540 285 2949 554 260 1011 2244 2540 1550 2949 2243 305 223 1925 859 598 1126 38 2357 2540 3187 1943 205 1178 1898 717 268 279 2796 392 2171 2796 2639 97 1753 392 2796 2639 574 1789 2796 1065 84 1925 1129 2796 1023 1033 2244 955 2274 2584 859 1925 813 626 1795 1815 239 392 2594 2280 1926 554 670 266 859 4 1185 14 2544 1789 176 2 1806 394 1070 631 239 859 1022 1181 2069
362 1176 1176 1122 1781 2860 1122 1781 407 1176 2860 1781 1122 78 1781 1888 1176 2860 2604 67 460 1173 407 1171 1781 1781 456 1781 1176 2860 263 1781 751 1781 1176 1781 407 407 804 263 1155 2860 1781 1781 959 1781 407 2860 991 991 1176 737 696 407 1781 878 689 550 310 407 99 26 696 407 701 407 2860 407 1155 1781 709 1176 407 779 407 696 407 1176 248 1171 709 2934 1176 1176 1176 2860 770 240
363 165 22 731 2866 337 2665 2219 1148 2570 984 1467 1435 499 1395 1180 1822 3190 2241 3188 11 11 3188 984 665 550 262 17 787 3189 3188 3188 1468 2570 1467 577 3188 165 3192 2184 984 3188 2570 125 600 329 639 640 3188 550 2866 3188 984 3189 3188 67 2570 3189 3188 3188 984 3180 1578 2410 3188 3188 3188 3188 3189 1876 1606 3158 2134 3191 3188 3188 3188 3188 701 3188 3188 3189 310 984 2669 2618 2710 2710 984 3188 2596 169 3188 3188 2570 3188 3188 3188 3188 316 2570 3188 3188 984
364 210 85 3193 2097 3193 2155 3194 85 3193 22 85 3193 85 1133 3193 3194 2097 1731 85 1731 3193 85 1731 85 3193 3193 2097 1374 3193 85 3194 1731 3193 2097 1731 3193 1731 85 3193 2358 3193 1133 1731 2155 1888 3193 2097 3194 3193 3193 2097 1731 85 3193 3193 85 1731 3193 2096 85 3193 1133 1731 2155 1731 85 3193 2097 85 1731 550 85 1133 85 3193 85 1731 3193 1731 611 3193 2097 85 85 3193 2155 2098 3193 2096 605 1731 85 3193 2155 1731 85 3193 1731 85 3193 3193 1731 3193 1580 2098 3193 3193 1731 117 1731 85 3193 85 2098 3193 1731 3193 1731 3194 3193 1731 1731 3193 1731 2098 3193 3194 85 3193 1731 85 1731 1731 3194 85 3193 1580 826 2358 3193 1731 85 3193 1731 117 3193 1731 85 591 1162 3193 1731 85 1731 3194 1731 611 3193 1320 3193 1133 3193 3193 310 3193 1731 3194 85 3193 1731 611 3193 1731 3194 3193 1731 3194 3193 2155 1731 3193 1731 3194 3193 1731 3193 1731 3193 1731 588 3193 3193 1133 1731 1731 3194 2155 2098 2098 1731 1320 1731 85 1580 1731 85 1731 23 1731 1731 1731 73 73 1731 2096 1731 821 1731 1731 2155 1731 585 1731 1731 1731 1731 1731 1731 23 1731 1731 1731 240 1731 1731 1731 1731 73 1731 1731 1731
365 188 956 3195 906 1799 956 906 2591 1976 1976 1398 906 3024 812 1498 956 804 942 2591 906 1398 2809 952 1798 942 906 3195 3195 1398 956 1545 942 2591 188 564 956 3024 3024
366 1451 783 321 1753 280 315 685 1184 1826 1084 2062 1747 627 122 377 1142 1747 1806 2113 581 3171 2774 1451 991 2178 277 768 2480 1056 3054 1297 1517 3038 3196 627 1427 30 1 1 2168 106 11 11 362 1624 3197 122 3171 2254 1678 209 277 685 1826 409 2168 1123 948 169
367 802 550 1554 99 860 1044 860 1092 860 1679 404 1437 67 484 391 391 982 460 860 11 1719 860 1564 262 860 860 1547 1806 460 2800 860 329 460 1564 1536 1385 860 860 460 169 1580 169 169 70 812 99 2255 1647 340 2125 233 2152 401 1545 1564 1975 1006 1789 219 70 2357 2609 1857 1385 770 60 1923 1385 794
368 11 1930 3198 262 391 466 1893 52 310 30 691 3198 2099 712 3198 3198 3198 2099 225 30 1725 30 11 11 1930 2644 3198 1004 542 3198 30 3198 7 3198 157 1092 1091 3198 30 3198 727 3198 11 3198 3199 598 1758 839 412
369 2580 446 1068 11 106 106 450 2244 466 1110 392 934 87 37 552 267 52 857 474 52 99 289 2766 1745 1563 891 330 212 831 1324 420 385 133 3200 11 1270 2196 581 1 1023 1813 1227
370 896 899 3209 3210 3211 345 3202 3203 3204 3207 3214 3203 3204 3206 3205 3207 3207 3202 3203 3206 3207 22 899 3209 3211 3207 3202 3203 3204 902 899 3210 3211 3210 3202 3203 3208 3204 22 3213 550 3210 3211 899 3210 3204 3214 3207 899 3209 3210 3208 3204 3214 3210 3211 3206 3213 3210 3201 3201 3202 3203 3204 3205 3206 3207 3204 3208 3209 3210 3211 3202 3203 3204 3206 3207 3213 481 899 3209 3210 3211 902 3210 3203 3204 3214 3202 3203 3204 3213 899 3209 3210 3211 3202 3203 3204 3207 3203 3204 3206 3207 899 3209 3210 3203 3208 3204 3206 3207 3213 3208 3203 3204 3206 3205 3209 3210 3211 3202 3203 3204 3212 3213 1314 3203 3208 3204 3206 3207 902 3201 583 3202 3203 3208 3213 1888 3209 3211 3210 3202 3203 3204 3206 3207 3212 3213 3207 3206 3212 3214 3204 3206 3212 3213 3202 3203 3204 3207 3214 3212 902 899 3210 3211 3215 3204 3205 3213 3216 899 3209 3210 3211 3202 3203 3204 3206 3207 3205 3202 899 3209 3210 3211 899 3209 3210 3211 3202 3203 3204 3212 902 3209 3210 3211 3203 3208 3204 3214 3212 3206 3207 3213 3216 3202 3203 3208 3204 3205 3206 3207 3209 3210 3211 902 338 3202 3203 3204 3214 1263 17 3205 3207 1572 899 3209 3210 3211 3202 3203 3204 3206 3207 3205 3212 3213 3216 3202 3208 3203 3204 2130 1230 3202 3203 3204 3206 3207 899 3209 3210 3211 3204 3212 3206 3207 3213 3216 3203 3204 3205 3212 899 3210 3211 3206 3207 3204 3212 3205 899 3209 3210 3211 3202 3203 3208 3204 3212 3206 3207 3213 3216 367 902 3210 3211 3201 3204 3208 3206 3213 3216 899 3209 3210 3211 577 3202 3203 3208 3204 3206 3207 3213 3216 3204 3205 899 3209 3210 3211 3202 3203 3204 3206 3207 3214 3216 3203 3208 3204 3214 3205 3212 3206 3213 3216 345 3202 3204 3206 3203 367 3203 3208 3204 3207 3206 3214 3213 899 3210 3211 3202 3204 3206 3207 899 3209 3210 3211 3204 3212 3213 3216 3208 899 3209 3210 3202 3203 3204 3206 3207 3205 3212 3213 3216 3209 3210 3211 3202 3203 3208 3204 3205 3206 3207 3214 3213 3216 3202 3203 3204 3205 3206 3207 3212 3216 899 3209 3210 3211 3202 3203 3204 3214 3206 3207 3213 3216 3216 259 899 3209 3210 3211 3202 3203 3204 3213 3216 3202 3203 3204 3210 3211 3204 3206 3207 3205 3214 3213 3216 899 3209 3210 3211 3202 3203 3204 3208 3202 3203 3208 3204 3205 3206 3207 3213 3216 3210 902 3202 3203 3204 3212 3216 899 3209 3210 902 3203 3208 3204 3206 3212 3213 3216 899 3209 3210 3211 3208 3204 3205 3212 3214 3206 3207 899 3209 3210 3202 3203 3208 3204 3206 3207 3215 3202 3203 3208 3204 3206 3207 3214 3213 3216 899 3209 3210 3217 3204 3216 899 3209 3211 3204 3213 3216 3213 3216 3203 899 3209 3210 899 3209 3210 3211 3203 3208 3204 3205 3206 3207 3212 3213 3216 3202 3203 3208 3204 3213 3216 899 3209 3210 3213 3216 3216 899 3209 3211 3202 3203 3208 3204 3212 3205 3214 3216 3202 3203 3208 3204 3213 3216
371 619 3219 2068 1080 3218 2819 838 660 169 377 3221 305 1308 3219 3219 619 3219 2027 18 1178 322 169 1993 106 3171 3218 1080 3219 2068 1684 2114 1802 2525 2861 1080 2068 3040 3219 294 1003 1080 3219 2068 3219 3 1080 3219 3219 3219 3219 2068 92 3219 207 715 3218 263 746 1155 1083 3219 280 3219 2 2068 3129 1596 11 3219 2068 3219 3219 1414 1894 2357 2525 1178 3219 2068 3219 2068 1805 277 3219 3222 1758 991 1532 2068 3219 209 209 3219 3219 136 136 3219 3220 2068 3219 3219 3219 1080 2458 3219 3220 2068 3221 466 2722 979 280 3219 3220 169 3218 3040 3219 2068 3221 3219 3219 3221 783 3219 2068 351 3219 3220 2068 351 3219 3219 45 1318 281 2200 3220 1981 3129 1318 1080 45 3219 3 2459 3219 1023 2068 3220 2068 1550 3221 1059 708 1178 521 3219 3219 2251 3225 2251 1080 69 2088 3224 3219 3219 783 3219 3219 3219 2458 3219 3219 3220 169 362 3219 2068 280 3219 295 3219 2458 136 1204 225 3221 1004 3225 2068 1091 169 1596 1091 3219 3219 1979 351 3219 47 377 1178 136 3219 386 1080 3219 3220 2068 3219 2767 2541 1940 875 875 1178 3219 2068 3219 3219 1550 1080 3218 1619 730 3219 1080 3040 3220 3221 11 169 169 3221 1080 1004 3221 336 1080 3221 3226 3221 3227 1080 3219 3219 293 2096 2458 1981 3221 3219 2068 136 3221 3219 3220 979 87 137 3221 1168 92 1802 1817 3219 563 748 3219 3220 2068 3223 1396 2188 3221 979 3221 3219 709 2068 29 3221 281 1949 3219 2068 3221 3219 1121 3220 2068
372 113 1375 393 3228 113 3228 113 3228 3228 623 3228 393 3228 113 184 393 3228 1017 1096 113 2292 393 3228 162 393 1988 3228 1922 3228 393 3228 162 2292 393 3228 393 2689 1236 3228 10 1350 3228 113 2292 3228 113 393 1053 3228 2292 162 393 393 3228 113 2292 393 3228 113 3228 2292 2847 393 3228 2293 3228 113 3228 2847 3228 597 844 113 2844 113 3228 393 2292 2847 3228 393 113 2689 1727 3228
373 487 1242 140 1195 3229 3230 3231 3231 894 3231 3231 3231 3231 3230 3230 3231 1195 140 1204 1243 3230 3231 3231 3231 3230 3231 3230 3232 3230 3231 3230 3231 3230 3230 3231 3230 3231 3231 3230 3231 3231 3230 3232 3231 3230 138 3232 3232 3232 3232 3232 894 3230 3232 3232 3232 3230 1966 3230 3232 3230 3232 3230 485 3232 3232 3230 3232 3232 3232 2794 240
374 2868 398 397 2868 2279 2868 3234 2639 1368 1078 2214 2868 52 2868 2868 1894 2262 1536 2868 15 2868 2072 540 2868 52 1983 2868 2868 540 552 2868 2868 169 2279 2868 2473 2720 2868 391 2868 2868 2868 704 704 2868 2868 2868 3234 1106 2868 357 2868 2868 1787 942 2868 2868 2358 2072 704 832 82 2032 2279 2279 2868 2868 2868 704 1106 1106 2868 1874 2254 3234 688 2868 2279 3234 1102 3234 3234 2279 3234 2868 3234 1629 2868 87 2868 1102 2868 3234 3234 3233 2868 2878 1027
375 139 2228 3235 2228 2228 2228 3235 2228 2228 3235 2228 2228 2228 2228 2228 230 2228 3235 3235 2228 3235 2228 2228 3235 2228 2228 3235 2228 2228 3235 3235 2228 3235 3235 2228 3235 800 138 1250 1250 139 3235 2228 2228 2228 2228 802 2228 2228 2228 3235 2228 499 138 299 659 138 2228 2228 2228 2228 2228 1250 138 2228 2228 2230 494 2230 2230 2230 2230 2230 2230 2230 2230 2230 1662
376 1363 1363 1363 377 1363 256 1213 1363 253 377 1363 256 1152 1032 1363 1363 377 2569 1363 377 1363 164 1363 1363 1363 1363 1363 377 1095 377 1363 377 250 727 250 1363 1363 768 377 1363 1363 250 1977 1363 1363 1363 1694 250 1363 1363 1363 250 377 258 1363 1363 1363 103 377 1363 1084 1363 377 1363 1363 1363 2549 1363 1363 1363 1363 1363 1363 164 1363 1363 45 1097 1363 1363 413 1363 1363 1740 1363 2209 1363 1363 1693 1363 1363 1363 2330 164 1363 883 256 81 96 526 15 402 1166 2697 539 256 1363 963 472 1363 393 1583 1363 1363 1363 164 1363 256
377 3236 3238 3238 642 2557 3236 3238 3236 3236 3236 3236 3236 494 2557 2557 3236 3236 3238 3236 3236 642 3236 3238 3236 2557 1663 642 1955 3236 3236 3238 3236 3238 3236 494 1663 3236 1955 3236 494 2557 3237 1955 2557 494 1654 1660 3236 3237 3236 1654 3236 3236 311 3236 1761 3236 1955 3236 3236 494 1654 3236 642 3236 3236 3236 3236 3237
378 2140 2140 2140 2140 2140 2140 2140 2140 2140 11 11 2140 2140 2140 2140 2140 2140 321 2814 2140 2140 2140 2140 2140 1232 2140 2140 2140 2140 2140 217 2140 2140 217 2140 2140 1232 1232 2140 2140 2140 2140 1 1827 1 2140 1572 2140 2140 1889 2141 2140 2140 2469 2140 2140 2140 1236 1143 2140 2140 2140 2140 2140 1232 2140 52 845 2140 2140 545 2140 1398 2140 2140 1914 545 2140 2140 2140 2140 2140 2140 2140 2140 2140
379 3239 3240 2513 3239 3240 3239 3240 3239 3239 3240 2513 164 1618 1618 771 3239 3240 3239 3241 3239 3240 3239 3240 3240 3239 3241 3239 3240 3240 3239 3240 2513 3239 3240 3239 3239 3240 3239 3240 3241 3239 3240 3240 3241 3240 3239 3240 3241 3239 1493 3239 3240 3241 3240 3239 3240 3240 3239 3240 3239 2513 3240 3240 3239 3240 3239 3239 3240 3241 3240 3239 3240 3239 3241 3239 3240 3239 3240 3241 3239 3241 3240 3239 2513 3241 3240 3239 3240 3239 3240 3239 3240 2513 3241 3241 3239 3239 3239 3240 3240 3241 3239 3240 3239 3241 3240 3239 3241 3239 3240 2513 3241 3239 3240 3239 3239 3240 3239 3239 3240 2513 3240 3239 3239 3240 3239 3240 3241 3239 3239 3240 3241 3239 3240 3241 3239 3240 3239 3241 3239 3240 3241 3240 3239 3239 2513 3240 3240 3241 3239 3240 3240 3239 3241 3240 3240 3239 3240 3239 3240 3241 3239 3240 3240 3239 3240 3239 3239 3240 3239 3240 2513 2513 3240 828
380 3242 3243 2514 3242 3242 3243 2363 221 2204 3242 3243 3242 3242 3243 190 3244 3242 3243 3244 190 3244 3243 3242 3244 3242 3244 3243 190 3244 3243 3242 3243 190 3242 3243 2906 3243 3242 3244 3243 2516 3242 3243 3242 3244 3242 3243 3244 3242 3242 3243 3244 3243 3243 3242 3242 3243 190 3242 3243 3242 3243 3244 3242 3243 3244 3242 1188 129 169
381 3246 3248 3245 3247 3245 3246 3245 3247 3184 1 3245 3246 3247 3245 3247 3245 3247 3245 3247 3247 3248 3247 3246 3246 3247 3246 3246 3246 3246 3245 3246 3247 3247 3248 3245 3246 3245 3245 3245 3246 3247 3246 3245 3247
382 1201 3152 3251 3249 3250 3250 169 3252 65 3250 3152 920 3249 3152 1201 1201 2022 1761 3251 3251 3152 3251 661 661 894 3249 3152 3251 3249 3250 3152 3152 3251 926 3250 3249 3152 924 3251 3251 3249 661 3152 924 3250 3152 924 1415 3152 3251 3250 3249 2022 3152 3249 1767 3249 3249 3249 3152 3152 3152 3152 3253 3249 926 2874 3249 3249 3251 926 3249 661 3152
383 3255 3256 3045 3261 2600 3267 3267 3258 3226 3254 739 544 3255 3258 3260 739 680 3254 3259 707 704 544 3255 739 3264 1751 739 544 680 3254 3262 3261 2600 321 63 65 3267 3258 810 3254 3255 739 3259 680 544 3260 3226 3257 3045 1493 1493 1245 355 3254 739 3255 3256 3256 1552 3226 3257 544 3259 1535 3263 3257 3045 3254 739 3255 680 3256 544 3259 3254 739 544 3255 3259 3256 3262 2600 3267 2482 739 3254 680 3259 3255 3263 3258 544 707 1188 3255 3261 3262 2600 3256 3257 3267 704 1632 3254 3255 739 3263 3262 3261 2600 2482 459 680 3258 3257 3258 3257 3259 2480 3226 3260 3256 3045 3254 3257 3255 739 3261 3262 2600 2022 1547 733 2469 574 3258 3226 544 3263 3260 3255 3255 739 544 3255 739 739 3256 3254 3263 3257 680 3258 3254 739 3259 3264 3045 544 3262 3261 2600 3255 3258 680 3268 267 3254 739 2022 3262 3262 3267 3254 3255 3256 2600 3261 3267 3262 2600 544 3263 3257 2037 21 86 2141 3261 3262 3254 739 3256 3255 3262 3261 3262 739 3255 2022 2024 3261 3267 380 3261 2600 2022 3261 3254 3262 739 3254 3258 3263 739 3261 3261 544 680 3262 3258 3256 3226 3256 3254 3261 3254 739 680 544 3259 3255 3267 3267 3258 3257 3257 2111 1535 3226 1554 1808 3254 3254 3259 3255 2760 739 3254 3255 680 3256 3261 739 3254 3262 3261 3267 739 3255 680 3259 3263 680 393 1737 739 544 3256 3254 3045 3260 3255 3254 3257 3263 3258 739 3261 3259 3226 3255 680 3259 3261 1680 1725 3255 45 3254 3259 3255 3045 3261 3262 2600 3267 3260 3263 3258 3256 3261 3254 739 3256 680 544 3263 3263 3257 3259 3264 3258 3045 2125 1084 3263 3264 680 2159 3254 3255 3256 3263 3045 3226 3257 739 3255 680 3263 3259 544 3256 3045 3260 739 3254 3255 544 3261 3267 2482 1480 2600 1978 739 3254 3255 3259 739 3256 3255 680 3260 3259 544 3045 1538 2884 1 1124 739 680 3259 3255 3256 2302 3263 3257 3045 3226 3258 3260 680 3254 810 731 739 3255 3256 3259 739 3254 3255 3259 3256 3263 3045 739 680 544 3260 3258 544 1808 3226 3257 3226 3264 1808 739 1751 3254 3257 3255 739 3259 3257 3045 739 680 3258 1554 2159 3265 3256 3264 1751 734 3265 1552 2302 2293 274 3258 1547 3266 3259 3254 739 3255 3256 3254 544 3258 3259 3263 3254 3257 3264 3260 739 3045 274 810 3254 3254 3258 739 3256 3256 3255 3259 3257 2760 739 680 544 3256 3255 3254 3263 3259 3255 739 3259 544 3263 3258 739 680 544 3256 1308 1561 33 1534 1495 3254 739 680 3255 3259 544 3256 3045 3258 3264 3259 3254 3255 739 680 2159 3257 3226 3260 3263 3266 1808 739 3256 680 3255 3254 3254 3255 739 3259 3256 3258 3226 3257 3226 3045 3265 3263 3255 3265 3260 3254 3255 739 3256 3045 3255 3226 680 544 3258 3257 99 739 1808 3259 3254 3263 3256 739 3254 739 3256 3255 734 3254 3263 2159 3254 3260 3255 739 544 3259 3255 3045 3258 3265 2159 810 2159 3266 274 3257 1751 2927 1596 3255 3254 3263 739 680 544 3045 3257 3265 2159 1552 3226 3264 1554 3254 739 3256 680 544 3259 3255 3256 3263 3257 3259 3045 3258 505 3254 739 3254 680 3255 3256 3263 3259 3045 544 3260 3257 3264 3255 3266 3263 3258 1808 544 3260 3257 3256 3045 3259 3258 3256 3255 3257 3264 544 3255 2210 3263 3265 680 3264 3258 544 3226 3260 3254 739 3255 680 3259 3045 3255 3256 2159 739 3254 3255 3256 3259 544 3265 3263 3254 739 3255 680 3256 3045 3260 3257 3254 739 680 3255 3256 3259 3258 544 3259 3045 3266 3255 3254 3254 739 680 544 3259 3045 680 3260 3259 3266 2159 255 2884 3254 739 3255 680 3256 3263 739 3254 3265 3045 3259 3264 739 3266 3257 3260 470 3254 739 680 3256 3263 3257 3265 3258 728 3045 3226 3264 3263 544 3045 631 1787 3264 3265 3045 3266 3257 728 3263 3254 3266 197 739 544 3263 3258 3264 3255 3259 713 3045 3257 3260 197 3254 739 3265 3256 3257 739 3256 3265 680 3259 3258 3263 3265 1343 631 69 3258 3266 739 680 544 3265 3259 739 680 3254 3258 3254 680 3255 3256 3265 3254 3255 3263 544 3258 3264 3266 3226 3266 544 274 2857 3254 739 3255 3265 3258 3263 3257 739 3263 544 3256 3226 3264 3266 81 1554 3257 810 3258 3045 3260 680 3255 3263 3256 3265 3264 539 2022 3255 3265 3254 680 3265 3266 2159 3265 739 2857 739 680 2857 3254 3255 3258 3259 3265 3263 3045 3255 3226 3257 2857 2857 739 3255 3258 3266 1831 1188 2159 3255 2857 3256 3263 3265 3259 3226 3045 712 3255 3254 544 680 3258 3256 3257 3045 3266 3226 739 680 3258 2857 3256
384 106 2177 3269 1916 3269 3269 3270 3270 3271 3269 3271 1916 3269 3269 3271 2315 3269 3270 3270 3271 1916 2317 1202 2557 3269 3269 3271 3269 1916 2315 3269 3270 3270 3269 3270 3269 1916 3271 3269 3270 3269 3271 1916 3269 3271 1916 2315 3269 3270 3269 3270 465 3269 3270 3269 3269 1916 3269
385 3272 22 2848 3279 3272 2848 3279 3272 3272 3272 3272 1198 3273 3273 3272 3279 3273 2848 3279 921 3272 3273 3279 3272 3273 3272 3272 3273 3272 3273 3272 3273 3279 3272 3276 3273 3272 3273 3273 3068 3272 1198 3278 3276 3279 3273 3273 3278 3272 3273 2848 3279 3273 3279 3273 2848 3279 3272 3279 3276 3273 2448 3272 3277 211 3273 3276 3272 3279 3272 3272 3273 3279 3273 3279 3272 3273 3279 3272 3273 3273 3272 3273 2848 3279 3276 3272 3276 3272 2848 42 1198 3272 3279 3272 3279 3273 3272 3276 3273 3273 3279 3278 3273 3278 3278 3273 3279 3273 3274 3274 3278 3279 2448 3274 2448 3277 3273 3274 3276 3274 3273 3279 3274 3279 3273 3274 3273 3276 494 3278 1198 3274 3277 3279 3273 3277 3273 3279 3273 2448 3273 3274 3273 2448 3274 3274 3275 3277 1209 3274 999 3274 2848 3274 2448 3275 3275 3273 3279 3277 3273 3279 3276 2448 3273 913 3273 3276 3273 3278 3280 3274 3275 3275 3275 3273 3277 3277 3279 3273 3278 3273 3279 3275 3273 3273 3274 1209 3275 3275 3273 3276 3274 3274 3275 3274 3276 3275 3273 3275 3068 3277 3275 3278 3068 3273 3275 3273 3275 3274 3273 3275 3275 2448 3273 3275 3278 3275 3068 3275 3273 3273 3278 3273 3276 2848 3275 3068 3275 3279 3275 3275 3273 3277 3275 3278 3068 2848 3279 3273 3273 3274 3273 3275 3275 3273 3273 1960 3274 3276 3275 929 3278 3275 3275 3273 3276 3068 494 3276 3275 3274 3275 3273 3273 3278 3277 3068 3275 3273 3068 3276 3275
386 1193 1959 1771 1006 1095 2849 1965 1734 768 449 260 1023 1342 1761 432 2163 3281 2849 1771 2849 1934 1006 321 1771 1342 1524 460 1771 416 11 1771 169 1119 1773 1773 1773 211 2848 2084 2849 2849 962 866 1771 211 1342 1333 1942 3281 504 1959 2849 2742 1965 2084
387 3282 392 11 3282 3282 3282 3282 3282 3282 3282 1787 3282 3282 3282 11 3282 1084 1892 3282 3282 300 3282 1343 3282 1236 300 3282 3138 3282 3282 377 1470 826 2156 300 3282 3282 3282 1 1 3282 3282 3282 3282 3282 3283 3282 2449 552 3283 257 2156 96 3283 795 3283 2063 106 2063 274 3283 2063 826 377 1091 2063 2063 2842 268 2063 521 2063 1852 2063 2063 1012 67 18 2063 300 3283 2063 69 20 2063 2063 328 1385 2063 2063 2189 828
388 231 1538 198 2929 1514 3284 45 2036 1304 3284 2478 1568 2928 2351 1 11 2928 3284 200 2928 3284 290 47 1679 2928 198 1230 47 2594 419 3284 3284 3284 3284 47 1280 2928 407 3284 1021 1021 231 267 2928 3284 1105 3284 3285 1474 550 1295 2928 1295 3284 2928
389 3286 3286 3286 3287 3286 3286 550 2866 707 121 2218 2374 3286 1897 3286 3287 3286 3287 3295 3287 3286 3287 106 311 106 3295 3292 2735 3297 1314 1314 793 3287 3286 3287 3286 2190 3286 3287 3286 550 3286 3286 3288 3288 2374 3287 2735 2735 475 3286 3286 3287 3286 3288 3296 1023 3288 473 3287 3286 3286 3287 1190 3287 3286 52 3288 2085 3287 3295 3288 3287 2037 2374 3286 3288 3287 3286 1190 3286 1190 793 3286 3289 3286 3287 3295 1178 3286 3287 3287 2374 3287 3286 3292 3287 3295 3286 3287 3290 3286 3286 3286 3286 3286 707 793 3295 3290 1479 267 2866 550 3289 3290 3289 3290 3290 3287 3287 352 310 321 2374 121 3289 3290 1038 3289 3290 3289 3290 3289 3290 3292 3295 3287 3289 3290 1838 3289 3290 3289 3290 3287 863 3289 3287 3287 3295 3287 129 357 2218 3289 3290 3289 3290 3289 3290 3287 3289 3290 696 456 2607 3289 3290 129 2374 3289 3290 1116 460 3289 3290 3288 3293 3289 3290 2152 748 3290 791 2374 3289 3289 3290 3288 3289 3290 3290 3289 3290 3288 3290 3295 2218 2374 473 3291 793 3292 828 3291 999 3289 3290 3291 3289 3290 581 3289 3290 792 3287 3291 3289 3290 3292 3295 3291 3289 473 157 67 2374 3291 791 3289 3290 3287 3290 3289 3291 3289 3290 3292 3291 3289 3290 3291 3289 3290 3291 3289 3290 3288 3290 863 2374 3291 3290 3289 3290 707 365 3290 2032 3289 3290 3287 828 2074 3289 3290 3294 3290 3290 3288 3287 3292 3288 3290 1596 1091 3291 3291 3287 240 3292 473 863 3291 3290 3292 3291 3293 3290 3290 3293 863 3289 3290 3289 3290 3290 3292 3290 3290 3291 3293 3290 3293 3289 3290 3289 3293 3290 3293 3288 3291 3289 3290 3292 3290 3293 3289 3290 3288 3293 3289 3289 3291 3289 3289 3290 3293 3288 3293 3289 3293 3292
390 3299 3299 486 600 3299 600 3299 600 1705 125 619 125 3302 125 3303 491 125 1964 3298 125 600 3299 3065 3300 3300 2979 3301 3300 3301 3304 3305 3300 3301 3300 3301 3300 3301 486 125 3300 3301 1195 125 3301 1333 3300 3301 3299 486 3299 3300 3301 1966 3300 3301 3303 3300 3301 3300 3301 3299 3300 3301 3300 3301 3300 3301 3300 3301 3300 3301 3300 3299 3300 3301 3300 3301 3300 3301 491 3298 125 3300
391 2738 2139 300 943 2139 2139 231 1374 2139 2139 231 2139 1695 2139 1 2206 17 1993 2139 2139 2139 968 1758 2139 464 2373 2139 2139 2139 2139 2139 2139 2139 3306 169 1470 2242 1852 329 362 2216 2139 319 30 413 157 2250 2139 2139 2139 788 2242 2139 326 2242
392 330 788 38 526 2735 458 3307 968 458 1174 3307 1174 458 458 458 744 1174 2860 458 3307 458 1690 458 3307 2172 3307 2542 458 458 1598 2860 3307 458 2860 1690 458 3307 2860 2860 3307 458 2860 458 2860 1690 565 1809 3307 1174 3307 458 2860 2860 458 2860 458 2860 458 3307 458 2860 1174 3307 458 458 2860 458 1690 3307 458 2860 1174 458 2860 458 1690 121 458 2860 458 2860
393 1019 1247 1247 1247 1247 1062 1247 1019 1299 1664 2557 230 1664 1247 3309 1666 230 1993 1664 2557 1665 1664 2317 1247 1099 1247 1247 3308 1665 211 1971 1003 397 164 600 125 125 1821 1497 465 1657 1657 1710 288 157 169 169 494 2309 1299 106 1664 1664 106 106 1664 182 52 1664 11 11 182 643 2317 182 169 125 106
394 2106 706 47 3310 3310 3310 2479 11 706 2281 3310 706 3310 3310 419 2106 260 706 3310 3310 3310 2106 3310 165 3310 706 2106 941 3311 3311 3310 362 3310 3311 3311 3310 3311 3311 3311 3310 2859 2106 3311 1912 3310 3311 572 3310 402 3311 706 3311 3311
395 2360 2352 153 1853 3135 211 2360 2352 2360 2352 1853 3135 2360 2352 153 1853 2360 2352 292 672 2352 2352 2360 1853 3135 2360 2352 672 3162 1853 3135 1853 3135 1325 2360 2352 2360 2352 1853 3135 2360 2352 1853 3135 672 2352 2360 672 301 2360 2352 2360 2352 1853 3135 153 3162 2360 2352 153 1853 1325 2360 2352 153 1853 3135 2360 2352 3135 1325 2360 2352 1306 2360 2352 1185 2360 2352 835 3135 1853 2352 2360 2360 2352 1853 3135 2360 2352 672 2360 2352 2360 2352 3135 1853 1579 2360 2352 3162 153 1853 3135 672 2360 2352 153 3135 1853 3135 1853 1325 2360 2352 1853 3135 2360 2352 1507 2281 2360 2352 292 2354 2360 2352 3135 1853 2360 2352 1853 3135 2360 2352 3135 1325 2360 2352 1853 3135 1325 1853 672 2360 2352 153 1853 1853 3135 1325 172 153 2360 2352 1853 3135 3135 3135 211 2360 2352 3135 2360 2352 826 672 292 2352 2360 672 292 2360 2352 672 2360 2360 2352 672 293 2360 2352 2360 2352 2360 2352 1549 1507 2360 2352 2360 2352 292 2360 2352 292 672 672 211 2360 2352 2360 2352 672 2360 2352 672 2352 2360 2352 2360 2352 2360 2352 2360 2352 293 672 2360 2352 2360 2352 2360 2352 672 2360 2352 2360 2352 672 2360 2352 2360 2352 275 2360 2352 211 292 2352 2352
396 721 173 163 1568 125 3313 173 721 147 832 173 3312 3313 173 3313 721 2559 3312 20 3186 2559 3312 2343 1296 1224 2343 3313 173 721 721 173 3313 173 721 2559 3312 2472 198 2343 721 147 3313 173 721 987 3312 2518 2472 2472 1296 3313 173 3312 2518 3312 1393 173 3313 173 721 3313 173 721 3314 3313 721 2002 3313 173 2559 3312 3313 3312 721 2472 3313 1678 2472 173 721 3314 114 721 173 721 721 173 721 721 721 1 3313 768 99 201 2518 3313 721 2518 1 2472 3313 2472 2518 3312 2472 721 2472 3312 173
397 398 1548 398 398 398 398 398 1258 398 398 45 3315 900 2866 550 2806 3092 11 3315 2468 353 3315 3315 460 3217 3315 353 904 910 1 513 3084 2616 1258 353 3315 2806 2806 2806 2806 2806 364 2806 505 2806 2806 2806 3315 2806 2616 347 2806 2616 2616 347 341 2806 3092 904 3315 2806 3092 3092 3092 2806 2174 1792 3315 1 54 900 3315 106 2371 348 767 2806 1792 1792 2806 2806 440 1 1827 2806 1792 1792 2174 2806 2616 3315 353 3315 904
398 121 309 1166 2256 2281 308 2256 2148 2256 2256 2256 1534 2256 2144 2256 2256 2256 2256 2256 73 1388 647 2256 1765 389 2256 2713 2713 1547 1 2256 1100 697 2256 2256 2256 1534 61 2256 2207 21 2256 2256 1534 1534 617 2256 691 2256 2256 2256 1390 1 2256 69 2256 2256 1543 2631 122 2256 699 2256 1543
399 377 526 1012 1153 86 3316 1975 3316 263 2688 86 3316 86 3316 86 526 1940 3316 215 86 530 1012 3316 3316 1167 86 3316 86 125 3316 321 322 209 2688 3316 3316 1324 379 2200 3316 1324 1012 2191 1759 958 3316 322 564 422 2238 1975 86 3316 895 1979 86 1 86 3316 2238
400 968 1466 1781 768 1355 1781 749 2047 533 1497 960 583 1840 1002 282 960 751 960 169 45 751 751 128 1485 2500 460 1812 959 446 746 707 852 275 29 750 528 1781 751 716 1490 959 1781 288 548 2047 747 457 746 1752 751 1497 1095 960 1002 968 362 362 852 1759 1109 2085 1002 747 968 959 1750 1109 1071 742 1941 716 707 236 1351 284 11 11
401 67 3317 67 3317 67 67 67 3317 67 3317 3317 67 67 3317 67 3317 3317 67 67 3317 994 955 67 3317 67 67 3317 3317 67 67 3317 67 67 67 67 67 3317 67 67 67 67 3317 67 3317 67 67 3317 67 67 67 3317 67 67 3317 67 67 67 3317 67 3317 67 67 67 67 3317 67 67 3317 67 3317 67 1460 3317 67 67 67 3317 67 67 3317 67 3317 67 67 67 3317 67 3317 67 67 67 67 417 67 67 67 2881 67 67 3317 3317 67 67 3317 67 1813 2309 3317 67 67 3317 3317 67 3317 67 3317 2881 67 67 288 2881 3317 67 67 67 3317 3317 67 67 3317 67 67 67 3317 67 3317 3317 67 3317 67 3317 3317
402 125 1185 1601 1435 393 1185 101 393 491 1245 393 393 1415 139 1777 715 134 169 101 101 2 600 549 1060 926 299 1062 926 920 139 139 139 926 299
403 3318 3320 3319 3319 1573 3321 3319 3321 3323 3321 3319 3319 3320 3320 3320 3319 3318 3319 3321 3320 1410 3320 3083 3083 3083 3320 3320 3319 3320 3319 3321 3321 3323 3319 3083 3320 3319 3319 3319 17 3319 3320 3318 3319 3083 3083 3319 3320 3319 3319 3319 3320 3318 3320 3320 3319 3320 3319 3319 3319 3320 3319 3319 3318 3323 3319 3320 259 3320 3319 3320 3318 3320 3320 3320 3320 3320 345 3320 3323 3320 3320 3319 3320 3318 2671 2671 3090 3320 3320 176 3319 3320 176 3320 3318 3321 1240 3318 2049 3318 3318 550 3320 505 3323 3320 3318 3320 3323 3324 3319 3318 2049 3320 3323 3320 3320 3320 3323 1573 3320 3319 3319 1296 3323 3319 3323 3320 3318 3319 3320 3318 347 3320 3323 3321 362 3323 362 3313 3323 46 3321 3321 641 3034 3323 3321 3321 3321 3321 3321 3321 3322 3323 1573 3321 3322 3321 3322 3321 3322 3322 3323 3321 3322 3321 3322 3321 3322 3323 3321 3322 3321 3322 3321 3321 3322 3322 3322 3322 3321 3322 3321 3321 3322 3322 3321 3321 1240 3321 3321 3322 3321 3321 3322 3321 3322 3321 3321 3322 3321 3322 3321 3323 3322 3321 3321 3322 3321 3322 3321 3321 3321 3322 3321 3322 3321 3321 3321 3322 3322 2276 3321 3321 3321 3321 3322 3322 3321
404 494 1014 206 1 169 252 2063 2687 567 1389 2063 742 567 269 1740 2072 11 11 169 1893 250 1535 1394 3325 2063 67 2720 688 169 1026 440 1343 1758 838 2200 2125 122 169 1009 266 2204 169 972 1037 2461 452 250 1498 11 2723 452 197 828 362 1163 1945 10 67 321 1543 1541 1541 521 11 11 106 1346 1102 2461 1543 2125 972 1756 1543 972
405 3326 3326 2449 1093 2515 2515 3326 2515 3326 278 3326 2591 3326 2515 583 3326 2515 37 3326 2591 3326 2515 248 3326 2591 3326 2591 663 3326 2591 278 3326 2515 3326 2515 1095 268 2591 2591 1017 1988 1104 1096 273 3326 2591 267 2591 2591 3326 3326 2591 2591 260 2591 3326 321 2034 3326 1988 3326 2591 3326 3326 392 273 3326 2591 2591 2591 3326 125 1245 993 971 1784 2591 2591 3326 3326 2591 3326 2515 87 2591 2357 3326 3326 1340 412 2515 3326 3326 3326 891
406 106 391 1105 67 583 48 226 2737 169 1297 1774 163 214 11 48 48 48 48 2214 101 680 446 48 962 948 261 976 82 1254 1090 1254 685 11 11 1254 948 1010 305 527 1554 25 701 948 1068 48 2256 1254 2357 1102 688 2561 1254 211 1060 1494 1705 2120 11 1 1 600 879 106 1662 1060 2737 296 389 325 616 2584 2813 391 391 127 351 948 233 2737 948 1161 48
407 67 3327 1937 3327 3327 602 67 3327 67 2437 3328 67 3327 3327 67 67 3328 67 3328 3327 67 3328 3327 67 3328 3327 67 846 67 67 67 3328 3327 67 3328 3327 3327 67 615 67 3328 3327 67 3328 67 3328 3327 846 67 3328 67 3328 3327 2881 67 3327 3327 67 3328 3327 3328 3327 3327 67 3327 67 3327 3327 2881 67 3328 3327 67 3328 3327 67 3328 3327 67 3328 67 67 3328 67 67 67 845 230 602 67 67 3327 602 3327 602 3327 2069 3328 70 3327 3328 489 2881 3327 67 3328 3328 1188 67 845 602 3327 3328 67 67 3327 3328 84 2881 67 67 67 3327 67 67 3327 1 3327 67 3327 140
408 3329 30 2073 286 3329 1218 3329 3282 3282 75 3282 231 3282 3282 3329 3282 3329 1121 468 2702 3329 3282 3329 3282 2253 67 3329 3282 385 3329 1813 1016 3329 3282 106 106 3282 3282 385 1496 3329 296 3282 3282 236 231 3282 631 3282 2717 2253 3282 226 3282 3282 3330 3282 30 226 830 226 733 30 226 226 106 2511 226 2253 1893 99 1092 226 1098 1787 1912 226 543 2088 864 226 226 226 1787 226 226 122
409 290 2607 2255 456 785 3331 1153 464 1696 528 790 456 1163 1751 284 1751 284 745 745 745 284 745 745 362 745 2241 745 286 326 685 745 745 1577 745 745 745 284 1155 745 745 284
410 232 1 3332 1915 614 1730 3332 3332 2580 614 3332 2580 1099 486 3335 3328 3333 3332 2580 2164 1849 1114 1487 886 101 3333 2256 2580 3332 3333 3332 2056 2580 3332 3332 3333 470 47 655 3332 3332 1487 3333 3332 2580 2056 3334 330 2096 2580 1487 3332 2056 2802 499 418 52 2580 2256 3332 3333 1
411 177 3337 602 3336 3336 177 3337 177 3337 3337 177 3338 1572 3337 778 177 3337 3336 177 3337 602 3337 177 3337 3338 3337 3337 177 3337 177 778 2093 583 1888 3337 177 3338 2024 3337 177 177 3338 3337 3337 177 177 3337 602 358 177 1893 2093 3339 3338 3337 177 3337 3337 177 3338 3337 177 3338 3336 3337 778 2094 17 3336 3337 177 3338 3337 177 602 3337 3336 3337 177 2093 3336 556 85 3337 177 3337 177 177 3337 602 3338 177 3337 177 2094 177 3337 177 602 177 258 256 104 3337 778 3336 259 3336 177 3336 177 2093 3336 3337 177 177 177 3337 177 3338 177 3338 3336 3337 3338 602 3337 177 3338 3337 3337 177 177 2094 778 177 177 177 2094 177 358 2094 177 2028 3336 177 177 3336 3336 177 1446 1817 3336 778 778 358 358 2093 1481 1319 14 1095
412 1160 268 326 451 1366 1398 22 1160 451 1170 326 1170 26 1160 958 460 1398 1160 1018 1297 1398 188 3170 2070 1572 2100 2072 1121 1022 326 262 2470 451 82 805 2720 786 2070 2720 2618 2070 2618 1398 2618 515 862 2618 1398 1696 188 3197 284 107 476 2618 411 1629 284 2618 411 1581 556 267 2856 2251 1902 961 1160 1156 284 2720 957 1091 52 2373 2720 2720 2470 271
413 1948 2161 890 956 467 1362 1207 481 2083 1236 1207 1824 1207 321 582 3340 582 385 3340 3340 3340 3340 949 3340 3341 653 312 525 321 1184 3340 525 321 3054 582 336 619 1365 121 80 581 3340 1207 619 1207 3340 2549 3340 2797 3340 1207 3340
414 1801 96 3106 812 1742 2277 1721 204 1 1469 114 440 1667 3343 114 1807 2076 1121 738 1721 1807 270 2500 114 980 114 3342 597 47 1252 1197 621 296 1376 1102 440 2720 862 862 114 1948 2354 2354 1787 309 1123 1252 1023 268 2618 296 2354 1552 114 1155 1008 710 1144 595 554 114 1323 1807 1801 67 585 1807 595 114 803 1002 2590 1089 2221
415 1860 3344 266 1356 1860 1055 14 2686 3344 3344 1041 81 3344 235 1002 1936 321 104 1860 550 405 866 205 95 96 1497 95 291 95 1860 2237 95 1006 1541 95 28 1055 95 2220 169 169 958 73 3344 321 3344 201 1102 2355 1129 291 1980 1758 2927 707 1350
416 247 1685 462 631 1893 1159 2822 813 2254 3126 768 289 1064 631 2814 1895 277 2073 2934 1064 550 979 1827 853 1972 631 216 2349 1012 410 1752 787 1782 1064 2748 468 631 17 1795 1064 631 2256 2840 290 551 2073 1064 2256 716 1041 1053 631 1064 169 449 631 169 1064 631 631 1142 73 1152 1064 853 2197 853 1064 1691 631 91 1224 631 97 2256 1897 688 1827 1827 2203 1064 169 1064 1064 70 8 169 11 1190 471 948 169 853 701 631 2195 169 2356 1064 1168 2280 853 1922 287 2256 169 853 315 1448 1 631 533 979 631 853 2256 1006 631 631 631 2046 631 1 1 853 631 853 631 631 1 2256 125 853
417 970 2536 1398 22 2207 2536 1342 211 2743 1948 687 654 1118 574 283 2037 1398 258 647 3130 14 804 952 505 2037 687 11 1029 1745 284 26 362 999 1156 1154 2721 957 956 2459 803 994 750 564 994 1805
418 2177 3345 3346 894 642 2308 3346 2177 3345 2177 211 550 2177 2177 3345 3346 600 326 2177 3345 3346 3345 3346 3346 329 3346 894 3345 3346 3345 3346 2177 3345 3346 2177 3345 3346 894 3346 2177 3345 3346 894 3346 894 2177 3345 3346 1209 2177 3345 3346 894 1263 2177 3345 3346 3345 894 2177 3345 3345 3345 3345 894 2177 3345 3345 2177 3345 3345 2177 3345 3345 3345 894 3345 3345 894 2177 3345 3345 3345 3345 3345 3345 894 2177 3345 3345 894 2177 3345 3345 3345 2177 3345 3345 3345 894 2557 3345 326 3345 3345 3345 3345 894 1765 803 3345 3345 3345 3345 3345 3345 3345 3345 3345 3345 3345 106 3345 3345 3345 3345 3345 3345 3345 3345 3345 3345 3345
419 494 3347 1119 715 1557 642 1644 618 257 618 1287 554 320 3347 3347 3347 2214 3347 3347 2221 3347 3347 957 1287 2255 3347 3347 3347 3347 1078 1981 1910 96 1095 3347 494 612 3347 3347 895 2217 618 3347 1910 3347 1505 3347 1775 3347 494 3347 3347 3347 1348 3347 2193 1759 1557 321 3347 1081 3347 3347 3347 3347
420 1594 2869 707 688 1926 460 1162 786 10 2544 277 2199 1102 2748 707 994 1142 1943 1898 1157 2073 83 352 229 114 2173 1810 1696 84 2971 1684 2971 352 448 1810 1088 365 2971 91 11 828 2156 466 1555 2822 11
421 3361 3350 3357 3357 3362 3357 3359 3357 3361 925 3349 3350 925 3152 3357 3361 3357 3361 3362 441 928 3357 441 3350 3349 441 928 3357 2522 928 441 3357 3349 3349 3362 441 928 3357 928 3349 3350 3350 3349 3362 928 441 3357 925 920 3357 3355 3357 928 925 3350 2522 927 3349 928 441 3357 3349 3348 925 3349 3355 928 3357 925 3357 3357 3349 3360 928 441 3357 928 441 3360 925 3350 3361 2522 3357 2522 2522 928 3357 3357 3357 3361 449 3357 3350 3361 3350 3361 3350 928 3357 928 3357 3359 1205 1205 2522 3361 3350 3352 3361 3357 3357 3359 3356 3357 3361 3350 3357 3349 3360 441 3357 3355 3359 3355 3360 3350 3348 3360 3349 928 3357 3356 3253 3360 3348 3355 3350 3350 3360 3253 3364 3351 3359 3253 3357 3349 3351 3350 3351 3348 3360 3349 3352 3353 441 928 3357 3360 3253 3361 3356 3360 3348 3351 3351 3348 3360 3349 3352 3353 441 928 3354 3357 3354 3352 3349 3351 3351 3348 3360 3349 3352 3353 441 928 3354 3357 3354 3354 3355 3352 3253 3253 3350 3351 3349 3349 3352 3353 928 3354 3357 3348 3349 3349 3350 3351 3349 3349 3352 3353 441 3354 3355 3349 3353 928 3354 3357 3361 3356 3356 3354 3357 299 3357 3355 3352 3348 3358 3351 3349 3349 3352 3354 3355 3349 3349 3253 3350 3351 3348 3349 3349 3352 441 928 3354 3357 3355 3352 3349 3358 3350 3355 3348 3351 3358 3351 3348 3349 3349 3352 3353 928 3354 3357 3348 3349 3351 3355 3348 3349 3358 3253 3353 3353 3350 3349 3349 3351 3351 3356 3348 3358 3350 3349 3349 3352 441 928 3356 3354 3357 3354 3355 3352 3355 3349 3349 3356 3351 3349 3357 299 3253 3356 1761 449 3357 3357 3355 3348 3349 3349 441 3356 449 3253 928 3355 3362 3349 3351 3358 3253 3359 501 3362 3348 3349 3350 3348 3349 3349 3352 441 928 3357 3355 3356 3349 3351 3348 3349 3354 3349 3351 3353 3357 3359 3253 3354 3348 3349 3351 3348 3349 3349 441 3350 3351 3349 3349 3353 928 3354 3357 1205 3359 3349 3349 3350 3348 3349 3352 928 3354 3357 3349 3349 3352 3353 928 3351 3348 3349 3352 441 3354 3351 3361 3352 3356 3355 3351 3348 3349 3352 3352 3348 3350 441 928 3354 3354 3357 3350 3358 3350 3351 3349 3352 441 3354 661 3352 3362 3351 3358 3350 3351 3348 3352 3353 441 3357 3351 3361 3362 3351 3358 3350 3363 449 3361 299 449 924 3354 3358 3253 299 449 3363 924 3354 3357 3357 3356 3352 3351 3349 3352 441 1205 3359 3361 171 3348 3351 3359 3348 3349 3349 3352 3353 3354 3357 3348 3349 3349 3352 3356 928 3354 3357 3363 924 3356 3351 3348 3356 441 928 3354 3357 3355 3352 3348 3351 3358 925 3362 3349 3351 3253 3350 924 449 3363 3354 3357 3352 3362 3348 3349 3351 3350 299 808 449 924 3363 3354
422 3365 1011 554 268 321 3365 554 794 1796 3365 119 3365 966 3365 2120 1796 554 2814 3365 2130 2814 3365 527 1561 45 937 326 3365 3365 3365 3365 537 422 96 3365 3365 404 3365 3365 3365 27 554 2814 1796 3365 3365 1796 260 3365 3365 2814 3365 3365 3365 3365 1921 91 2814 11 691 84 321 260 321 45 11 11
423 1359 1804 178 4 393 2734 67 1945 832 87 178 1037 1920 121 2189 269 1480 3366 315 2734 964 147 2734 100 476 455 4 3367 323 520 1811 1351 2734 3190 134 2878 1827
424 3370 3368 3372 3370 3368 3368 3368 3368 3374 3368 3370 3368 3371 3372 3370 3368 3368 3368 3369 3370 3368 1657 3370 3371 3372 2307 3368 3368 3369 3370 3368 3368 3368 3370 3370 3368 3370 3369 3370 3368 3368 3368 3371 3368 3368 3368 3374 3370 3373 3370 3372 3368 3368 494 3368 3368 3371 3368 3370 3373 3370 3370 3368 3370 3373 3370 3368 3368 3368 3370 3369 3368 3368 3368 3370 3373 3370 3375 3368 3370 3370 3371 3368 3368 3369 3373 3370 2557 3370 3368 3368 3368 3370 3368 494 3368 3368 3368 3370 3368 3368 3368 3368 3370 3368 3368 3368 3370 3369 3371 3368 3368 3368 3368 3370 3370 3368 3371 3368 3368 3373 3368 1965 3368 3370 3368 3370 3368 3368 3370 3368 3368 3370 3370 3368 3368 3370 3373 3369 3370 3369 2308 2163 3372 3368 3368 1965 3368 3368 3368 3374 1654 1660 3368 3371 3368 3368 3371 3368 3368 3370 3368 3368 3368 3368 3370 3373 3368 3368 3368 3368 3370 3368 3370 2307 3368 3370 3369 3368 3370 3373 3370 3368 3371 3368 3371 3368 3368 3374 3373 3369 3370 3373 3370 3372 3368 3371 3368 3368 3370 3368 3368 3370 3375 3368 3371 3368 3372 3371 3372 3368 3368 3368 3369 3370 3368 3368 3371 3368 3368 3368 1654 3368 2938 3368 3368 3368 3370 3369 3370 3370 3372 3371 3368 3369 3370 3368 3371 3368 3368 3370 3369 3368 3371 3368 3370 3369 3371 3368 3368 3372 3368 3371 1654 3368 3370 3371 3368 3370 3368 3370 3368 3368 3372 3371 3368 3368 3369 3370 3368 3368 3370 3372 3368 3368 3368 3368 3368 3368 3374 3371 3371 3368 640 3368 3368 3371 3368 640 3368 3368 3375 3368 3375 3371 3368 3375 3368 3368 3370 3372
425 3376 2880 1166 3376 1141 3098 3097 3376 3376 3097 3376 1166 288 288 3097 3376 3097 3097 3376 3097 3376 1241 3376 3097 3376 47 3376 3097 3376 3376 3097 3376 3376 3376 3376 1393 1026 3376 3376 3097 3376 3097 3376 1166 3097 3376 3376 1241 3376 3098 3376 2929 2035 3376 3376 3376
426 2597 1593 954 246 312 1593 1593 532 476 2801 2597 1593 1144 2220 2670 1972 1095 2597 225 1593 262 30 296 1162 1593 225 727 954 2801 1162 1747 1593 447 1593 21 2525 2801 1593 225 1593 1695 1695 1695 1695 1695 88 971 840 1827 86 725 388 1695 528 1695 2490 1092 932 1695 2490 2490 1815
427 3377 2270 3378 3377 550 337 3377 3378 3377 3378 3377 3377 3378 3377 3378 3377 3378 1888 3377 3378 1873 3377 3378 3378 3377 3378 3378 1828 3378 3378 3377 3378 2179 3378 3377 3378 3378 3378 3378 3377 3377 1869 3378 3377 684 3377 3377 3377 353 3377 3377 3377 3378 3378 3377 3377 3378 684 3377 3377 3378 3378 3377 694 3378 3378
428 3379 3380 3380 3380 3379 3380 3379 3379 3379 3380 3380 3379 3380 3380 3379 3380 3380 3380 3379 3379 67 106 1 3379 3379 3379 106 106 3379 3380 3379 3380 3379 3379 169 3379 1 3379 1 3379 3380 2274 3379 3380 3379 413 3379 336 3379 2174 609 45 3379 3380 3379 1364 42 3380 3380 176 1364 3380 3379 106 1 3380 3380 3379 1953 3379 2543 1320 3379 3379 67 106 176 3380 3379 3380 299 3379 246 3379 3380 3379 3380 67 106 3379 3380 3379 3380 3380 3379 169 106 106 3380 3379 3379 106 3379 3380 3379 3380 3040 125 106 3379 2274 3379 1481 2476 3379 3379 3379 3379 3380 3379 3380 2476 3379 3379 3379 3380 3379 3380 3379 3379 3380 3379 336 3379 3381 1858 3380
429 764 3382 3383 3382 690 690 3383 3384 3382 3382 3383 3383 3384 3382 3383 3382 3382 764 442 3383 3382 3382 3382 3383 3383 3382 3382 3383 3383 3385 2040 3383 3382 837 832 3383 3382 832 3382 1466 3383 3382 3383 3382 3382 832 3383 3382 3382 3382 3382 3382 725 3385 3383 3382 3383 3383 3382 3382 3382 3383 839 3383 3383 3382 1095 3383 3383 3383 3383 766 725 1438 3382 3383 3382 188 3383 3382 3382 3383 3383 3383 3382 3383 3382 2652 3382 3382 3383 3382 3383 1466 3383 3383
430 106 618 1221 2473 273 581 481 689 52 3334 1982 1976 290 236 689 1011 1629 2234 618 2358 579 122 3334 691 2281 87 2234 1978 1221 1849 2473 2234 804 392 1976 273 3334 2812 299 106 230 106 74 273 986 296 1517 883 1705 3334 230 106 2889 74 1741 788 853 1505 844 616 612 280 638 333 853 1080 1487 2502 3334 1061 697 1246 630 853 853 3334 2510 597 850 853 3334 94 853 850 333 2256 1982 1774 616 618 2510 853 2256 883 2510 30 114 2256 233 11 3334 1505 126 1207 630
431 3389 3390 3392 2837 3389 3392 2837 3393 3389 3390 3392 2837 3393 3390 3389 3389 3392 3393 3391 3388 3388 3390 3390 3389 3392 2837 3393 3389 3390 2302 169 976 3389 3389 3392 2837 2837 3392 3388 3390 3389 2837 3392 3393 3391 3391 2837 3392 3393 3390 3389 3391 3392 3393 3391 3390 3389 3389 3390 3390 3391 3391 3391 3390 3389 2837 3393 3392 3391 3391 3391 3393 2837 3392 3389 3391 3391 3391 3390 3389 3391 3391 3391 2837 3390 3389 2837 3392 3393 3390 3389 3391 3391 3391 3390 3389 3390 3389 3391 3392 169 3390 3389 3390 3389 3390 3389 3391 3391 3391 3389 2837 3393 3391 3390 3389 3390 3389 2837 3393 3392 3389 3390 3389 3392 169 169 3388 47 169 169 2837 2016 169 169 169 2016 98 51 45 169 3386 3387 3386 3388 3386 3386 3386 3388 3387 3387 3387 3387 3386 3386 3388 3386 3387 3387 3386 3388 3386 3387 3386 3387 169 3386 3387 3386 3387 3386 3387 3386 3386 3387 3386 98 3387 3387 3386 3387 3386 3387 3387 3386 3386 3387 3386 3387 3386 3387 3388 1098 98 45 3386 3387 3388 3387 3386 3388 3386 3388 3386 3388 3388 3386 153 1098 98 3388 3386 3388 153 169 3387 3386 3388 3386 3388 3388 3387 3388 3386 3387 3386 3387 1098 3387 3387 3387 3386 3387 3386 3386 3387 3386 3387 3386 3387 3386 3387 3388 3388 3386 3388 153 3394 1098 3387 1098 2332 3386 3386 3388 830 3387 153 169 3387 3386 3387 3388 3386 3387 3388 3387 3388 160 153 52 3387 3388 3386 3387
432 1069 1824 87 3395 1906 1 3395 3395 11 3395 3396 130 3395 3395 3395 2889 3395 3395 3395 1093 3395 1906 3396 45 3395 3395 3398 3396 45 1212 1509 47 3395 715 45 3395 11 3395 3396 3395 1505 3397 670 126 3395 1226 1 1 1390 3395 585 2477 3395 3395 3395 3396 1067 3396 45 2358 3333 3395 3333 237 106 11 114 3333
433 83 1376 125 600 3402 2097 478 1663 2307 305 465 465 169 169 2011 465 2744 3400 600 600 125 2744 3400 1172 1 417 465 2307 3399 169 3400 293 3400 2011 2307 2307 125 494 2473 2102 84 1114 3403 3404 3401 2316 52 3405 465 3405 3403
434 67 206 712 67 206 67 206 67 206 206 1579 2190 67 206 206 1929 712 67 206 2190 3406 206 712 1929 67 206 1929 712 67 3406 3407 67 206 712 67 3406 206 206 67 377 206 377 712 1929 206 377 67 3128 206 67 1478 206 1929 1217 67 3406 206 206 1249 712 377 67 460 3407 206 1929 499 305 67 3406 206 1929 1579 67 206 1929 1249 67 3406 206 3128 206 1929 67 3406 206 460 206 1217 67 3406 206 206 3406 712 937 937 3406 206 712 103 377 67 206 206 385 258 67 484 67 206 67 206 206 67 3406 206 103 67 937 67 3406 206 3406 67 3406 67 3406 206 58 67 3406 206 258 103 67 527 206 1478 1057 2190 67 3406 206 67 1478 67 206 67 3406 1057 206 460 206 3406 206
435 3408 3078 3408 3408 1931 3078 1971 3408 1931 3138 1742 1931 3408 862 3408 1931 752 3336 3078 1931 3408 3408 3078 3408 17 3408 3078 3078 3408 727 3408 1931 1931 3408 169 3078 3408 1105 460 3078 3408 3297 1931 3408 1931 3408 2124 3078 1931 659 3408 3297 1931 3408 362 3408 3408 675 1742 1931 1931 1931 240 3408 3408 1931
436 2800 2822 2568 1783 2800 611 2822 70 2028 1536 1684 2717 1739 3328 2822 100 100 1388 665 598 2480 1092 1536 1092 1384 2800 1052 1739 1739 714 171 1400 99
437 3099 3183 3409 3099 3099 3183 3410 3409 3099 3099 2594 3410 3409 3099 3183 3099 3409 3183 3409 3183 3409 3099 67 3183 3410 3409 3099 816 3183 3183 3410 3099 212 3183 3183 3183 1380 3099 3409 305 3183 3099 816 1380 3183 3409 3099 1380 3183 1317 3183 1380 3409 3099 3409 3099 305 1380 3409 305 305 3409 3099 3183 3409 3410 3099 67 3183 3099 3409 3183 1936 796 3183 111 3183 575 11 1719 3183 11 3183 3410 3409 3099 3183 3409 3099 733 3410 3183 3409 733 405 115 3183 3409 3099 3183 3099 733 3183 3410 3099 3409 3409 816 305 111 3099 3409 67 405 3409 3099 305 3183 1583 3183 3099 3409 3183 3099 3409 733 3409 3099 816 405 67 1532 3099 3409 305 3409 405 733 3183 3183 3409 3099 305 1532 67 405 3409 3099 3183 733 3183 3409 305 3183 3409 3183 3409 3183 3409 67 405 305 3183 3409 3183 3410 3183 305 3183 3409 733 305 3183 111 3183 3409 733 3409 67 305 3099 3409 3183 3409 2594 111 3183 305 3410 3099 3409 305 3183 3099 3409 3183 3099 3409 67 305 3183 3099 3409 3099 3099 3409 3183 11 666 816 3183 3183 816 3410 733 3183 3099 3409 3183 3409 3183 3409 111 3183 3099 3410 3183 3409 733 3183 3183
438 3417 345 3420 3414 3419 3411 3412 3413 3414 3411 3412 3413 3415 350 3420 3419 3416 3417 3414 3411 3412 3415 3419 22 3411 345 3420 3412 3415 3419 3417 359 3419 3416 3417 1258 2866 2866 550 358 3416 3417 3414 359 3414 3415 481 3415 3414 345 3419 3416 3417 3414 3412 3414 364 345 3419 345 3420 3416 3417 1258 3416 3417 3418 347 3416 3417 3414 3411 3415 3419 367 3417 3414 3419 583 3416 3417 3414 359 3420 3415 3419 3417 3414 3411 3419 3416 3417 3414 3411 3414 3415 3419 3416 3417 3414 3418 359 3415 3419 3411 3419 3416 3417 345 3414 3418 364 3419 3416 3417 3418 367 1408 359 3415 3419 3414 3411 3415 3419 359 3419 3417 3419 17 3416 3417 3411 3413 3412 3415 3419 364 3414 3415 3419 3416 3417 3419 3416 3414 3411 3413 3419 3416 3417 724 769 3414 3411 519 3417 3415 3419 3416 3417 3414 3419 3416 3419 3411 3412 359 3415 345 3413 3411 3415 3419 3416 3417 919 1349 3419 3415 350 3420 345 3419 3419 3416 3417 1570 3419 3416 3417 3416 3417 3415 259 3419 3416 3417 3415 3419 364 347 3415 345 3419 3416 3417 3411 3413 3412 3419 3411 3412 345 3414 3411 3419 3420 3419 3417 3417 3418 350 3419 3416 3417 3414 3411 3420 350 3416 3417 3413 3416 3417 3414 3411 3412 3419 3416 3417 3411 3421 3420 3416 3417 3419 3416 3417 3411 3412 3419 3416 3417 3416 3417 3414 3411 1408 1408 3419 3416 3417 3414 3411 3412 3413 3415 3419 3417 3418 909 3419 3416 3417 3414 3419 3419 3416 3417 3419 3417 3419 3416 3417 3419 3416 3414 3419 3418 3419 3416 3417 3416 3417 505 3416 3417 3412 3419 364 3414 3419 3415 3414 3419 3418 3419 3411 3412 3415 3419 3416 3414 3414 3411 3412 3415 3419 3416 3414 3419 3411 3413 3412 3419 3420 345 359 3416 3419 3411 3413 3418 3419 3414 3419 3416 3417 3414 3411 3412 3416 3417 3411 3412 3414 3419 3414 3419 3411 3413 3414 3419 3411 3414 3420 3415 3419 3414 3419 3419 3417 3414 3418 1138 3419 3413 3412 3414 1570 3419 3418 350 3419 3414 345 350 3412 3419 3417 1435 3414 3419 3417 3414 350 3414 3413 3419 3414 3412 3415 3419 3411 367 1408 350 3417 3417 3411 345 3419 3416 3411 3419 3416 3419 3420 3412 1406 3419 362 362 3419 3420 3420 3419 3417
439 3422 1250 136 3423 3424 136 1248 3422 814 3425 2508 59 1250 3424 3422 2508 814 3424 136 1248 2508 814 3425 3422 1250 136 2131 3424 3425 3422 1250 2131 3423 3424 3422 1250 138 2122 3424 136 1248 3422 814 814 3422 136 2131 3423 3424 3424 136 1248 3422 814 2508 3422 1250 136 3423 3429 3424 481 3423 3426 3429 3424 3431 3424 3423 3424 136 1248 3422 814 3425 2508 1374 3424 136 1248 3422 814 2508 3422 1250 136 2131 3427 814 3425 2508 136 2131 3423 3424 136 1248 3422 814 2508 3422 814 1250 136 2131 3423 3424 3424 136 2131 136 2131 136 1248 3422 814 814 2508 3425 3422 1314 3422 1499 1253 136 3427 3424 3423 3424 3423 1342 3426 1888 3424 3424 136 1248 3422 3425 2508 3422 1250 136 2131 3424 3424 136 1248 3422 814 3425 2508 3422 1250 138 3424 136 1248 3422 814 2508 3425 1250 136 3424 136 1248 3422 814 3424 136 1248 3422 814 2508 3425 3422 1250 1253 1253 136 3427 3424 3424 3424 138 3426 3424 3424 136 1248 3422 814 3425 2508 814 3422 136 3424 136 1248 3422 814 3425 2508 814 136 1247 3427 3424 3424 3423 1342 3426 3424 3424 3426 3424 814 3422 1250 2131 3424 3424 136 1248 3422 814 3422 1248 136 3427 3426 2578 3426 3424 3423 3424 1253 1253 1247 3427 3424 136 1248 3422 814 3425 1250 136 3423 3429 136 1248 3422 814 3422 1250 138 3426 3424 136 1248 3422 814 2508 3425 3422 1250 2131 3423 3429 3424 3424 136 1248 3422 2508 814 1250 3422 136 1248 3422 2508 3422 1250 1253 290 2213 1253 136 3427 3424 136 134 2024 134 136 1247 3424 136 3422 814 3425 814 1250 136 3424 3423 3424 136 1248 3422 2508 814 3425 1250 136 2131 3423 3424 3424 136 1248 814 1250 136 2131 3427 3426 3424 3424 3426 3424 136 1248 3422 814 3425 2508 3425 3422 1250 138 3426 3424 3422 3425 3422 1250 3424 136 1248 3422 3425 814 3424 1253 136 2131 1247 3427 136 1248 2508 1250 2131 3424 3424 136 1248 136 1248 3422 2508 814 1250 136 3424 3424 136 1248 3422 2508 814 3422 1250 2131 3423 3424 136 1248 3422 814 136 1247 3424 3424 136 1248 3422 814 3425 2508 136 3424 136 1248 3422 814 3425 3428 1250 136 2131 3424 3424 136 1248 3422 2508 3425 814 3422 3424 136 1248 3422 2508 814 3427 3426 3424 3427 3424 136 1248 3422 814 136 2131 3424 3424 136 1248 2508 3424 136 1248 136 1247 2123 3430 3424 3424 136 1248 3422 814 3425 3430 1204 3424 136 1248 1250 3424 3424 136 1248 3425 3423 3424 3424 136 1248 1248 1250 1248 3422 1250 3428 1248 1248 136 3426 2578 1247 3424 1253 3423 136 1248 3425 1250 136 2131 136 1248 1250 1248 3424 1248 3424 1248 1250 3424 1248 3425 1250 3426 1250 1248 3425 1250 1250 1248 3424 3429 3425 3425 3432 814 3425 814 3432 3426 1977 1938 151 3429 3423 3424 3423 3423 3423 3423 1703 3432 3422 3429 3429 3423 3423 3432 3423 3425 3429 3424 3423 2049 1608 3424 3432 3424 28 1518 1253 1247 3426 3423 3429 3425 1938 3432 3426 595 136 3427 3423 3429 3424 2578 2131 3432 3424 3424 3432 3426 3424 3423 3423 2578 2123 1518 3422 814 3432
440 11 2479 2479 1089 67 18 2855 613 701 163 3433 67 402 47 163 2275 606 3435 1463 3436 178 2130 178 606 163 550 3437 3215 550 3437 169 3434 1245 1882 67 59 47 402 67 1618 987 1471 268 947 1499 1608 987 1618 2275 606 2855 606 163 339 47 1915 163 341 1266 1163 901 1915 11 91 613 701 341 91 1904 1138 341 1682 759 1138 552 1163 1138 1138 2479 339 163 576 11 1904 341 561 469 701 904 341 613 163 2130 2340 2775 176 2340 1266 901 341 1266 901 341 701 1138 341 701 701 11 91
441 515 460 262 30 411 2618 411 17 411 326 3438 326 952 1488 550 550 262 1618 460 766 164 1162 3199 2618 411 262 841 2618 1556 3438 262 2618 3438 3438 1018 3337 312 1488 3438 2618 411 169 268 262 1618 3438 3438 862 1618 460 169 1488 1618 3438 460 2618 515 3438 506 1488 3438 1006 979 411 3438 3438 1226 411 3438 3438 638
442 3441 3446 3451 3443 3444 3192 3446 3442 3443 3439 3444 3192 669 1660 22 3443 3442 3192 669 802 3443 3192 3440 3439 3192 3439 3440 3192 3441 3442 1666 3439 3443 3444 3440 3444 3192 3439 3440 3442 3192 3441 3446 3446 3442 3441 3446 3445 169 600 3443 3440 3447 3439 3447 3192 3445 3441 3446 125 3442 3443 3444 3439 3444 3192 3445 3441 3446 3447 3439 3443 3439 3447 3443 3192 3440 3444 3192 3441 3445 3442 1705 3443 3439 3443 3192 3444 3442 3192 3445 3441 3447 3439 3451 455 3192 3441 3446 3444 3439 3440 3442 125 3192 3446 3445 3443 3447 3450 3444 3192 3440 3444 3443 3439 3192 3445 3439 3447 3440 3445 3443 3447 3439 3440 3440 3192 3448 3450 2532 3440 3444 3439 3447 3450 3452 3440 3443 3439 3440 3192 3441 3446 125 597 3449 3439 1210 3451 3441 125 3449 3444 3439 3440 3451 3192 3441 3446 3445 3447 3446 3449 3444 3439 3440 3192 3441 3445 780 125 3447 3444 3450 3444 3440 3439 3444 3192 3445 3439 3192 3442 3445 3444 3440 3448 3439 3451 3442 1867 3192 3445 125 3449 3444 3449 3192 3445 3446 3440 3440 3439 3192 3446 3445 125 169 3449 1135 3443 3440 3444 3439 3440 3450 3439 3440 3442 3441 3192 3445 3446 3441 3442 3449 3439 3440 3451 3192 3446 3192 3442 600 3439 3439 3440 3444 3192 3441 3446 3442 3447 2532 2309 3443 3439 2229 3443 3439 3440 3192 3448 125 3439 3440 3192 3441 3446 430 3439 3192 125 3442 3439 3440 3443 3445 3439 3439 3448 3443 3440 3442 3192 3451 3444 3447 3439 3443 3448 3447 3192 125 3448 3440 3450 1916 3440 2532 3447 3192 3439 3192 3440 3444 3451 3442 1131 669 3445 3441 3446 2279 3449 3439 3451 3442 3192 3445 3446 3441 3449 3439 3440 3444 3442 125 1051 3192 669 3445 3441 125 3449 3447 3443 3439 3440 3444 3439 3440 3444 600 3442 3192 3447 2229 3440 3439 3440 3192 3447 3439 3442 3445 3443 3448 3447 3439 3447 3440 3444 3449 3439 3192 3443 3440 3443 3440 3448 3444 3439 3440 3444 3442 125 3192 3445 3441 3445 3440 3439 3448 3443 3447 3192 3447 3439 3448 3192 3441 3442 3443 3439 3439 3440 3447 3448 3443 3192 3445 3192 3448 3439 3447 3439 3450 1332 2532 1709 3447 3443 3192 3445 3192 3441 3440 3443 3192 3439 3448 3443 3442 3449 3447 3439 3440 3442 125 165 669 3441 1135 3447 3439 3440 82 3442 3439 3440 3444 3442 3192 3445 3441 3446 3446 3449 1660 3439 3439 3440 3447 3192 3442 3439 3440 165 455 3192 3445 669 3441 3446 694 3451 3439 3440 3444 3451 491 3442 125 3445 3441 669 3441 3446 165 3449 3447 3192 3441 3442 125 3449 3447 3443 3441 3446 3447 3443 3439 3440 3444 3442 125 165 3192 3446 3441 3449 3450 3439 3450 3440 3439 3439 3192 669 3445 3443 3439 3444 3440 3442 3192 3441 3446 165 125 3439 3442 3192 3445 669 3446 3447 3439 3444 3440 3442 3192 3441 3446 3450 2532 3439 3443 3439 3446 3441 165 3439 3442 125 3192 1271 3441 3446 3440 3439 3450 1332 3443 3443 3448 3192 3445 669 3441 3192 3192 3441 3192 3445 669 3442 3439 3192 3442 125 125 3192 3192 3192 3441
443 3453 3032 3457 3453 3453 101 3199 3453 3223 3453 3029 3032 3453 3223 3453 3453 3458 3453 3458 3453 3032 3453 3458 3453 3455 3457 3457 3453 3458 3453 3458 3029 156 3455 3457 3455 3457 156 3223 3032 3454 3453 3458 3456 3457 156 3029 3453 3032 3032 3454 3458 3453 3454 3029 156 3455 3456 3457 3029 3454 3453 3032 3029 3029 3032 3453 3454 3029 3455 3456 3457 156 3029 3032 3454 3453 3458 725 3032 3029 3458 3453 3454 3029 156 3455 3456 3457 156 3029 3032 3453 3454 3029 156 3455 3456 3457 3458 3453 3454 3029 156 3455 3456 3457 3453 3454 3029 156 3455 3456 3457 3456 3457 3454 3029 156 3455 3456 3457 3029 3032 3458 3453 3032 156 3029 3032 3454 3453 3458 3458 3453 3454 3029 156 3455 3456 3457 3458 3453 3454 3029 156 3455 3456 3457 3458 3453 3029 3455 3456 3457 3456 3457 3029 3223 3458 3453 3454 3032 3223 3029 352 3223 3453 3029 3054 3458 3453 3454 3029 156 3455 3456 3457 3223 3032 3458 3453 3029 156 3456 3457 1236 3457 764 3032 3223 3458 3453 3454 3029 156 3455 3456 3457 3032 3458 3453 3454 3029 156 3455 3456 3457 3457 3032 725 3458 3453 3032 3453 3223 3453 3458 3032 3223 3029 1983 1983 3453 3458 3453 3454 3029 156 3455 3456 3457 3032 3223 3458 3453 3454 3029 156 3455 3456 3457 3458 3453 3454 3029 156 3455 3456 3457 3223 3032 3458 3453 3454 3029 156 3455 3456 3457 3032 697 697 727
444 3467 2341 3469 3471 2335 459 174 2341 3462 3463 3464 3460 3466 3459 174 829 459 2335 3471 3469 3470 3471 3459 3460 2341 3468 3464 1316 1610 22 3459 3459 2341 459 174 3467 3461 2341 3462 3465 3463 3464 2341 3462 3463 3464 3460 2341 459 3461 3462 3465 3464 3466 3459 3460 2653 2341 3467 459 3461 3462 3463 3464 3465 3466 3460 3467 481 3468 2653 3465 3464 3462 3466 3459 3467 3462 3464 3465 3467 3459 3460 3459 2333 3465 2341 2333 174 459 3459 2341 459 3461 3462 3460 3464 3466 3460 2341 1389 3469 3470 3462 3465 3464 3466 3459 3460 2333 2653 1314 3468 3462 600 2341 3460 3462 3464 3466 174 459 2335 1610 2341 3460 3462 3464 3466 3459 3460 2341 174 459 3459 2341 174 550 3461 3470 3462 3466 3459 3471 459 3469 3460 3464 3466 1831 3462 3460 3464 3466 3459 3460 3468 3459 3460 2341 174 3462 3463 3464 3466 3459 3460 2341 459 165 3477 3462 3464 3466 3459 3460 2341 174 459 550 3462 3463 3464 3466 2341 550 550 3468 3463 3464 3462 3466 3459 3460 3468 2341 3461 2335 459 3460 2341 459 2341 3462 3464 3466 3459 3460 2341 174 459 3467 459 824 3464 3466 3459 2341 174 459 3461 3464 3466 3460 2341 740 267 3465 3462 3464 3466 2341 174 459 3461 2066 3469 3460 3470 3462 3464 3466 3459 2341 174 459 550 2341 2653 3460 3462 3464 3466 3459 2341 459 550 2341 3460 3462 3464 3466 3459 3460 2653 3462 3465 3464 3466 2341 3459 2341 145 3459 2341 3460 3473 3459 2341 459 2341 3460 3462 3464 3466 2341 3467 3468 3462 3464 3466 3459 3460 2341 459 550 2341 3462 619 3462 3464 3459 2341 550 3461 3460 3462 3464 3466 3471 550 259 3469 2341 3459 3462 3464 3466 3459 2335 2335 2341 2653 3460 3462 3463 3464 3466 3459 3460 459 3459 2341 174 3459 3459 3460 3468 2653 2341 2341 3459 3463 3460 3464 3466 777 3459 3460 2341 459 3462 3463 3464 3466 3459 3460 2341 459 3459 3460 2341 3469 3471 2335 3470 3463 3462 3464 3459 3467 3460 2653 3463 3464 3466 3459 3460 2653 2341 605 2354 3465 3472 3464 3466 3459 3460 3473 3467 2341 3471 3461 174 3463 3462 3466 3459 3460 3473 3467 2341 174 459 174 1316 2653 3462 3463 3472 3464 3466 3460 2341 3470 3469 3475 3461 3462 3463 3464 2341 2653 3463 3462 3464 3466 3459 3460 2341 550 1610 2653 3467 3462 3463 3464 3459 3472 3460 3465 3467 2341 3471 3461 1610 3469 505 3470 3463 3462 3464 3466 2653 3459 3460 2341 3459 3460 2341 1478 3459 3462 2653 3460 3463 3464 3459 3461 2341 3462 3463 3464 3466 3459 3460 3468 3467 2341 3475 3471 174 3462 2341 3463 3464 3473 3459 3460 3470 3469 3461 3464 3466 3459 3460 3459 3460 3465 3462 3464 3463 3465 3459 3462 3464 3466 3459 3460 2341 2831 3470 3468 3462 3463 3472 3464 3459 3460 3459 3459 2341 2341 3467 30 3460 3464 3466 3459 3468 3459 3460 2341 3467 3463 3462 3472 3464 3466 3460 3467 3473 2341 550 3472 3463 3459 3460 3468 2341 550 3464 3466 550 2341 3464 3466 3468 2333 2653 3462 3466 3459 3470 3475 3461 3459 3467 3464 3466 3459 3459 3460 665 3469 108 3470 3467 3468 3462 3474 3463 3464 3460 2341 550 3476 3459 3460 2341 828 3469 3470 3467 3462 3474 3464 3466 3459 165 3462 3463 3474 3464 3460 3473 2341 3470 3463 3462 3472 3464 3474 3466 3467 2341 2333 3470 2653 3465 3463 3472 3464 3474 3466 3459 3460 2341 828 3471 3463 3473 3467 3471 3472 3464 3474 3466 3459 3460 3473 2341 3470 3467 3463 3472 3464 3474 3466 3460 2341 3467 3472 3463 3462 3464 3474 3466 3460 2333 3465 3473 3468 828 165 3462 3463 3472 3464 3474 3459 3460 3467 3465 3472 3463 3462 3464 2341 3464 3474 3466 3464 3474 3466 3467 3460 3462 3463 3464 3474 3466 3459 3460 2341 3471 828 165 3470 3462 3463 3472 3464 3474 3466 2653 3467 3472 3464 3466 3459 3473 3459 165 2341 3462 3472 3474 3466 3467 2341 2341 3462 3472 3463 3464 3474 3466 165 828 3462 3472 3463 3464 3474 3466 2341 3470 3462 3472 3464 3466 3467 2341 165 828 165 3462 3463 3466 3459 2653 3473 3462 3472 3464 3466 3463 3459 3460 3473 2653 3464 3466 3460 3473 3467 3469 3472 3464 3474 3466 165 828 2341 3472 3463 3460 3468 2341 125 165 828 1316 3472 3459 3460 3459 3469 3459 3468 2341 144 3468 3463 3472 3464
445 3478 138 3479 3478 3478 2440 3478 1201 3479 3478 3479 3478 3479 3478 3479 3478 3479 3479 799 140 3478 3479 3478 3478 3478 3479 3478 3480 3479 1493 3479 3478 3479 3478 3478 3479 3479 3478 3478 3479 3478 3479 3478 3479 3479 3478 3478 3479 3479 3478 3481 3478 3479 3480 3479 138 3479 3479 3479 3479 2911 140 3478 3479
446 1209 1964 1119 3482 3277 2670 3482 3482 3482 3482 3277 3482 2619 299 2447 2447 3482 3482 2447 3482 3482 2447 2447 3482 450 87 2447 642 3482 1304 2447 3482 2447 2447 3482 2619 1304 3482 2619 3482 2447 3482 2447 2447 3482 2619 3482 3482 1209 1008 942 2619 1304 2619 3482 1209 2447 3482 3482 3482 3482 3482 3482 2447 2447 2447 1987 1987 2447 1987 1987 2447 2447 2447 2447 494 2447 3482 3482 2447 1987 2447 2447 1987 3482 808 2447 2447 1987 3482 2447 1987 2447 1987 2447 2447 1987 1987 2447
447 2560 3487 3335 3489 3486 2769 1720 3483 3484 3486 3483 3486 486 1720 3484 3486 3483 3490 3489 3335 1720 1720 1720 3488 3486 3490 3489 3335 1720 3487 3488 3490 3483 3486 3485 3489 3493 1720 3487 2560 1720 1765 3485 3486 3485 3486 1203 3493 1720 3488 3490 3486 3486 3490 3335 1904 3493 1720 3486 2560 1608 832 3335 1720 1608 832 721 337 1720 2560 3487 3488 3335 3489 3486 3486 3490 3489 3489 3488 832 721 1720 3487 3488 3489 3490 3486 3490 3484 1720 3486 3484 3486 3483 3491 3490 1720 3492 1608 832 1622 2769 2770 1720 2560 3487 3488 3489 3490 3490 3486 125 3488 3335 3489 3491 3486 3490 3489 2769 1720 3487 2560 3488 486 3489 3490 3483 3485 3490 3486 1608 1622 3484 3491 3492 3491 3486 3490 2770 721 1622 2560 139 2855 254 3491 3493 1720 3493 3486 3490 3492 1608 1904 2769 1720 2560 3487 3492 3486 3485 3491 3486 581 3488 3486 3490 3486 3486 3490 721 2769 1720 3488 1608 2769 1203 3483 3335 3489 3487 3488 3489 2770 3492 3490 3485 3484 3486 3488 2770 3492 3490 3490 3486 3491 3489 486 3335 3488 721 2770 1720 3489 3486 3490 3489 3335 2769 721 600 600 3493 1720 3487 650 3485 3490 3486 3491 1720 3487 3489 3486 3490 1720 3485 3484 3486 1617 3487 3486 3492 125 3335 3491 3490 3335 3489 3488 721 2769 1720 1720 2560 3486 3484 1720 3335 3489 3490 1719 11 3486 3490 1720 3493 1720 3489 3335 3486 2769 2560 3492 3493 1720 2560 486 3489 3490 3492 125 3486 3484 3486 3490 1720 486 3486 3484 3493 1720 2560 3487 3489 3335 3483 3490 3486 3490 3489 3335 3493 1720 1720 3487 3335 3489 3485 3490 3486 3490 3492 2560 832 2770 3335 1720 2560 3487 3492 3484 3486 486 832 2770 1720 2560 3486 3490 3486 3484 1203 3495 3493 1720 3486 3490 3489 3335 3493 3493 1720 3490 1720 3486 3486 3490 3492 3493 1720 30 1734 1720 1720 2560 3487 3483 1904 814 2770 1720 3486 3493 3486 3493 1720 1720 3489 3335 3490 3488 1608 832 1203 3490 1203 3492 125 293 3493 1720 3492 3485 3486 3491 1203 600 1720 3488 3489 3335 3486 3485 3483 3486 3490 1203 3493 3491 3490 1203 600 1720 3488 3335 1720 3490 2560 3487 3489 3335 3485 3483 3486 3491 3490 3484 3483 1203 1720 3494 3494 1720 3492 1203 3491 1203 1289 1720 3483 3484 3486 1720 3335 3489 1203 3486 3490 3484 3489 3488 1720 3491 1203 3489 3488 1720 1720 3487 3483 3486 3490 3484 1203 3490 3491 3486
448 3496 3497 1838 3497 3497 517 3497 3497 3497 3496 3497 235 3496 2714 548 3497 217 3496 3497 2144 3497 3496 3496 1395 3496 759 3496 3496 14 296 2208 3497 521 3496 3497 3497 1388 391 1041 526 526 96 1388 391 1 2512 2075 105 1 791 2512 2512 2512 105 2459 2512 105 2512
449 1 1020 1 697 3498 106 3498 3498 2572 2358 1 1813 1691 1 106 3498 3498 1 3498 1 3499 11 106 113 11 1 113 1 11 11 113 934 11 1 1 391 1 1 1 391 391 1 305 3078 2647 2647 391 3078 2737 1093 14 3078 3498 1735 391 1307 1387 3498 2174 1389 2066 1148 1464 1464 3498 3498 2862 391 2161 391 468 2066 73 28 494 1791 119 2708 11 3498 2174 1796 676 1190 1704 3498 470 2647 3498 1390
450 206 206 206 206 67 1747 3502 293 3200 206 3500 3500 206 3200 3500 206 2480 3200 3500 293 3200 3500 665 665 206 3500 206 67 3200 3200 206 3500 3200 3200 3500 3500 3200 665 206 206 665 665 206 3500 3200 803 3500 665 3500 206 665 3500 206 3500 52 3200 3500 3501 1802
451 91 11 3503 361 693 361 693 693 3503 693 361 3503 11 3503 531 693 3503 693 693 531 361 3503 3503 3503 3503 3503 3503 693 693 1274 1869 3503 1873 1873 3503
452 125 306 3504 3504 125 3504 3504 3504 125 125 125 125 125 3504 125 3504 2024 3504 3504 3504 125 134 2024 3504 3504 3504 125 3504 3504 125 3504 125 3504 125 3504 125 3504 3504 3504 3504 125 3504 3504 125 3504 125 3504 306 3504 125 3504 3504 125 3504 125 3504 125 3504 125 3504 3504 319 3504 125 3504 3504 3504 125 1726 125 125 125 138 3504 3504 3504 3504 3504 125 125 125 3504 3504 125 3504 3504 125 329 3504 125 125 3504 3504 125 125 181 125
453 377 3094 184 234 2142 484 2889 1 1774 2142 2889 1069 391 4 241 2889 2142 831 1789 2142 1089 2142 2796 241 1080 1990 296 1990 1507 1774 67 47 1396 47 2142 1906 2142 1131 616 618 1723 831 87 52 1723 2709 686 1915 1091 730 352 352 87 1505 1246 181 1915 1557 1915 241 239 1723 1481 744 2142 1031 1723 3505 2142
454 957 1572 1356 589 1827 1572 962 654 3506 2032 1572 3506 3506 3506 364 3506 3506 3506 3506 3506 3506 3506 3506 3506 3506 3506 3126 1206
455 125 1540 3507 67 2942 3509 138 1558 3508 600 1540 3507 1558 1558 1540 3508 3507 3508 3507 3508 600 3507 1540 3507 3508 685 3508 3507 1540 2505 1558 3508 1558 2505 3508 788 92 2720 2505 2505 230 3507 2505 3508 519 3508 1540 2505 3507 125 3508 478 2505 1558 3508 83 3508 3507 1540 1118 3507 3508 3507 3508 1465 685 1540 1540 2505 3508 810 1250 1558 1540 2505 3508 1528 1540 3507 2505 1540 3507 1540 3508 3508 2505 2505 3508 2229 600 2505 3508 290 685 3507 3508 1540 797 3508 3508 2219 797 3508 125 125 3508 1061 659 267 2970 2505 1546 125 493 2113 3508 139 1540 128 1540 1540 1540
456 2072 2072 2072 2072 2072 2072 2072 3511 2072 2072 3511 2072 3510 2072 2072 610 1204 2072 610 2072 610 3511 3511 2072 1435 2072 3510 2351 3510 2351 3511 1057 2072 971 2072 3510 2351 2072 610 3040 2072 2072 3511 2072 610 2072 3511 3511 2072 2072 2072 2072 2072 2072 2072 3511 2072 3511 2072 3511 2072 2072 2072 2072 3510 2072 2072 3510 2072 3511 2072 2072 2072 610 2072 2072 2072 3510 610 3510 3510 2072 3510 2072 2072 3510 2072 2072 3510 2072 2072 2072 3510 2072 2072
457 2924 3521 174 31 3522 3512 31 3515 3512 3514 31 2021 3517 3516 3517 46 3512 3516 22 3522 3512 3513 3514 31 174 3520 3519 3521 31 40 3516 3522 3523 46 1497 3518 46 668 3522 46 31 3515 3528 3428 31 3514 3516 46 3512 3513 3514 31 2021 3525 3528 31 40 3513 46 3512 3513 3514 31 3428 3495 3515 3428 31 3513 3516 3517 46 3527 3514 3428 3495 3528 3428 31 3513 3522 46 3512 3517 3523 3516 3522 3512 31 2924 3519 3519 3521 3520 3512 3514 31 3519 3520 31 40 3522 3512 40 31 3428 3495 3515 2257 31 3514 3523 3516 3512 3523 3516 46 3512 3517 3516 3518 3512 3513 3514 31 3428 3495 3515 3528 31 3512 1645 2214 1045 1645 46 3512 3520 3519 2924 3521 3262 3516 3522 46 3512 3513 3514 31 3519 3520 3521 174 31 40 3523 3516 46 3512 3514 31 3495 3515 31 40 3516 3512 3513 3514 31 2021 3525 3512 3516 31 2482 2482 3519 3520 3521 40 3522 3523 3518 46 3512 3516 3517 3523 46 3512 3522 3523 3513 3520 1480 3525 31 40 3522 3518 3523 3516 46 3512 3513 3514 31 2021 3525 3515 3428 31 3523 3516 3518 3512 3516 46 3512 3516 17 3517 3522 3517 3523 46 3512 174 3520 3519 3521 174 3516 3523 3520 3519 3521 174 31 40 3517 3523 46 3512 3526 40 31 3428 3495 2257 3428 31 3514 3516 46 2021 31 3516 46 3512 3516 3517 3523 3517 46 3512 3513 3514 31 3428 3495 3515 2257 3515 31 40 3516 668 3512 3522 3516 3523 3517 3512 3516 3513 3514 31 3520 3519 3519 3521 668 3523 46 3512 3513 3514 31 3520 3521 1480 174 31 40 3516 3523 3517 46 3516 3512 3523 3526 40 31 3428 3495 3515 2257 3428 3514 3522 46 3512 3516 3513 3514 31 2021 3525 3525 2257 31 3517 3515 40 3516 3522 3526 46 3516 3512 3513 3514 31 3428 3495 3515 2257 31 46 3512 3516 3514 31 3520 3519 2924 31 40 46 3512 3516 3428 31 3526 46 3516 3522 3517 3523 46 3522 2070 3512 46 3516 3518 46 3516 3523 3517 1645 47 887 70 689 46 3516 3523 3522 3518 505 46 3512 3517 3514 3517 3524 3513 3516 3518 46 3518 3512 3516 3514 1645 174 46 3516 3516 3523 40 31 3428 3495 652 3515 3428 3514 3526 3512 46 3512 3513 3514 31 2021 3525 40 3516 31 2021 3525 622 31 40 3523 3517 3512 46 3512 3516 3517 3518 46 3516 3523 3522 3517 3512 3516 3513 3514 31 2021 3525 1388 40 3517 3512 46 3516 1641 3517 3523 46 3516 3512 40 31 3428 3495 3515 3526 3516 3513 3514 31 2021 3525 3516 3523 31 40 3517 3523 46 3516 3512 46 46 3516 3523 3528 2257 31 40 3513 3517 46 3516 3513 3514 31 2021 3517 2043 46 3516 3526 3514 505 3512 2070 46 3516 3518 3522 962 3513 3512 46 3516 46 3522 3523 3512 3514 3517 310 3522 3517 3518 3512 3516 3513 3514 31 2021 3525 3525 40 3526 3512 3516 46 3516 3522 3514 31 3428 3495 2257 3528 3428 40 46 3522 3526 3514 2021 3525 935 31 40 3517 3518 46 3516 3522 3517 46 3516 3516 3522 3517 46 3516 3522 3512 1687 46 3516 3522 3522 3517 3512 3516 3526 3428 3515 3528 2257 3428 505 31 40 46 3516 3522 3512 3513 3514 47 1704 1373 1848 31 3516 3515 574 3512 46 3512 3517 3526 3517 3512 46 3517 3522 3517 46 3512 3514 3522 3515 3516 3517 3514 3495 3515 3428 31 3512 3522 3512 3528 3528 3528 3521 518 552 100
458 3342 1100 272 3529 3530 1325 123 3530 3342 3342 1325 123 3342 3529 3530 3530 3342 3342 3530 297 123 47 3529 3529 3135 123 1325 123 3530 830 330 319 3342 3342 3529 3342 3529 1945 3531 3530 3529 455 3529 297 3530 2342 3342 3530 153 3530 1585 3530 402 402 3529 3530 3342 402 3529 3530 321 2467 205 3530 3529 499 673 1826 3529
459 3533 3533 1978 1915 1305 126 1021 270 1158 1305 608 418 3533 290 2594 214 164 164 107 838 707 688 474 810 527 953 1011 460 3533 1915 30 1915 209 1915 2171 1872 271 3533 608 608 608 3533 980 476 2171 953 581 101 1487 2171 931 3534 305 1978 810 1228 2171 1549 2358 1827 3533 3533 3532 828 3533 1927 1011 953 2130 747 3533 288 1556 3534 1035 326 3533
460 3535 3539 3537 3539 3535 3535 3537 3535 976 3535 3538 3537 3539 460 3537 3536 3537 2134 3537 3537 3538 2134 560 3536 460 3537 3537 3537 3537 3537 3539 3537 2134 122 122 3537 164 1390 1 3537 1131 1365 3537 3537 3537 3535 3536 1798 1346 3535 430 3537 3536 3537 2111 1535 1359 3535 3536 74 529 190 3535 3537 3537 3537 3537 3535 3537 3539 3538 3540 3537 3537 3536 3537 3539 3537 3537 2134 3537 3536 3537 3537 1743 2074 3538 3538 195 2545 3537 3538 3537 3537 3538 3538 122 1207 3537 3537 1598 2344 1390 52 2344 1390 52 3536 3539 169 3537 3535 52 52 3539 3537 52 3537 1390 3224 3536 3539 52 3537 52 3536 3537 52 3537 52 3537 3536 3537 3537 3537 3535 3537 52 3537 3535 3537 3536 3537 52 1522 52 3535 3536 52 3537 3537 52 52 3537 3537 1948 3537 3537 3538 3539 1133 3539 3538 3538 3536 3538 3538
461 3168 252 209 1038 252 6 3168 1066 201 326 250 252 3168 405 1003 3168 252 250 489 3168 3168 252 258 785 252 250 252 320 3168 688 252 3168 252 99 3168 3168 249 3168 252 169 249 249 253 252 3168 249 252 866 252 99 249 252 252 3168 1066 209 252 252 895 252 3168 252 739 1 252 281 252 3168 329 3168 252 252 2200 1055 2188 252 99 285 3168 281 252 3168 252
462 615 615 2695 1 22 2469 2869 2570 952 2570 2570 460 2469 1142 3188 209 1805 209 1895 2570 2450 3188 410 1827 17 1827 2869 2869 3188 577 101 3188 2570 2450 3188 2570 2369 267 688 3188 2473 2869 3188 3188 2568 2570 3188 862 2869 2469 2869 812 984 3188 2869 2254 2469 2869 3188 362 3188 779 2869 3188 3188 1008 1142 2570 455 3188 2869 3188 2869 448 3188 3188 862 582 2570 3188 3188 2869 2869 3188 3188 2869 2070 3188 3188 3188 3188 3188 3188 3188 3188 2869 2869 3188 13 2869 3188 3188 3188 326 3188 515 3188
463 521 1320 18 228 3532 228 228 3197 481 254 268 1131 2644 1162 383 1729 228 3541 591 3541 228 45 611 228 11 611 17 228 1323 611 3541 1162 1021 420 326 228 67 691 228 250 2164 2644 18 2644 2644 2644 991 330 591 3541 2644 2644 2644 310 2644 2644 2644 588 2460 3541 2644 3541 296 3541 3532 311 3541 2644 655 1197 3541 2096 234 3541 362 362 999 3541 1646 3541 30 3532 3541 326
464 2164 2717 385 29 1795 2717 631 1178 1167 66 950 1306 56 302 2717 2193 1164 66 631 336 2717 1859 2717 379 2717 2717 11 106 11 1599 1599 2813 1795 1599 1599 1031 286 2717 106 551 1599 631 56 1599 1599 1795 1599 1065 1599 1599 2717 1805 1795 2280 66 1599 336 1 321 631 2356 2717 1599 2717 51 2717 2154 2717 1599 2717 1212 2717 1599 97 66 56 2717 2356 253 1599 336 11 1599 169 169 2251 389 1599 1599 2971 169 1599 1599 2717 882 1599 2971 2165 2356 362 1599 2717 66 2717 1599 1178 235 1977 2717 1599 3542 2971 882 2717 2717 1161 1599 2717 2926 2717 1599 2280 803 2717 2717 882 1599 1972 2717 2717 2717 1175 1599 1065 717 2717 1953 2717
465 422 44 1092 250 2017 1514 1448 1092 1624 1395 169 253 11 1045 1838 2205 1092 256 169 2944 2944 2944 2944 2944 2725 1092 942 1514 18 1581 460 1027 2944 2944 169 2944 11 383 2944 1092 1760 1719 11 99 2125 1892 1321 391 1838 1110 11 1514 99 2238 2944 2944 15 383
466 165 3544 165 165 2229 293 330 165 165 125 1877 165 125 165 125 125 165 1877 165 600 3543 600 125 165 1877 1877 165 125 600 3543 3543 3543 3543 3543 661 3543 165 888 125 3543 3543 125 600 3543 3543 3543 1877 3544 600 1877 600 3543 600 3543 165 600 3543 140 3543
467 3545 3548 3548 2394 3547 1049 1049 1049 1049 3547 1049 1049 3545 3546 3545 3545 1119 3545 3546 3546 3545 2315 1049 3548 3548 3547 2551 3545 3545 637 583 3547 3545 3545 125 397 637 3547 3547 3545 3547 2551 1654 3545 3547 494 3545 3548 3548 3545 600 1742 519 2394 3545 3545 3545 494 3546 3545 3548 3545 2533 1230 47 1398 600 3548 3545 3545 3548 3545 3548 3548 3548 3548 3548 3545 3548 494 1791 3548 494 3545 3548 3545 3545 642 3546 3548 3548 3548 1209 1050 1050 3548 494 2556 3545 2315 643 3547 3547 3547 3545 3547 600 3545 600 1745 362 3545 1742 3545 3547 3547 3548 3545 3547 3547 3545 329 329 3548 3547 3547 494 3547 3547 3547 3545 3547 1745 3547 3545 3547 3547 3547 3547 3547 3547 3545 1049 3548 3545
468 987 1900 987 987 2077 774 2834 832 987 987 987 729 987 2421 774 987 729 987 771 987 1287 729 774 2965 832 774 729 1579 987 837 832 727 96 41 362 832 1466 1398 41 366 771 18 62 774 1917 774 572
469 3477 619 3477 819 1481 3477 3477 2363 1062 1062 3477 3477 461 3477 3477 3477 3477 231 458 1697 324 318 327 319 825 327 825 231 825 319 2656 2656 319 3549 3477 324 326 1176 324 3477 3549 3477 96 3549 3477 3549 3477 3549 3477 3549 3477 3549 3477 3549 3477 3549 3477 3477 3477 3549 3477 3549 3549 3477 3549 3477 3477 3477
470 402 1946 1669 3433 1075 3433 1075 3433 339 67 1530 339 3433 1374 1374 2933 3433 339 1946 339 339 3433 1530 3433 1314 1314 1888 3433 3550 1888 3134 67 1075 3433 339 3433 73 319 1946 1075 3285 3433 339 45 385 627 339 3433 2586 1444 1946 3433 3550 2581 3433 1263 1263 1263 17 3433 3551 3433 2586 1946 1075 3433 2581 1075 1946 577 519 3433 2581 1435 3433 2581 1888 3433 2581 3433 2581 3285 3550 1946 3433 3550 3433 1888 1888 588 1888 3550 3433 1946 1075 1888 2581 588 3285 3550 1946 1025 1107 259 217 1946 72 3285 3550 217 1075 1888 3433 2581 541 788 1946 1946 1075 1946 1075 2581 3285 2581 3550 3551 3550 3551 1946 2586 211 2586 3433 2581 3551 3433 505 505 3433 2581 3285 3551 3433 2581 310 1946 1075 505 505 3433 2581 3551 1946 3433 1946 505 3433 2581 3551 1946 1075 2101 1324 2101 2581 3550 2581 3550 3433 3433 505 3551 3433 2581 3433 2581 3550 3433 1946 11
471 3557 188 3556 3552 775 3556 3556 3552 3557 67 253 1574 3552 1574 117 1239 1574 3556 3556 1574 3556 3552 3556 3552 1574 3552 1574 3557 334 3552 114 1323 3557 3552 1239 3559 1574 1574 3552 3557 3027 3557 3552 3552 3557 3552 3557 1574 3557 3559 3557 3557 3558 3556 3557 3558 117 3552 1574 3557 3558 3552 3558 3557 3552 3558 3552 3557 1574 3558 3557 3557 3558 354 3556 3552 3557 3552 3558 3557 3552 1574 3557 3558 176 912 3552 3557 3558 3552 1574 3557 3558 3083 3556 3558 3556 3552 2671 3552 3556 3552 1574 3557 3552 1574 3554 3552 3553 3554 3555 3552 1574 1574 176 3554 3552 3555 122 1574 54 684 684 54 3554 1574 3556 1574 3554 1574 3552 3554 530 1574 84 3556 3552 3552 1574 3554 3552 3555 1574 1574 3555 1362 3552 1574 3552 1574 3556 1574 3285 3555 3552 1574 3553 3555 1574 3553 3552 3555 3553 3552 3555 3554 3552 3554 1574 3552 1574 3555 3553 3552 3554 3553 3552 3552 2609 893 3552 3554 3555 3556 3556 2671 3556 3552 3552 1574 3556 3552 3083 3552 3552 1574 3552 47 306 1574 3552 2930 3552 3552 3552 3553 3552 2930 306 3552 3553 3552 2930 1574 3553 3552 1574 530 3552 3554 3552 1574 3554 3552 3554 3555 3552 3554 3553 2930 3552 1574 3553 3555 893 3552
472 2783 3560 2783 3560 3560 1206 2783 3560 1548 3560 2783 3560 3560 3560 843 2783 3560 2783 3560 328 3560 2783 3560 2587 3560 843 3560 2783 3560 2783 3560 1548 2783 1978 2783 3560 2783 3560 67 3560 2783 3560 2783 3560 3560 3560 843 3038 2783 3560 2783 2783 3560 3560 2783 3560 2783 887 67 2861 2783 3560 843 3560 2783 3560 2783 3560 3560 2783 3560 3560 2783 843 843 749 67 3560 2357 3560 2814 3560 3560 2587 3560 1775
473 3476 1499 3563 1862 165 165 3563 3563 3561 22 331 346 884 22 1865 165 1862 3078 3476 1499 165 3563 3561 1862 1499 1865 3563 3561 1862 481 3562 1245 165 1862 1374 165 165 1862 3078 3476 1499 165 3563 3561 3563 3561 1314 1314 1314 1888 3563 3561 1888 1888 583 1881 1888 165 3078 165 3563 1862 165 3562 3078 1499 1281 1862 165 3476 165 3561 1862 165 1862 165 3078 1499 1865 3563 1862 165 377 385 165 3563 3561 884 884 3078 30 165 3563 1862 165 1862 165 3078 3476 165 3563 3561 1862 17 1870 3078 165 1881 3562 3476 1499 165 3563 3563 1285 165 1499 165 3562 3563 3561 1862 165 3562 418 1862 391 165 1865 3563 577 346 1497 3563 3561 1285 165 3562 3078 3476 1499 165 3563 3561 1862 165 3562 3562 1286 165 1285 165 3562 3078 3476 3563 3561 1862 165 3562 1862 3562 3563 165 1888 3563 3561 1862 165 3562 3078 1499 3563 3561 1862 165 3562 1579 385 165 3563 3561 259 884 346 1879 1497 165 259 1866 361 962 3563 3561 1862 165 1245 1578 552 664 1281 3563 3561 3562 3078 389 3476 1499 1862 165 3562 1499 165 1862 165 3562 1499 165 1862 165 1862 165 3562 3078 1499 165 1888 3563 1862 165 3562 3078 3563 165 3562 3563 884 991 3563 3561 3562 3078 3563 165 3562 165 3563 3561 1862 165 3562 3078 165 3563 1862 165 499 293 165 3563 3563 3561 321 699 649 3563 649 962 92 165 884 3563 362 3561 362 3561 3563 3561 649 3563 165 649 3561 585 157 165 340 649 1497 1879 1295 165 1285 1581 1868 3563 3563 3563 803 3563 884 3563 165 366 366 165 3563 1862 165 346 47 1497 240 3563 1868 1862 346 884 1865 1865 1862 346 1285 165 165 1285 1107 1497 346 165 1865 346 1868 1862
474 1311 3565 3564 3565 67 527 2484 3564 3565 2484 3566 3566 1824 2484 3565 3565 2484 93 2484 3566 2484 193 3565 3564 3565 1311 279 2484 3565 2484 3565 467 2500 2484 3566 3565 208 3542 3565 1734 3565 2484 3565 1976 2484 530 205 3565 2484 3566 3565 3565 1263 2473 2086 1311 3564 3565 3565 3565 2484 971 971 411 691 699 1401 279 92 24 87 277 47 2450 3565 377 250 3565 3565 67 1360 3566 19 3565 3041 3564 1824 92 279 949 2167 1292 1023 3565 325 3565 3566 3565 3564 3565 970 305 3041 3565 3564 3565 3564 3565 468 1696 3565 3566 3564 796 3565 1175 3565 3565 3566 3565 3566 3566 3565 3542 287 3565 3565 3565 3565 267 688 3565 3565 3565 1292 133 3566 3566 3564 3565 3565 3566 3565 3565 2198 3566 3566 3564 3565 52 1937 3565 3041 855
475 830 293 420 1940 561 259 321 830 830 1183 450 25 982 830 2210 948 2593 2578 600 284 2276 830 830 470 673 3042 416 1859 1122 3036 828 1895 582 830 1581 100 1878 47 810 2654 78 830 78 478 2776 1493 830 830 852 1250 1894 1034 447 1713 799 648 2436 879 1095 1354 600 830
476 3509 3509 2942 3509 3509 3509 2942 3509 2942 3509 2942 2942 3509 2942 3509 3509 2942 2942 3509 3509 2559 2950 2942 2950 2942 3509 2942 3509 2942 2942 3509 3509 3509 3509 2942 3509 2942 3509 3509 2942 3509 2942 3509 3509 3509 2942 3509 2942 3509 2942 3509 3509 3509 2942 2942 3509 2942 3509 2942 3509 2942 2942 2808 2808 2942 1343 389 3509 3509 2942 3509 2808 2942 3509 3509 2942 3509 2942 2808 2942 2942 2942 3509 2942 2808 3509 2808 2942 2559 3509 2942 2942 3509 3509 3509 2942 3509 2942
477 3567 2417 1686 47 47 2417 125 47 2436 2604 527 67 3567 2417 2417 3407 1671 2417 3567 211 3567 1644 392 47 1532 56 144 1596 392 3567 2417 301 3567 3567 3567 845 845 3567 775 45 144 2702 1286 59 3567 2417 3567 768 3567 125 47 3567 392 1326 3567 2417 47 695 1686 1686 47 67 3567
478 3570 1389 1385 807 291 2372 3569 3568 2372 3569 2562 2372 3568 3569 3568 2372 3568 3569 2562 2372 3569 2372 3569 3568 1015 375 1584 470 1478 3569 3568 2638 2174 1389 2372 3568 2156 3568 3569 3569 2372 3569 3568 2562 3568 2372 3568 2372 3569 2462
479 1573 2526 393 1573 393 1573 2526 1573 393 393 2214 169 1573 393 169 164 1573 393 393 1573 393 1573 1573 393 1573 169 1750 1573 854 1552 1573 1573 2526 393 393 1573 393 1573 1565 2526 393 393 1573 911 1573 1570 1573 1573 393 1573 334 1573 393 1093 1573 1552 1346 1573 1573 393 393 1573 393 1573 1573 2526 1573 1573 1573 2526 2526 393 1705 169 164 1573 2526 2526 393 549 169 1573 1573 393 1573 2526 393 169 164 1573 1188 393 2526 393 3571 1573 2526 393 1573 393 1093 169 2526 393 169 1573 2589 1573 2960 393 1573 2526 1573 2526 456 1573 393 1573 393 2076 1573 393 1573 393 393 1573 1573 2526 393 1573 393 2526 1573 393 393 2526 393 1573 393 1552 2302 1573 1573 393 1573 393 393 1573 1573 2526 1948 393 1573 777 1573 99 1573 1106 393 1573 393 169 2526 393 804 169 393 393 169 1 3571 3571 3083 334 3571 305 169 1365 52 169 334 2511 2075 1207 2124
480 1025 2078 3572 3572 3573 3573 2205 3572 3573 3573 3573 3572 3573 3572 3573 3574 3573 3573 3573 3573 1131 3574 3572 3573 3572 3573 3573 3574 1286 37 3573 1025 3573 3573 1011 87 3573 3574 3572 3574 3573 3574 3573 3574 3572 3573 3574 2078 2164 3573 2809 3572 88 3572 900 3572 3573 3289 3572 470 3572 1860 3573 1107 3574 3573 3572 1370 3572 3572 768 3574 3573 3572 3572 3573 3573 3573 3573 3573 3572 3573 3573 3574 53 1860 3574 3575 3573 3572 3574 3575 828 3572 3575 3573 1860 3572 3575 3572 3575 3575 3572 3572 1860 1025 3572 3575 3572 3575 3575 3573 3575 2078 3573 165 3575 165 3573 3572 3572 1148 2078 2022 3575 3575 3394 3574 3573 3575 2078 1084 3573 1682 246 1245 3573 3573 339 339 878 878 52 3572 3572 3574 3575 325 3574 97 3575 3574 3573 3574 3573 3574 325 1122 410 3575 3575 3573 3575 3573 3574 3575 67 3575 2078 2022 1682 53 3575 165 3573 3575 2213 3573 3575
481 3576 3582 433 3577 42 3576 3578 176 3576 3578 3582 3576 3578 1319 3576 3578 176 3582 42 3576 3577 3579 3576 42 2776 652 3576 293 176 1364 3582 3581 3576 3578 3577 42 1364 2340 3576 3578 42 3577 3582 3577 42 3576 3578 1324 3577 42 176 1284 42 652 3576 3578 330 3577 42 3577 42 3576 3578 2340 176 3577 2775 3578 3583 3583 3579 3580 3577 42 652 514 3579 3580 3577 42 3576 3579 3582 3577 42 3576 3578 2097 42 650 2340 2775 3582 1742 1398 942 1324 2340 1364 649 652 3576 176 2775 3582 3580 42 3576 514 3581 3579 3576 176 42 2775 3576 3576 3582 3579 3579 3576 2775 3582 3582 1319 652 3577 42 650 176 3579 3582 3577 42 287 1596 3582 3582 3577 3579 514 3582 3582 3579 3581 3582 3582 1358 1297 3582 3581 3582 3582 3582 3582 3582 3582 3582 402 3582 3582 1037 3582 3582 3582 3581 3582 3582 2122 1008 3582 3582 3582 3582 3581 3582
482 877 3584 877 877 3584 3584 877 3584 877 3584 877 3584 190 189 3584 189 877 3584 877 3584 165 189 877 3584 189 877 1284 189 877 877 3584 877 3584 877 3584 877 3584 877 3584 189 877 3584 877 3584 877 3584 3584 3584 189 877 413 3584 789 189 877 1265 877 189 877 1265 877 663 189 877 189 189 877 877 877 3584 321 877 877 3584 877 877 877 189 877 877 1837 189 877 189 877 189 3584 189 877 1169
483 3588 3585 1509 1509 3590 1509 3073 3588 22 3585 3073 180 2499 180 3585 3588 180 3073 3585 1616 2218 2218 1616 3073 3592 180 3073 3587 3588 3073 3585 3073 3592 180 3586 3073 2218 2831 3591 3073 3142 1874 3142 3073 180 3589 3585 3073 180 180 3073 1509 3590 3073 180 3589 1030 3073 3073 1509 3590 1509 3073 3073 180 3073 180 3073 3587 3073 1616 2218 2034 3073 1509 3590 1509 3073 3587 3591 3592 180 3073 3073 151 2831 3073 3073 180 180 713 3073 3588 3073 180 180 3073 383 162 3073 3588 17 3073 3592 3588 3073 180 3589 180 3073 3588 180 180 3073 3587 3073 180 1509 1030 180 3073 3588 3073 180 151 3073 3588 3587 3073 1616 3073 3588 3588 3591 3073 1874 3073 3073 3031 180 3073 3592 3073 3590 1509 3073 3588 3073 180 180 3073 3591 3073 180 3501 180 2831 1616 1509 1509 3073 3588 3073 3031 180 3591 3073 3031 180 3073 1509 3590 2710 3591 3585 3073 1249 1509 3073 3585 3592 3588 3073 180 1509 3590 45 3073 3073 180 180 3073 3587 3588 3590 389 45 1579 1596 1509 3588 3073 3031 649 293 181 3073 259 3073 3073 552 2275 3342 552 3073 180 180 3073 3585 1509 3590 3073 3031 1180 3588 180 180 3073 3585 3591 3073 180 3073 180 180 3073 3073 1509 3590 3073 3073 3585 3588 3073 180 3501 3073 45 3138 1286 3073 3588 3587 3073 181 62 45 3592 3073 1286 321 1286 3073 3588 3073 1874 3142 3073 3588 3073 3073 180 3588 1509 3590 1509 3073 3588 180 3073 1645 3073 3588 3073 180 3073 180 3588 3073 1616 2034 1616 3073 3588 3592 3588 3073 3031 180 1509 3590 186 3073 180 3073 3589 3142 3073 180 3587 180 3073 3587 3073 180 3501 180 1509 3590 1509 3073 3588 3142 1874 3073 505 2034 260 3588 3073 3588 3073 1395 89 3588 3073 180 180 3073 3073 1509 3590 45 1286 3585 3588 3073 1874 3142 3073 3592 3073 180 180 3073 3073 1509 3590 3073 3031 180 3588 3073 180 180 180 3073 3587 3073 1509 3590 1507 1616 2218 1616 3073 180 3589 180 3073 1509 3590 980 1286 3073 3588 174 3588 3588 3073 3142 1874 3142 3073 3585 3588 3073 180 180 3073 3588 3073 3031 180 3588 3073 1507 934 2218 180 505 3073 588 1509 765 3073 180 3501 3073 3592 3588 389 3587 3588 3073 3031 303 3588 3585 3588 3591 3592 3073 73 3073 3588 3588 3591 1509 3073 3142 357 3073 3073 180 3501 180 3589 3501 180 3588 1518 3590 3073 3588 3073 3031 3501 3589 3396 1509 1286 3588 3073 3142 1874 3588 3073 2831 788 3073 3585 3591 3073 3073 3588 3585 3073 3396 3073 3073 1518 3073 3588 3073 180 3501 3396 3073 3585 3589 3073 3588 1509 1509 3585 272 3588 3073 3031 3501 3396 3588 2710 3585 3073 299 3593 3588 180 3501 305 125 3073 3585 180 3501 3589 3396 3073 3588 3585 3073 1509 3073 3588 3588 3585 3073 180 3589 3501 3073 3585 3588 3073 3588 3073 180 3501 1286 385 3073 180 3073 3501 3073 3588 3501 3073 180 3589 3501 180 3073 151 3073 3588 180 3501 180 3073 1286 3590 3073 3073 180 3585 3588 3588 3073 180 3501 3396 3073 3588 45 3073 3073 3501 3588 3073 1286 980 1616 1616 659 299 1867 1179 3501 828 1131 455 3073 180 3589 3501 3073 455 157 473
484 506 1017 2463 67 98 2637 552 45 98 1090 3594 1162 3594 98 98 3296 3594 3296 3594 3296 3594 259 3296 3594 3040 2925 710 3296 3594 3296 3594 3594 3296 3296 3594 3296 3594 98 3296 2637 3296 3594 98 98 3296 3594 3296 3296 3594 3296 98 3296 3296 3594 2722 392 3594 3594 3296 3594 3296 3594 67 3296 3594 783 3296 3594 3296 3594 3296 3594 993 3296 3594 3296 3296 3594 3296 3594 67 3296 2033 3594 3296 2033 2251 2525 125 3296 51 647 2425 647 251 321 2637 515 99 67
485 82 595 769 99 100 284 862 1926 2349 595 1739 3595 3595 197 1097 3595 654 1183 3595 464 3595 3595 446 2251 787 3595 1942 3595 2236 1948 3595 3595 3595 44 362 2628 967 1170 787 3595 2628 3595 3595 52 3595 1977 980 3595 3595 783 357 3595 3595 858 3595 3595 3595 2628 3595 3595 3595 803 1083 3595 3595 1545 697 751 1840 3595 3595 3595 3595 2628 2073 2628 1101 3595 3595 3595 1758 3595 3595 1464 3595 3595 1170 3595 236 3595
486 3598 3597 3598 3597 2422 3599 3598 3597 3598 3597 3598 3597 3598 3598 484 3598 3597 3599 2422 3597 3596 3596 3596 1051 3597 3596 3597 3596 3596 3598 3597 3596 3598 3597 3596 3597 3596 67 67 3596 3597 3597 3596 3596 3596 3598 67
487 3606 3435 122 3435 3435 3606 3435 181 2340 3606 3606 3435 3600 3435 3162 2623 3162 3435 3600 1671 3435 181 3606 3048 3435 3606 1284 3600 3600 132 132 3162 3435 3600 3603 1463 1463 3605 1671 3600 3435 181 3606 3601 1671 1463 3601 1671 1463 3603 3435 181 59 915 2340 3606 3606 3048 1284 3435 3601 3603 3605 3600 1463 3600 3605 1463 1463 3605 1463 3605 3601 1671 1463 3601 3605 3048 1284 1616 3435 3604 3600 3601 3604 3605 3600 3604 3605 3603 3602 3435 181 2340 3606 3048 1284 3162 2336 3435 3602 1463 3604 3605 3603 3602 181 59 2340 3606 3048 1284 3604 3600 1463 3604 3602 3435 3162 132 2623 2623 3162 3602 3601 3600 3604 3605 3603 3435 181 3397 59 2340 3606 3606 3048 1616 3435 3602 1463 3605 3603 3602 3435 3435 181 2340 3606 3606 3048 1616 3162 132 2623 3602 3602 1463 3604 3605 3603 3602 3435 59 915 3606 3048 1616 3604 1463 3605 3604 3603 3602 3435 181 3397 59 915 3606 1284 3435 3602 3601 3604 3600 3601 3602 3605 1671 3605 3604 3602 3604 3602 3600 3604 3605 3602 1671 362 3604 3600 3600 1463 3602 3605 1463 3600 1463 3605 3602 3601 3162 2336 3602 915 59 1584 59 3435 3602 3605 3602 3602 3600 1463 3602 3604 1463 3604 3601 3603 3435 2336 2017 3435 3602 3604 3601 3603 3605 1463 3604 3602 3604 3600 1463 3600 1463 3604 3605 3603 3602 2336 2017 3162 2336 3435 3602 3604 3604 1463 3604 1671 1463 1463 3603 3601 3600 3604 3600 3604 3602 3603 3600 3602 3603 3600 3602 3601 1463 3603 3602 3435 59 3602
488 3020 3020 22 3020 3020 481 3020 3607 1314 662 511 3607 662 3020 3607 3607 662 3020 3607 662 3607 3607 3020 3607 662 3020 17 3020 662 3607 3020 662 3020 3607 662 3020 3607 3607 662 3020 3607 106 106 311 3607 3607 3020 3020 3020 3607 3020 3607 3020 3607 3607 3607 3607 3020 3607 3020 3020 3020 3020 3607 3020 3020 3020 3020 3020 3020 3020 3607 3020 3020 3020 662 3020
489 2557 1811 2555 125 1376 2557 230 2555 2555 2553 319 2557 2313 2553 125 2555 2555 2555 3586 3586 2317 3586 2047 476 411 305 2555 2555 2553 402 2555 2555 2555 3586 2555 2555 2555 3586 2553 1791 2317 2555 3586 2555 3586 3586 2555 3586 2555 3586 3586 2313 3586 2553 2555 3586 3586 1376 795 3586 2555 288 3586 1279 1376 47 1704 1654 3586 326 2555 2555 47 2499 2555 3586 2555 653
490 1734 530 205 1734 3534 581 675 1182 1734 3225 555 3225 1734 1734 1122 1921 1734 266 1078 1734 1734 1212 1739 1734 1505 1734 1734 2592 1734 1922 658 2221 1929 1734 1734 1770 1734 1734 277 2861 1906 1505 1734 1734 1505 1734 675 391 1505 1734 1734 697 1734 1182 612 1988 1898 697 1505 1505 1694 1906 1099 1921 326 1505 2214 1898 1505 1734 1505 616 1948 530 1988
491 169 3610 138 3608 649 3608 305 3610 3609 169 3608 1048 3608 125 169 3609 3609 3609 169 125 3608 3608 169 1370 651 1119 236 3610 3609 138 3608 3610 3609 169 169 3612 1048 1048 3610 3609 125 3610 3609 3608 3608 564 3610 3609 3610 3609 2469 3610 3609 138 3608 3608 1120 1048 3610 3609 3608 3610 3608 3608 574 3610 3609 3611 138 3608 169 169 3609 3608 169 3611 3609 169 3608 494 3611 3610 3610 3609 169 3610 3609 169 3608 3610 138 3608 2873 3610 3609 169 3608 3610 3609 3608 169 169 3610 3609 3608 3608 3610 3609 169 3608 138 3608 3610 3608 2557 3610 3609 3608 169 1581 138 3608 3608 169 3610 3609 138 3608 3610 3609 3608 2128 125 3609 3610 3609 3608 3610 3608 3610 3608 1048 3612 138 3608 3610 3610 3609 3608 169 1048 708 1654 494 169 106 1581 1048 138 3609 138 3610 3609 138 3608 2565 169 1048 3610 3609 169 3610 3609 3608 3610 138 541 125 3610 3608 3611 3610 3609 138 3608 3611 3608 169 3611 3609 138 3608 125 3611 138 879 3334 3612 494 494 3611 3611 125 3608 3608 125 3608 125 3608 125 125 3608 176 125 1202 3611 125 125 106 106 661 3610 169 3608 125 169 3608 1805 3608 1030 3608 169 1955 3611 3611 3610 3608 125 3610 3609 2469 3611 3610 3609 3608 3612 3610 3609 169 3610 3609 3608 169 3611 3610 3608 3610 169 1048 3611 2873 1119 1048 3612 106 125 3611 3609 3611 138 169 3610 3609 3608 2469 106 106 3610 3608 169 3608 3608 3612 3613 3611 3610 3609 3608 574 3608 3608 3611 3609 3608 125 3611 3609 3608 3608 3611 3609 3608 169 3608 169 3609 3610 3609
492 3614 2035 836 481 3614 3614 3614 1314 3614 1570 1572 3614 2035 3614 1570 121 3614 836 2035 836 1232 3499 30 3614 530 3614 2035 836 2035 3614 836 710 1232 3614 3614 577 3615 3614 2035 1232 836 3614 3614 836 699 1241 3614 122 3614 2035 259 3614 2035 3614 2035 3614 130 3614 1581 3614 2035 3614 836 3614 1367 3614 47 122 2035 3614 836 2035 3614 3615 3614 836 3614 3615 3615 3614 836 3614 2035 3615 1232 30 30 3614 1522 836 2035 3614 433 3614 3614 3614 3614 3614 3614 3614 3614 3614 3614 3614 3614 3614 836 836 121 3614 697 836 697 1 836 3614 47 697 581 1000 67 315 3614 3614 1353 1241 3614 3614 3614 3614 3614 1903 3614 3614 2035 315 1460 3614 3614 3614 2701 836 3614 3614 365 30 2035 3614 1522 3614 211 3499 122 122 1236 1271 2035 122 1367 1460
493 165 499 397 165 499 397 165 499 397 165 499 397 397 1309 165 165 151 499 397 151 499 397 499 165 165 151 499 397 1682 89 1180 169 326 165 59 1270 47 886 2450 54 164 1390 1 1 1827 1 1390 164 129 828 47 402 397 397 465 11 165 59 3072 699 828 600 169 125 465 1387 3072 165 397 169 397 499 3072
494 18 125 600 3617 3617 667 3617 3618 600 125 59 3616 824 125 600 3617 125 1601 59 832 1610 824 125 600 3617 47 3616 47 47 293 481 3616 1401 824 45 1748 1499 117 3616 481 699 326 1952 3616 824 125 600 1135 3618 600 125 59 3616 1374 18 3616 3618 600 125 3616 126 824 125 3617 3617 3618 600 125 59 3616 824 125 600 3617 1314 3618 600 125 59 3616 1314 1314 18 18 1239 583 18 3616 125 600 3618 600 125 2560 59 3616 85 3616 824 125 600 3617 3618 125 596 3618 600 125 499 47 655 125 600 3618 600 3616 824 45 1748 1499 293 3616 1239 2052 125 600 3617 600 125 59 267 552 552 125 600 3617 3620 3618 600 699 3616 1952 45 1748 1239 17 279 600 894 3618 125 59 3616 600 3617 3618 125 3616 125 151 3616 126 3616 1952 824 45 1748 178 3616 1239 2052 125 600 3617 3619 3619 3617 3618 600 125 59 3616 1952 824 2889 824 600 3618 600 59 3616 561 606 125 600 3617 894 3618 600 59 3616 824 45 1748 2041 205 530 45 377 1518 2052 3617 600 3618 125 59 484 484 831 600 3618 600 125 59 596 259 211 3616 259 1374 1370 125 600 125 59 293 18 1852 125 600 3617 894 3617 125 600 3617 3617 3618 600 125 1583 3616 596 1370
495 1470 3622 398 1378 3622 1556 262 3622 3621 1346 52 3622 550 3621 1006 1448 1346 3622 2202 2842 3621 460 7 550 3621 1464 3622 2842 262 3621 1006 3621 1939 1939 515 3622 3622 3622 3622 3622 2842 3622 2112 3621 1006 2842 2842 1556 1872 1549 1006 3622 3622 956 1006 406 2842 3621 3621 2011 3622 3621 956 362 3622 3622 1006 1469 3622 7 1346 3622 7 1006 2842 1358 3622 1346 7 3622 2842 1158 3622 3622 3622 7 1912 1117 240 501 501 3621 2842 3622 3621 7 125 3622 3622 3621 1006 3622 3622 3622 3621 3622 326 1006 3622
496 2928 3394 47 1365 18 694 3105 1846 1241 1141 3623 1141 3623 3623 319 101 699 1378 3623 3132 1241 1141 3132 3132 3132 3132 117 182 3132 1233 3132
497 908 3624 908 908 3624 1606 1308 165 355 908 3624 3624 3624 1606 467 165 45 3624 908 3624 1606 123 3625 3624 3624 3624 1606 165 3624 165 3624 1606 165 824 3624 3624 3624 908 3624 918 3624 3624 165 169 808 151 908 1278 165 179 2469 3624 3624 1606 165 3624 3624 3624 1606 738 1606 154 832 165 1606 3624 738 151 165 3624 512 3624 668 59 165 908 512 3624 3624 1606 165 908 1278 1606 129 165 179 165 2932 158 3624 1606 165 562 3624 165 3624 3624 1606 3624 360 1606 1606 3624 1278 1606 1882 165 3624 3624 42 3624 1606 2021 3626 3624 512 1606 165 355 151 3624 3624 1606 165 3624
498 1115 1115 2642 768 1115 1760 564 2642 1115 1115 460 2642 2183 2856 412 2642 1115 2373 243 2641 1032 1163 1021 1789 2517 2642 263 1115 656 321 55 785 412 747 253 2642 787 1153 787 1115 737 2193 1051 1102 2565 2213 737 272 321 1009 1815 971 11 1779 2108 2543 1170 1160
499 1814 706 165 2703 165 2703 2499 1355 2065 3403 2703 1 2703 1843 2065 1355 2703 3403 169 165 2058 2703 169 165 2703 2703 2491 854 165 2703 791 3403 1 2703 2703 3403 1797 2703 2703 3403 2703 784 2703 3403 1121 2173 2173 305 3403 2703 657 165 2703 793 793 1897 165 165 2703 2703 165 2703 305 2703 2703 877 2703 2703 2064 3341 207 165 2703 2703 3403 2491 1355 125 2703 3403 165 2703 2774 165 2703 2703 2703 791 1355 2222 1 2703 2703 2703 476 791 2499 1857 3403 1355 638 784
500 1743 2691 321 2461 2691 2461 3496 2200 2461 2543 2461 2061 14 2461 1102 2691 2061 1177 2467 1975 266 1805 392 2691 2061 2461 169 701 2061 2165 2691 701 3496 263 1741 787 24 517 2691 2543 266 26 2691 528 290 790 2628 1926 268 727 298 2220 3627 3627 3627 3627 701 3627 787 3627 47 3627 3627 1732 2187 3627 3627 474 2691 1732 3627 2539 1358 125 3627 1732 2187 1892 3627 2691
501 2618 1821 169 470 169 169 3138 169 169 136 915 169 169 3628 476 3628 3628 3628 506 169 3628 2021 3628 169 169 2021 2021 3628 2021 169 2021 3628 608 2021 3628 169 169 2021 3628 2021 3628 169 2021 169 2536 1184 2021 2021 169 3628 2021 3628 2021 169 2021 169 2021 169 299 1964 3628 1253 3628 501 2021 3628 169 2021 3628 169 169 2021 169 2021 3628 3629 169 2021 2021 169 2021 3628 2021 2021 3628 2021 299 770 3628 169 3628 770 169 3628
502 1950 460 1848 689 2613 1280 2254 873 1190 2018 461 470 100 3631 2273 629 2613 1848 2474 1911 2536 1036 2606 3631 217 629 100 3630 470 1911 1036 1854 3631 3630 2273 470 2536 2606 610 1911 2606 2273 460 2656 3631 2273 100 470 1911 3227 470 2606 2273 65 470 2606 1036 3227 3631 2273 470 3631 2273 461 470 2606 610 3631 2273 3532 470 1911 1854 3631 470 3227 3631 2273 629 3532 3631 1388 2273 470 2045 1036 2273 3630 3631 470 2045 2606 610 2273 3631 2273 3630 470 610 2273 2273 3630 2273 3630 470 2045 2273 2273 217 3532 629 3630 470 2536 1854 377 2858 326 2273 3630 3532 470 3227 470 2045 2606 2273 470 2606 610 2273 2273 100 3532 100 3630 470 976 3630 100 2273 3532 3630 470 2536 3227 2273
503 3632 3633 3632 3635 3634 3632 3632 3027 1394 3635 3632 3632 3633 3635 3632 3088 67 3635 3632 2185 567 864 3633 3633 3632 3635 3632 3632 567 3027 3635 3632 3633 3632 1926 210 550 392 209 1026 3633 3632 3633 3632 3088 3632 3635 3088 3633 3632 1827 1 202 3635 3632 1394 1526 3635 3632 3633 3632 3633 3632 3635 3633 3634 2707 3635 567 2238 3633 3635 3634 3633 3634 3633 3634 3633 3634 3027 2707 1394 3634 3634 3635 3633 3634 1394 3633 3633 3634 3633 3634 3633 567 567 3633 3633 3633 3088 3633 3633 567 1394 3088 3633 3633 795 67 72 2053 3633 3633 3633 3633 3633 1368 3633 3633
504 2651 499 1250 443 3402 499 3402 2651 3638 653 2651 3402 443 136 3402 2651 3402 2651 499 1250 136 3402 3402 2651 499 316 397 499 1250 659 3402 2651 3402 2651 659 3402 1346 2651 3638 2651 296 652 181 326 3402 3402 3402 2651 3402 443 2651 3402 2651 3402 3402 436 2651 3402 2675 3637 3402 3637 3637 2675 2675 1250 3637 499 1250 2675 3479 3637 296 45 3638 3637 2675 3637 499 1250 1243 3480 3479 3639 3640 3641 3636 2675 1250 2440 3637 915 3637 1250 3637 3638 2440 2675 499 915 296 499 1250 1243 3637 2440 3636 2675 659 3637 1250 1243 3636 2675 296 1250 1243 3636 2675 108 1243 3636 2675 2675 3636 3637 135 2675
505 1292 964 2012 2108 122 3642 246 964 2108 964 2108 2108 2012 246 246 3643 3643 3643 1030 3643 2086 3643 3642 124 363 3643 330 558 3643 330 3643 1370 3643 330 3643 3643 3642 558 3643 3643 321 376 558 2012 3643 392 357 3643 558 2108 558 3642 3643 3642 3642 558 205 882 558 26 3643 236 124 3643 3041 2108 2108 558 3643 558 3642 558 1538 3643 558 3642 3643 558 3643 2012 558 558 558 1030 122 558 558 3642 3642 558 3642 3643 1538 3642 2591 2108 558 2108 45 321 3642 3185 278 3642 246 1401 558 278 3642 271 3041 2108 278 3642 558 3642 278 278 278 558 3642 3185 3185 3642 3642 3642 561 558 558 3642 558 3642 558 3642
506 3644 3644 455 1249 455 455 600 125 1985 1985 3644 122 1985 1985 125 651 455 552 3644 552 380 552 455 2560 3644 1985 380 552 3644 3644 455 351 1219 2939 874 125 3644 3644 455 380 3644 3644 580 1985 3644 3644 272 455 1985 3644 3644 2517 455 455 3644 3644 3644 3644 455 3644 125 397 3644 455 455 1011 1985 1827 3644 523 1985 455 3644 3644 3644 455 2560 3644 272 455 1985 299 169 962 125 2560 3298 3644 455 455 3644 455 3644 3644 3644 455 3645 3644 1726 125 2560 455 169 299 106 3644 3644 169 3644 3298 2560 3644 2560 3644 455 125 125
507 3646 3646 22 3646 3646 3646 3646 3646 3646 799 2784 3646 3646 3646 42 707 3646 3646 50 54 1827 3646 3646 3646 3646 3646 3646 3646 3646 3646 259 3646 3646 3646 3646 3646 3646 3646 3646 3646 3646 505 588 3646 3646 3646 3646 3646 3646 3646 3646 3646 3646 3646 3646 157 3646 3646 42 3646 3646 3646 3646 3646 3646 3646 3646 3646
508 289 883 3647 3647 3649 3647 1505 3647 1104 129 473 709 3647 3647 3650 597 3649 3647 3650 3647 1507 1286 783 972 3650 1286 3647 1509 3650 3650 3647 751 528 3650 3650 2818 972 3650 1509 716 464 2592 460 1396 101 3647 210 468 45 3650 3647 3650 3647 1104 1501 3647 3650 320 527 3649 3647 3650 3649 3650 3649 3647 3650 3650 3591 3649 3647 3650 3650 3647 3650 3648 1830 1976 3647 1104 1251 1922 1096 3650 3647 3647 3650 3647 3650 1830 3649 3647 247 1976 3650 3647 3647 1830 3647 3647 1696 3648 3647 3649 3650 1 3649 3647 3650 1830 267 3648 1830 3647 969 3647 3648 3649 3648 3648 3649 1104 3648 614 3648 3648 3648 3648 1101 1101 1930 3649 3647 3648 1102 791 3647 783 3648 3649 3648 3648 3647 1509 3647
509 147 1266 25 2842 2018 67 771 188 185 460 59 1131 570 771 1374 305 2842 1559 11 1719 11 771 52 499 1084 3021 1230 2842 2351 862 2351 701 771 727 2842 45 2842 1613 3021 305 2842 185 460 2842 268 45 2842 460 185 2842 45 577 2842 2866 550 771 305 796 45 2842 2842 2479 2842 664 1610 3021 451 1006 18 2241 2167 2438 2018 305 3021 505 451 2842 7 2842 2842 2842 1006 2842 2111 73 2842 1346 1498 2351 2090 727 147 606 2842
510 1266 1266 1266 285 1266 1266 1921 1266 285 285 285 1266 285 1266 1266 1266 285 1266 285 285 1266 1266 285 1266 1266 285 1266 1153 1266 583 1266 1507 285 1266 1037 285 285 1266 2203 1266 52 1266 1266 460 285 1266 1266 285 1266 285 1266 1266 285 215 1266 1266 1266 285 1465 1266 1266 1266 285 1266 285 1266 1266 285 788 1266 1266 1266 1266 1266 2332 285 1266 1266 2467 1266 788 1005 1266 1266 1266 285 1266 1266 285 1266 1266 1266 664 1266 285 1266 1266 613 1266 1266 1266 285 1266 1266 1266 1266 11 11 1 1
511 2745 3651 3651 449 3651 3651 3651 1209 2727 3651 3546 3651 449 632 3651 449 3651 106 3651 1209 3651 2742 3651 2727 632 642 2745 3651 449 3651 3651 3651 3651 1968 1209 2745 230 3651 449 3651 3651 3546 2727 3651 494 3651 3651 2742 3651 449 3651 2745 3651 3653 3546 3651 3651 3654 3651 449 3651 3651 3651 3651 632 2745 3651 3651 2308 642 2603 3651 465 169 550 169 689 169 465 3651 3651 3651 2745 3651 3651 169 465 3651 465 169 424 1964 3651 465 3651 3651 2745 3651 465 47 3651 465 47 169 465 3651 494 3651 2533 3651 465 550 47 465 3651 3651 3651 3546 465 460 67 169 3651 169 465 3651 3546 3653 1209 3651 3651 3651 3651 2742 3651 2742 3651 3546 3651 2742 2745 3653 3651 3651 3651 3651 2745 3651 2727 894 3651 3651 1964 3651 3651 3651 3651 3652 3651 3652 3651 3652 3546 3651 3652 3651 3651 3546 3651 3652 3652 3651 3656 3651 3651 3653 3652 3651 3652 3651 3652 3651 2727 3651 2533 169 52 169 3651 3651 3651 3652 1209 424 3651 2745 3651 3651 3651 3652 3651 3651 3652 3651 2745 3651 3652 3651 3651 3652 3651 3651 3654 3651 3652 3655 3652 3651 3651 2745
512 1506 1784 385 221 279 701 2626 3495 701 3657 3657 1511 1506 513 2794 1319 513 272 1598 838 1506 52 3657 1319 513 2626 363 52 701 1506 513 3657 3658 513 3657 1319 84 23 30 1506 1506 3657 1266 3657 794 1042 2626 2170 3657 52 2170 701 2170 188 3657 1511 552 2544 952 701 2725 3495 3657 11 1506 952 691 460 256 104 2040 1529 1122 3657 2170 3659 52 1506 1989
513 165 780 552 664 67 206 2482 3661 1668 1105 45 455 780 780 165 455 165 455 780 455 165 2327 165 385 45 1286 260 455 2043 455 165 780 455 455 165 780 45 336 455 165 780 455 2043 2043 664 664 838 455 664 664 3660 3660 1 564 45 780 455 165 455 455 165 455 2327 664 2043 2043 455 165 2327 45 1286 455 455 165 455 455 455 401 1167 455 552 455 45 455 165 455 455 780 165 664 892 1 564 2327 455 455 2327 2327 165 455 455 165 780 455 165 780 378 125
514 3662 1504 1283 659 1733 1175 3663 1504 2595 3662 670 1858 1283 3663 3662 1096 1096 956 3664 3663 153 883 3662 1314 1988 1246 1510 2747 3662 1078 1922 844 392 2747 1078 3662 153 1578 3664 3662 3663 1283 3397 1283 3662 3662 45 2702 2354 3664 883 1096 392 1283 1246 1283 17 1988 1805 1068 1096 3662 326 883 3662 3662 1578 3663 3662 1283 2747 1078 160 3662 883 3662 3663 1325 3342 3663 1246 268 2747 1510 45 1096 1283 3663 3662 1096 1283 3662 3663 883 1246 949 1097 402 1283 505 1283 2747 169 505 1922 844 1246 1988 1519 1733 3381 883 1096 2747 1246 47 1096 580 505 883 1246 2747 1283 844 844 1283 1283 30 160 883 3663 1246 1283 1675 883 2747 1988 3663 3663 1283 883 1988 3663 326 3663 2747 1922 1246 160 1283 1988 1857 2747 1479 1283 3663 2747 2747 3663 844 1283 1283 1922 1078 883 160 1479 883 2747 1096 47 501 153 697 1988 2747 1111 47 1283 883 153 580 3663 3662 2747 1069
515 638 3665 3665 1121 3666 549 3665 22 3665 3659 638 1121 3666 3659 3666 3659 2473 2123 398 214 3665 3659 3665 638 3666 3659 2710 3665 3665 3659 3665 3665 638 3665 3665 3665 3666 3659 2123 638 3665 1121 3665 3665 3666 3426 3665 3665 3665 638 3659 3666 3665 3666 2932 1889 1 11 143 3659 3666 3659 3666 3665 638 3659 1204 3659 3666 2123 3659 638 638 3665 3665 1118 3666 88 3430 143 3431 3431 143 1713 143 3665 3665 3665 2131 134 3665 1121 125 3665 447 447 3666 3665 3666 447 3665 3666 447 3666 3665 3665 3431 3665 3665 3666 1889 1121 3665
516 1270 1 556 1722 326 1089 326 2149 983 326 1090 329 566 326 511 169 2016 1581 1950 326 169 2011 1089 701 2939 2149 363 42 1051 2197 1051 853 2011 169 609 676 169 326 1378 326 1 326 2149 1 326 169 326 587 1147 1481 1181 330 109 326 169 330 326 169
517 994 390 70 2807 2807 2807 2807 1977 357 3667 2506 2807 3667 2807 3667 994 3667 2807 3667 2807 325 3667 2807 3667 2807 390 3667 2807 2807 1097 3667 363 2807 3667 2807 3667 2807 994 215 3667 1827 3667 2807 2807 2807 3667 3667 392 3667 3667 3667 2807 3667 2807 385 2807 2807 2807 1738 3667 3667 2807 2807 256 2807 3667 2544 3667 3667 96 3667 3667 2807 2807 3667 2542 3667 2807 2807 3667 2807 16 2807 994 3667 788 3667 3667 2807 3667 2807 2807 414 3667 3667 2807 3667 2807 3667 2807 3667 2807 3667 3667 788 3667 2807 960 3667 2807 3667 2807 2807 473 3667 3667 2807 3667 2807 3667 2807 2087 2015 1827 3667 2807 3667 1762 3667 3667 3667 2807 256 2807 2807 1479 994 3667 179 3667 2807 336 3667 2807 1948 994 2807 3667 2807 2807 2117 994 1183 3667 1892 3667 2688 3667 2807 1212 3667 2807 3667 2807 2807 3667 3667 3667 3667 3667 3667 3667 2807 256 3667 2807 3667 2807 2807 205 1097 963 3667 2807 970 3668 792 2807 994 298 2688 3668 325 2807 3668 2807 1156 3668 2807 1787 612 3668 325 3668 3668 3668 3668 91 2807 697 3668 2807 3668 3668 3668 2807 3668 3668 3668 1401 2807 3668 3668 2807 390 3668 2807 3668 3668 3668 2807 792 3668 2807 2807 3668 3668 3668 2807 3668 3668
518 45 3670 1493 3670 11 3670 3669 67 783 3670 783 3670 3670 286 587 377 932 3669 2933 377 2202 1188 1535 3670 377 18 70 377 3670 1212 99 258 3669 377 3669 377 273 3670 3669 305 377 3669 377 3670 2207 3670 1937 336 3670 3669 377 45 544 886 3669 615 1399 11 3669 783 2373 956 3670 1372 377 3670 831 3670 45 3542 273 3670 3669 169 783 45 3670 3542 3669 325 377 3670 385 2604 3669 3670 2199 2704 3670 267 1073 336 3669 377 3670 3669 67 377 3670 3669 377 3669 3670 336 3542 2469 377 3670 1805 1353 1212 18 47 3669 3670 3669 377 324 3669 1970 1414 3670 21 1789 1937 1212 376 18 402 47 3670 1059 392 831 2449 93 829 3669 45 3670 377 3669 3670 3669 45 3669 3670 3669 377 3669 1175 991 1059 392 11 11 3670 450 106 450 701 11 11 3669 11 3669 1534 67 3670 3669 631 3670 106 600 45 3670 1130 257 3670 45 3669 377 631 3670 3669 11 11 3669 336 45 3669 3670 268 3669 377 631 3670 783 3669 3669 3669 377 3669 377 631 3542 67 816 3670 377 631 3670 1130 211 377 631 955 205 45 69 385 3670 3040 783 3669 3542 268 1045 3669 45 631 3670 18 3670 3669 1936 92 3669 45 3670 2488 3669 3669 11 3669 3098 67 3669 1437 3669 3670 3670 3670 631 362 67 3669 67 3670 1630 3542 383 886 1437 3669 45 1437 631 1630 197 450 3670 1448 631 3670 325 3670 3669 3669 377 3669 1437 257 402 1089 3670 86 268 2949 556 208 1493 2088 3542 3670 450 631 3670 3670 1813 47 3669 11 3670 240 1759 45 3670 3670 783 631 11 3669 3098 3669 3670 3669 3669 2014 1130 3669 3670 242 3669 572 3670 1896 3670 2243 236 3670 2604 3285 3669 11 3670 3542 1130 3542 631 3670 3670 402 1795
519 350 3671 3671 3671 724 1466 3672 3671 3673 846 3673 3672 991 3671 3673 3672 3671 364 839 310 3673 3672 3673 3672 1683 3672 73 3673 3673 3671 3673 3671 1683 3671 1683 3672 1683 1683 3671 1466 1683 1683 1683 1683 3201 1683 828 1 3671 3672 727 3671 2335 3671 3673 3673 3672 3671 3671 3671 3671 840 3671 2070 3673 3672 1683 3672 2725 1683 3672 271 3671 665 3673
520 3625 3674 1800 165 2706 1440 1471 3625 1800 3134 3625 22 1800 165 2706 1440 1471 3625 3625 3625 1800 2706 3625 3674 1800 165 1440 3625 3625 3674 165 2706 1440 1374 874 3625 1800 165 2706 1440 1440 1471 3625 1800 165 2706 1440 1471 3625 3674 1800 1314 165 2706 1471 3625 1800 165 2706 1440 3134 1471 3625 583 3625 3674 1800 165 2706 874 1440 1471 3625 1800 165 2706 1440 3625 1800 165 1440 1471 3625 3625 3625 360 3625 3625 3674 1800 3625 1800 165 2706 1440 3134 1471 3625 3674 1800 165 2706 2612 1440 874 1471 3625 3625 3674 1800 165 2706 1440 3134 1471 3625 1800 1440 608 1471 3625 1800 165 2706 1439 1440 3625 3674 1800 165 2706 1440 1471 3625 54 512 512 3674 1800 165 2706 1440 2567 1471 512 1800 165 2706 1440 2567 1471 512 3678 512 1800 165 2706 1440 2567 1471 3674 1800 165 2706 1440 1471 512 3674 512 3674 1800 165 2706 1440 2567 512 1800 165 2706 1440 2933 2567 1471 512 3674 1800 165 2706 3134 1440 512 3678 512 1800 165 2706 3134 1440 2567 2567 512 3674 1800 165 2706 1440 1471 512 512 3674 1800 165 2706 1440 1471 512 1800 165 2706 1440 512 1800 1440 527 2567 1471 165 2706 512 1800 165 2706 1440 2567 1471 165 2706 1440 874 2567 1471 512 512 3674 1800 165 2706 1440 1471 512 1800 165 2706 1440 2567 512 1800 165 2706 1440 3679 512 512 3674 1800 165 1440 3134 512 512 3678 512 1471 512 1800 2706 1440 512 3674 1800 165 2706 512 1800 1440 353 512 1800 165 2706 1440 1471 512 3674 1800 165 2706 3134 1440 2567 3678 512 1800 165 2706 1440 874 2567 512 3674 1800 165 2706 3134 1440 2567 1471 512 3678 512 512 3674 1800 165 2706 1440 2567 1471 1471 3678 512 1800 165 2706 1440 874 1471 512 1800 165 2706 3134 1440 1471 3678 512 3674 1800 165 2706 1440 874 1471 512 512 3674 1800 2706 1440 2567 512 1800 165 2706 1440 1471 512 3678 512 512 1800 3678 512 3678 512 512 1800 165 2706 1440 2567 512 512 3674 1800 165 2706 1440 512 1800 165 2706 1553 1471 512 1800 165 2706 3134 1440 512 3678 512 1553 1471 512 3674 1800 165 1440 1471 3678 2567 2567 512 1800 1440 512 32 1606 1440 1471 32 1606 165 2706 1440 1553 1606 165 2706 1440 32 1800 2334 512 32 1606 2706 3675 32 1606 2706 165 1440 1606 2706 165 3675 2706 165 1440 32 3678 1606 2706 165 32 1606 2706 1764 32 32 1606 2706 32 2706 1440 32 3675 32 362 362 362 32 3675 1226 3675 32 3678 1606 165 3675 32 1606 165 1440 1606 165 32 1606 360 3675 32 32 32 1606 2706 165 32 32 1606 32 157 32 32 2706 2639 1606 165 2706 2279 3675 165 2279 3675 32 32 2706 165 2279 32 2334 2706 165 2279 3677 32 1606 2706 165 3677 2279 32 1606 165 2706 3677 3675 32 165 2706 2279 3675 32 3572 32 165 2279 3677 1606 2706 3677 2774 3677 1606 2706 32 1606 2279 32 32 1606 165 3677 32 165 2706 2279 165 2279 3677 32 2279 3676 2639 32 2334 165 3677 2279 32 32 2279 165 2279 3677 2799 1606 32 1606 2279 3676 32 165 2706 1107 32 1606 2279 2639 1606 3677 165 3676 2639 32 32 165 2706 3677 1606 165 32 3676 32 165 2706 3676 3677 32 3676 3677 32 2334 165 2279 3677 32 2334 165 1763 3676 32 1827 2334 3676 3677 32 165 2706 2279 3676 32 2334 2279 3676 32 2334 165 2706 2279 3677 32 2334 165 2706 2279 3676 171 3675 165 2706 2279 3676 165 2706 2279 32 2334 2279 3676 3677 32 2334 165 3677 32 2334 165 2706 3677 32 2334 2706 2279 32 2334
521 3680 3680 3620 3680 3680 3067 3680 3680 3680 3680 3680 3680 3680 3680 3680 3680 3680 329 3680 3680 3680 3680 362 3680 3680 3680 3680 3680 3680 3680 41 3680 3680 3680 3680 73 3680 3620 3680 3680 3681 3680 3680 3680 3680 3680 3680 3680 3680 498 3680 3680 3680 106 3680 3620 3680 3680 3680 3680 3680 3680 2447
522 310 1978 2486 2822 3682 2073 2486 688 3682 99 3682 2073 3682 3682 2822 3682 2073 3682 3682 623 3682 2073 1027 1213 3682 3682 660 3682 2142 660 2073 660 3682 660 3682 660 503 3682 2073 660 3682 660 3682 660 3682 2073 2073 385 2687 362 3119 1121 3119 362 4 1226 3683 660 3682 73 660 3682 779 660 3683 2142 660 660 3682 660 2486 3682 3682 3683 2073 1990 660 3682 2073 1213 3682 51 1990 570 660 549 660 3682 3683 660 660 3682 1895 1805 660 3682 660 3682 1299 660 3682 660 3682 503 2073 11 11 2073 91 3119 2073 660 660 3682 3682 2356 2748 660 3683 660 2486 3682 3682 3682 3682 3682 2486 3683 1041 1027 3682 3682 3682 3683 11
523 22 3684 3684 3684 3684 3684 2965 3684 2965 3684 3684 727 3684 2965 3684 312 3684 2965 303 3684 3684 3685 3684 3337 727 2965 727 3035 3684
524 3686 3686 3686 3686 3686 3686 3686 3686 3686 3687 3686 3686 3374 3686 3686 3686 3686 3686 3686 3374 3686 3686 3686 3686 3686 3686 3374 3686 3686 3374 3687 3686 3686 3374 3686 3374 3686 3686 3686 3686 3686 3686 3686 1654 3681 3686 3686 3686 3686 3686 3686 3686 3686 3686 2745 3686 3686 3686 3686 3686 3686 3686 3686 3686 3686 640 3686 3686 3686 3374 3374 3686 3686 3686 3686 3686 3686 2163 3686 3686 3686 3686 3686 3686 3686 3686 2163 3375 3686 3686 3686 3686 3686 3686 3686 3686 3686 3374 3686 3686 3686 3686 3686 3686 3686 3686 3686 3686 3686 3686 3686 2557
525 3688 3688 1994 3331 3331 3688 3331 3344 2543 955 34 3331 34 3331 242 389 3331 932 3331 183 977 3331 34 377 52 823 977 977 3331 977 3344 460 2047 3331 977 1685 3688 3688 3344 2087 1 1 3331 8 3688 2692 165 287 3331 977 3331 1685 99 256 3688 1038 600 3688 3331 3344 489 138 3688 169 550 932 3331 3040 31 3344 3331 3040 955 3331 3331 3331
526 1686 889 1286 67 67 3159 206 665 3690 3691 665 3689 3147 1286 889 103 1686 244 3692 1929 889 1286 665 3689 3147 665 3689 3147 1286 3691 665 3689 3147 1286 1509 67 206 665 3690 3691 22 3697 2066 665 3689 665 3689 3147 1286 889 103 1686 889 1286 67 665 665 3691 665 3689 3147 3694 1686 889 67 206 665 3690 3691 665 3689 1286 889 103 1686 244 1686 1686 103 889 1286 67 206 3690 3691 3691 665 3689 3147 1286 889 103 244 1686 889 1286 67 665 3690 3691 3691 665 3689 3147 1286 103 1686 1686 3692 103 889 67 665 3690 3691 665 3689 3147 1296 67 206 665 3690 3691 3691 3691 665 2066 3147 3691 665 3689 3147 1286 1686 244 1686 3691 665 3689 3147 889 103 244 1686 67 206 665 3690 3691 665 3689 3147 67 1518 1686 3397 339 1517 1099 3696 3690 3691 3691 665 1686 3692 3694 889 206 665 3690 3691 665 3689 3147 1286 889 103 1686 1686 3691 3691 665 455 206 665 3690 3691 3691 583 206 3159 67 1509 1099 339 3696 3691 3691 3691 665 3689 889 244 1686 103 59 67 665 3690 3691 3691 3691 665 3689 3147 1286 3694 244 1686 521 47 67 16 3691 665 3147 1286 889 103 3694 244 1686 3692 103 889 59 67 665 3691 3691 3691 3693 3689 3147 1286 889 103 3694 244 1631 1686 1686 103 889 47 67 3159 206 3693 3690 3691 3691 3691 3689 3147 151 188 1296 67 3159 3698 206 3693 3690 3691 665 59 3397 844 1906 1099 3696 3691 3691 1686 1518 1845 1600 3690 3691 3691 3147 1286 889 103 3694 3692 1686 1686 130 1499 3696 3690 3696 3690 3691 3691 3693 3689 3147 889 103 3694 1686 1686 1686 3692 103 29 1286 3159 3698 67 206 3693 3690 3691 3691 3693 3689 3147 1286 1867 17 3697 3691 206 67 3698 3159 1515 1099 339 3690 3691 3691 3693 3689 3147 889 103 3694 1686 3692 244 3691 3693 3689 3147 1286 889 103 3694 1686 244 1686 1909 1600 3696 3690 3691 3693 3689 1286 889 103 1686 244 1686 3692 103 889 59 67 3698 1686 1518 305 1084 3692 103 889 67 3698 3159 3693 3691 3691 3693 3689 3147 103 3694 1686 1686 3692 103 889 59 67 16 3159 206 3693 3690 3691 3691 1296 188 156 1882 1286 3159 67 16 3698 206 3691 1878 339 3696 3690 3691 3691 206 67 3698 3159 59 1099 339 3696 3690 3691 3691 3693 3689 3697 3147 1286 889 103 244 1686 1686 3694 1631 59 67 16 3698 3159 206 3693 3690 3691 3691 3693 3689 3697 1286 889 103 244 1686 1686 889 2347 1600 3696 3690 206 3693 3691 3691 3693 3689 3697 3147 1286 889 103 3694 244 1686 3692 889 3698 3159 3690 3691 3693 3689 3697 3147 1286 889 3694 1686 1686 3691 3689 3697 3147 1286 889 103 3694 1686 1686 103 889 3698 3159 67 206 3693 3690 3691 3691 3693 3689 3697 3147 1296 3691 3693 3689 3697 3147 1286 889 103 3694 1686 3692 103 59 67 3698 3159 206 3693 3690 3691 3693 3689 3147 1286 3691 3693 3689 3147 889 1686 3692 3694 1518 151 660 3690 3691 3691 3693 3689 3147 259 3691 3690 206 67 2351 1099 2510 339 3696 3691 3690 3691 3691 3693 3689 3147 889 103 1686 3694 1686 3692 244 1518 1600 3693 3689 3147 103 3689 3697 3147 1515 1099 339 3696 3691 3691 3690 3691 3691 3693 3689 3697 3147 1286 889 103 3694 1686 3692 889 67 3698 206 3693 3690 3691 3693 3689 3697 3691 3693 3689 3147 889 103 1686 103 67 3159 3698 206 3693 3690 3691 3693 3689 3147 889 103 889 67 3698 3159 206 3693 3690 3691 3693 3690 3690 3690 3690 3690 683 3690 3689 2066 3147 1623 3690 3691 3691 2066 3697 3689 666 665 3689 2066 3691 3689 1322 665 666 3695 3691 2066 665 1521 2066 3695 666 3690 666 3695 3690 3690 3691 3690 666 3695 1322 169 2443 2443 1286 3147 2066 3697 3690 3691 3695 666 3695 3691 666 3697 666 666 3690 3691 666 3690 3691 3690 666 3690 3689 3691 3147 1616 1623 666 3691 3689 2066 3691 3690 3690 3691 3689 3697 665 3691 3690 3690 3695 666 3690 3691 666 3691 3695 666 1616 1623 3691 665 3690 3691 3147 1322 2749 3695 666 665 3690 659 3147 3690 67 1509 2443 3695 666 666 3690 3691 666 3690 3690 3695 3691 3691 3695 3691 666 3695 3691 3691 3689 2066 666 2475 59 3691
527 3700 3481 3703 3701 3702 3699 3700 1059 1289 3704 3703 3700 3699 3702 3701 1588 3481 3703 1700 3704 1592 954 3700 1588 3481 3705 943 3704 954 3481 1588 3700 3699 3701 3702 3703 3699 3700 3481 1588 3701 3702 3703 3704 3704 3481 3701 1588 3700 3702 3699 3703 45 3481 1588 3701 3699 3701 3700 3703 3704 3704 1266 2463 3701 3702 3699 1588 3481 3700 3703 3704 3699 3701 3702 3700 1588 3481 3703 3704 1873 267 3701 3702 3699 3700 1588 3481 3703 3704 3702 3701 3699 3700 3481 1588 3703 3704 3702 3701 3699 3700 1588 3481 3699 3703 3702 3701 3699 3700 1588 3481 3703 3702 3701 3699 3700 3703 675 1299 1584 3704 3704 165
528 3708 3709 3710 3709 3710 3706 3707 3708 903 3709 3711 3708 1303 3709 777 3710 3706 1303 3708 3710 3709 3710 3708 1303 3708 3709 3709 3708 1303 3709 3709 2790 3709 1201 450 1245 3708 3707 3708 1303 3708 3706 3707 3708 3706 1303 3710 3709 552 3706 1303 3708 3709 552 3708 3706 3707 3708 3027 3708 3710 777 3709 552 3708 3708 3710 3709 3710 903 919 3709 777 3709 3709 3708 3708 3709 3708 3707 3709 777 3710 3708 3027 1303 3708 1303 3708 299 1303 3706 3708 3710 3709 777 3708 3706 3708 3710 3708 3706 3708 352 3712 3709 3711 3709 3713 903 3709 2790 3709 3708 3707 3708 1303 552 3708 3706 1303 3184 777 3709 3709 552 3708 3027 3706 1303 3706 1303 1303 777 3709 3710 3709 3706 1303 3708 3709 3710 2790 3709 552 3708 3707 1303 3708 3706 1303 3710 3709 3708 3706 3710 777 3709 3708 3027 3708 552 1303 552 3708 1303 3706 552 1303 352 552 3708 3710 3709 552 3708 3027 3706 3708 3711 3709 552 3708 1303 3708 3711 3713 3711 3709 3711 552 3708 3706 3710 3709 3710 3711 3709 552 3708 3027 1303 3708 3709 3713 3709 3711 3709 552 3708 3709 3710 552 3708 3708 3027 3708 3709 3711 3709 3706 1303 3710 552 1303 3708 3027 2670 3709 3710 3712 3709 552 3708 3707 1303 3709 552 3708 3709 552 3709 3711 3709 3713 3711 3709 3708 3711 3709 552 552 3708 3710 3711 3709 3708 3708 3709 3710 552 3708 3709 3709 3709 3709 3710 3711 3709 552 3708 3708 3709 552 3708 3707 3708 3709 3708 3708 3713 3709 552 3707 1303 3708 3709 3710 3709 552 3708 3710 3708 3027 3708 3713 3708 1303 3709 3709 3710 3709 3709 3709 1523 3713 3709 552 3708 3707 3708 552 3708 3707 3708 3709 3709 3709 3712 1523 3713 3709 3709 3709 3708 3709 3708 3709 3709 2033 3713 3711 3709 3027 3709 3710 3708 3708 2790 1969 552 3708 1969 1303 3711 3708 3710 3708 1969 3708 3709 3711 3709 3708 3709 442 50 3708 3708 3711 3708 3708 3707 2033 1969 3709 3708 3713 3708 2033 3709 1969 3709 1969 3708 3707 2033 3027 3710 2033 3708 3711 3709 3709 3711 3709 3707 3708 3710 3708 3710 3711 3708 3711 3706 1969 352 1523 3709 3708 3707 3708 1969 2033 3708 1969 1355 3708 1969 3708 1969 1523 1349 3709 3710 3709 3027 3707 1969 3709 3711 3709 3708 2033 3027 3711 3708 3714 3027 3711 3027 3709 3711 3709 3708 1969 3709 3707 1969 3708 1969 1969 3711 3709 3708 3027 3711 3709 2033 3027 1969 552 3708 3709 1969 3708 1969 3708 1969 3713 552 552 3708 3708 1969 3706 2033 1969 552 3709 3706 1969 3709 3708 11 3712 3708 3707 3710 552 3708 3709 3710 3708 3709
529 3007 3007 3007 3007 3007 1306 3007 3007 1557 3007 3007 3007 1557 273 73 1921 3007 3007 263 3007 3007 1011 45 1596 3007 3007 3007 3007 3007 1348 3007 3007 67 3007 1390 1 3007 1040 3007 23 1470 1306 3007 3007 3007 87 3007 3007 3007 828 78 1389 1557 3007 3007 3007 288 960 1805 1011
530 3716 3716 3716 3715 3715 3718 1135 1654 3716 3715 3715 3719 3715 3717 3716 3715 3715 3719 3717 3719 3715 3719 3718 3716 3718 3717 3716 3716 3715 3715 3716 3717 3715 3717 3716 3717 3718 3717 3718 3716 3716 3715 3717 3715 3719 3719 3716 3719 3719 3716 3718 3718 3716 3718 3715 3716 3718 3715 3716 3716 3719 3716 3716 3716 3715 3715 3716 3718 3715 3715 3717 3715 3718 3718 3716 3716 3716 3719 3715 3719 3719 3719 3715 3716 3719 3718 3718 3717 3716 3719 3716 3716 3716 3716 3715 3716 3715 3716 3717 3715 3718 3716 3715 3716 3719 3716 3715 3716 3716 3716 3719 424 3719 3718 3716 3717 3719 3719 3716 3718 3717 3716 3718 3716 3715 3718 3718 3719 3717 3715 3715 3716 3718 3716 3718 3716 3717 3718 3718 3716 3716 3715 3717 3716 3716 3716 3716 3718 3716 3716 3718 3716 3715 3716 3715 3718 3719 3716 3716 3715 3715
531 263 1524 2632 263 1977 1524 2632 1992 2632 250 416 271 2632 2632 1696 2632 2632 2632 2632 2632 1011 2632 2632 1524 1172 26 2632 2632 2632 2632 2632 321 2632 794 2632 2632 2632 2632 2632 2632 2632 957 287 2632 1696 2632 2632 2632 2632 1694 210 329 2632 2632 1366 2632 2632 2632 2632 2632 1060 1353 2632 2075 2683 459 2632 2632 828 2632 287 957 71 2632 2632 2075 2632 2632 2632 2632 2632 2632 511 2632 2632 1 1 2632 220 2075 2632 2632
532 3720 1957 1767 1957 3721 3720 3725 3721 1961 3613 3721 3724 3722 3720 3612 3722 3720 3721 3720 3720 1767 3722 3721 3726 3721 1777 1054 817 3612 3720 1777 3726 1771 106 3725 1777 1777 3613 3722 3720 1777 1767 1120 3722 3721 3721 3612 3720 3721 1957 3722 3720 3720 3720 1777 3724 3726 3722 1777 3722 1777 1767 3720 3722 106 230 3720 3613 3722 3720 3722 3725 1961 1777 1957 3612 3613 3725 3723 3720 3725 3720 3725 3724 3720 3721 3613 3722 3726 3720 1960 3722 3722 3721 3723 3723 1777 817 3723 3720 3723 3722 3720 1957 3613 1957 3722 3723 1777 3720 1777 1960 1777 3726 3613 3724 3723 3722 3722 3723 3720 1777 3723 1957 1777 3721 1777 3725 3725 3720 3723 3720 3720 3720 3724 3725 3722 3723 3720 106 3722 3722 3723 3723 3613 3723 1777 1957 3725 3720 3725 3723 460 1957 3613 3720 3723 3723 3723 3723 1054 1054 3726 3723 3723 3720 3724 3725 3720 3720 1777 3723 3723 3723 3723 3723 3723 1054 817 397 3723 1777 1054 817 1957 3612 3720 3723 3722 3720 3721 3612 3721 3723 3721 1777 3724 1960 3720 3720 3724 3720 1960 3720 3726 134 1225 1777 3721 1960 1961 3721 3726 1957 1771 1707 1960 3720 1957 3721 3720 3720 3720 3612 1767 3721 1767 3724 1777 3720 3721 3721 1961 106 3721 3724 1777 3721
533 1221 22 1368 303 696 1095 1221 1095 1095 1368 696 1095 266 1095 3538 1095 1596 1368 696 1095 1368 2628 1368 696 958 21 303 1095 3727 67 696 696 1557 1948 696 3727 1368 3538 1095 455 3727 3727 1095 1008 3727 1008 3727 357 3727 1889 1008 1008 3727 1022 1095 1008 1596 3727 1008 3727 1414 3727 230 45 1095 2465 1008 3727 3727 3727 1789 1095 1008 1008 3727 1008 3727 1368 1596 2465 3727 1172 1172 3727 1856
534 443 14 443 268 761 2553 1654 443 583 140 1858 1095 2043 364 2043 87 67 3285 1343 45 1 1 2043 2043 738 2043 2043 2043 2618 2043 2043 2043 1674 2043 1011 340 2043 2043 2043 713 2043 11 11
535 1614 550 188 1614 550 112 112 766 837 1614 1614 1614 1614 1614 3679 1614 112 1614 626 321 112 1614 210 1614 1614 112 1614 112 1614 1614 112 1614 3679 112 755 1614 1448 1614 112 1614 460 1614 1614 1614 1614 112 3679 1614 1614 3679 550 1614 1614 1614 112 1614 3679 2507 1614 112 1614 112 1614 1614 1614 2689 112 1614 1614 658 11 1614 1445 1614 1003 1614 1614 1613 1614 1427 1427 1614 1647 1647 753 91 1346 1498 753 753 1075 1427 1498 1227 1470 1498 3197 658 789 1614 1614 1614 810 1614 1614 1614 1614 1614
536 2972 3728 3728 3728 3728 2972 598 6 3728 3728 3728 3728 3728 3728 2972 3728 3728 3728 3728 2972 3728 935 3728 3728 2972 3728 3728 3728 3728 338 647 3728 3728 3728 2459 3728 3728 3728 3728 3728 1464 647 2149 1131 2149 47 2149 210 326
537 806 209 277 169 1545 3729 857 3729 851 3729 3729 1400 2568 2031 1045 2544 1147 2687 1467 18 1759 202 11 11 806 73 1939 2281 2688 393 2216 3729 3609 2810 106 1 420 858 806 1759 3729 795 169 2568 3729 474 2116 1786 3729 252 806 1055 851 240 289 3729 2238 1302 2113 112 112 2822 112 474 806 2216 2238 1 1147 112 169 3729 1646 231
538 3688 3688 397 1895 67 3688 3688 1530 1145 3688 326 67 1082 3688 1223 3688 812 1498 3688 3688 3629 3688 3629 3688 2509 2713 2846 1362 3688 2509 3688 3688 874 3688 2509 3688 3688 67 3629 1530 3688 3688 1530 2509 3688 67 3629 1362 3688 73 3688 3629 1530 3688 1528 67 3688 2027 2933 1082 3688 2509 1926 3688 1362 99 3688 2027 2933 3688 2933 2027 3629 67 377 258 122 2846 3688 3688 1530 3688 2027 1530 67 1362 2509 3688 3688 2027 2933 1317 3688 2027 2846 1362 3688 1624 3688 3688 2027 99 2027 3629 67 3688 67 1530 3629 3688 2027 3688 2027 1530 3688 2027 2688 3629 1530 3688 2027 1362 3688 2027 99 615 2027 3629 3688 1223 1132 169 3688 8 70 3688 2027 3688 2713 1317 3688 100 2027 1223 2713 2027 3688 3688 130 3688 169 2874 3688 70 101 3688 130 45 388 3688 2846 3328 3688 3688 1223 3688 67 3688 94 1398 3688 2027 1377 3688 1223 1082 1223 3688 1144 3688 2027 2027 1377 3688 2027 1579 3688 3688 1362 3688 1223 3688 2965 1223 3688 1223 326 3688 629 1974 169 73 986 3688 1223 2713 99 2713 2013 3688 99 73 2027 2705
539 3731 3732 3733 3731 3732 3733 3734 3731 3730 3731 3732 3734 3731 3732 3733 3734 3730 3731 3732 3733 3731 3732 3733 3730 3731 3732 3733 3731 3732 3733 3734 3732 3731 3732 3733 3734 3730 3731 3732 3731 3732 3733 3734 3731 3732 3734 3733 3731 3732 3731 3732 3733 3734 3731 3732 3731 3732 3733 3734 3732 3731 3732 3735 3730 3731 3731 3732 3734 3733 3731 904 460 3731 3732 3734 3731 3732 3730 3731 3731 3732 3734 3733 3731 3732 3731 3732 3733 3734 3731 3731 3732 3733 3731 3732 3733 3734 3731 3731 3732 3733 3734 3731 3732 3733 3731 3732 3733 3734 3730 3731 3732 3731 3732 3734 3731 3732 3733 3730 3731 3731 3732 3734 3733 3732 3734 3733 2671 3731 3730 3731 3732 3733 3731 3732 3734 3731 3732 3732 3734 3731 3732 3732 3730 3733 3734 3731 3732 3734 3730 3730 2671 3731 3732 3732 3734 3732 3734 904 3384 3731 3730 3730 3730 3732 3734 3731 3734 3733 3731 3732 3731 3732 3732 3731 3732 3732 3732 3734 3731 3732 3730 3732 3730 3731 3732 3734
540 3736 632 3736 494 2636 3736 3736 3736 3736 3736 632 3736 3736 632 3736 3736 632 3736 3736 632 3736 632 3736 3736 1119 632 1654 3681 3736 632 3736 1958 3736 632 632 3736 3736 632 3736 667 82 326 1958 632 3736 632 494 2636 3736 632 3736 494 2636 3736 632 2324 632 3736 632 3736 1958 1958 632 3736 2324 1958 3736 3736 632 3736 3736 3736 2324 3736 3736 3736 3736 3736 2324 3736 632 3736 3736 632 632 632 3736 3736 3736 632 329 632 3736 632 632 3736 3736 3736 632 632 1958 3736 3736 3736 632 632 3736 3736 3736 632 632 3736 3736 3736 2324 3736 632 2324 2324 3736 2324 3736 2324
541 3739 3739 1952 1978 3737 3738 3739 3737 3739 3737 3738 3737 3737 3738 3737 23 3737 3738 3737 3738 2253 3737 3738 3738 3737 3737 3738 3737 3739 3737 3738 600 3738 3739 1801 3737 3739 3739 3737 30 3738 652 3737 1801 3739 3737 2253 3738 556 3739 3737 3739 3738 3737 3739 1801 3738 3737 3739 3737 3738 3739 3738 1801 3739 3737 3738 3739 3737 3738 3739 1952 3738 3738 3737 3739 3738 3737 3737 3738 3737 3738 3737 169 3737 3737 3737 3737
542 3740 1030 336 3740 2073 3740 2867 1030 3740 3740 3740 3740 138 493 71 2822 460 3740 1030 3740 3740 2073 1 1230 3740 3740 3740 3740 1105 3740 3740 3740 3740 2486 2073 2073 3740 2073 3740 817 493 3740 3740 3740 3740 817 1 1 3740 1105 3740 3740 3740 3740 1005 716 3740 3740 3740 2073 1030 2073 3740 489 2822 2073 1030 3740 1030 3740 10 3740 3740 3740 3740 3740
543 1732 1732 1924 3741 1732 1732 3741 1031 1732 90 96 3741 305 1732 3741 1732 3741 2195 2855 1732 3741 1732 1732 1033 1732 3741 3741 302 3741 3741 2016 3741 1732 1360 3741 1360 3741 73 3741 3741 1732 3741 302 1732 1388 1732 1732 1732 2491 2491 1732 1732 1388 1732 1732 1732 2491 1388 539 1732 1732 1732 1732 1732 1732 1732 2491 1732 2491 1732 1483 2491
544 3742 3742 3742 3746 3394 3744 3744 3742 3744 3745 3743 3744 3745 3743 3742 2276 3743 3743 3744 3745 326 169 3742 2276 3744 3742 3745 3743 2276 3744 3745 3743 2276 3745 3743 2276 3743 3745 3742 2276 2276 2276 3743 3744 3745 2276 3394 3401 3744 2276 3742 2276 2276 2276 3743 3743 3743 2276 3743 3744 3745 2276 2276 1929 1249 3742 3743 3744 3744 3743 3744 3745 2276 3744 2276 3743 3745 2737 675 3743 2276 2136 3743 3744 3745 3742 2276 3743 3742 3744 2276 3743 2276 3742 2276 3744 2276
545 3748 3748 767 3748 767 3748 767 3747 3747 767 767 3748 767 767 3748 3748 3748 3748 767 3748 3748 3748 3747 767 3747 893 767 3748 471 471 763 3748 3747 767 3748 364 767 3748 767 3748 767 767 767 3748 767 767 767 3748 3748 893 893 3748 767 3747 767 767 786 3748 767 3748 3747 767 3748 767 989 3748 767 3748 354 3748 766 767 3748 767 1572 367 3748 767 3747 720 3748 3747 345 893 767 767 3748 340 3748 767 767 3748 767 3748 767 3748 767 767 3747 767 767 767 3748 3748 501 3748 767 767 767 767 354 3748 2170 3747 767 767 2806 3747 171 1 171 767 3748 338 3748 763 893 354
546 1416 1513 595 851 3749 1689 1936 1741 3749 3749 851 1131 3749 3749 1906 1131 3749 2618 1131 597 1101 612 1266 3749 1906 851 1906 1131 3749 883 1504 1906 3129 1906 1131 2130 1266 1131 883 3749 1131 2011 3749 1131 1982 1019 527 47 1704 3749 1131 3749 572 1906 126 1906 1348 208 254
547 1579 2635 1058 322 1555 2635 1164 99 125 768 1554 293 99 123 1579 891 2480 1035 123 95 96 1 99 253 322 1543 1439 363 376 256 99 1439 114 305 969 1532 768 402 1857 122 276 114 581 1559 305 1445 99 2511 1935 2933
548 3750 22 3750 3751 3750 3750 1505 1019 3750 1374 3750 1189 1096 3750 2613 3750 3751 42 1513 3750 3750 3750 3751 2593 707 3750 1189 1096 3750 3750 3750 3751 1189 1100 844 3750 3751 1906 844 612 519 516 3750 3751 3750 3750 3751 3750 1189 3750 3751 3750 3750 3750 688 176 516 259 55 42 704 3750 176 3750 3750 516 3750 3751 3750 3751 3750 3750 3751 3750 3751 3750 3750 3750 3750 844 3750 3750 42 688 310 3750 140 1256 3750 1193 799 3750 3751 91 3751 3750 3750 3750 3750 3750 3750 3138 3750 42 1172 3750 1415 3750
549 1551 530 276 1041 1011 556 1743 1 87 1319 655 2536 321 1642 2536 1743 216 45 256 2536 1743 561 530 205 3225 392 526 470 2536 2012 296 1041 1002 688 561 2536 1012 295 1097 1891 296 2543 87 3642 526 526 1041 526 1041 67 0 87 87 402 268 656 305 169 1745 942
550 2596 397 1000 1000 1401 1388 1822 1822 1822 1180 463 552 1822 463 552 989 1084 15 1577 1577 392 392 1698 1753 1698 1698 121 326 121 96 714 2939 455 1364 566 546 1581 1581 548 1698 547 548 547 1051 1190 1270 975 975
551 3752 3752 3752 188 101 697 3752 3752 188 188 3752 122 1232 47 3752 3752 3752 125 929 188 3752 3752 169 31 122 775 1365 357 2545 3752 3753 188 31 3753 1 31 1272 31 3752 31 31 125 2613 31 3753 3752 3753 3753 3752 3753 31 31 31 125 1119 49 3752 31 3752 3753 2898 3753 2898 3752 2897 31 169 125 3656 31 1616 1616 3753 31 169 31 3753 701 125 3753 3752 3753 31 2898 2898 3753
552 3754 998 1268 724 3754 3754 998 3754 997 3754 3754 998 3754 326 3754 3755 997 998 3754 3754 3755 3755 3754 998 3754 3754 998 3754 3754 3755 3754 1268 3754 3754 3754 998 3754 998 3754 326 3754 3754 997 3754 998 3754 3754 287 3754 3754 3755 998 3754 998 550 3754 3754 724 998 3754 3754 3754 997 3754 2568 3754 3754 3755 3754 1268 724 3754 3754 460 997 3754 3755 3754 3755 3754 3754 1268 3754 993 998 997 3755 998 997 3754 1735 3754 3755 3754 1268 3754 3754 1268 3754 3754 998 1268 3754 724 3754 3755 3754 3754 3754 3754 998 3755 3756 3754 3756 1219 3754 3755 1219 3756 3754 3754 3755 3756 3756 3754 3755 1219 3756 3754 3754 3755 724 3754 3754 3754 3757 683 455 176 455 3754 1603 3754 998 3754 724 3754 3754 3754 3754 3754 3754 3754 3754 3754 326 3754 2559 3754 1584 326 3754 326 326 3754 3754 3754 3754 3754 3754 3754 3754 997 3754 3754 997 3754 2559 2559 3754 3754
553 3758 3759 1637 164 169 3762 3758 3759 17 3759 641 2671 903 641 641 3758 3759 3758 3759 2952 3761 2737 164 1240 641 164 3761 3761 164 3760 3761 164 3760 3761 164 3758 164 164 164 3760 164 164 3760 3761 3760 1618 125 3760 3761 164 3760 3760 164 164 3760 3760 3761 1618 164 3761 164 1608 619 3761 164 3760 1240 54 1662 2671 3761 164 3761 1240 2671 1662 2671 3758 3759 3759 3758 3759 3758 3759 2490 2490 3758 725 2490 3758 3759 3758 1662 54 3759
554 432 1227 3763 494 432 2278 555 273 3763 1227 643 3763 3764 1131 2546 2278 273 3764 3036 3764 1301 495 642 392 1895 3036 3763 3763 273 3763 3763 3764 428 3765 436 555 1974 2546 2278 1301 555 2278 3036 251 2725 293 707 1694 1647 1995 303 1245 2278 1734 2278 1797 2033 2725 697 2 586 27 2278 11 2546 2278 1974 54 2670 1797 709 2278 2 1797 27 2278 2643 2278 1974
555 661 142 492 492 3766 3766 3766 3766 492 3766 142 3766 3766 493 106 3767 3766 3766 3766 3766 3766 3766 3766 492 3766 3766 492 3766 3766 3766 134 492 1291 3766 492 450 3766 450 3766 134 381 3766 381 3766 381 3766 450 552 139 1291 3766 492 1616 381 139 2231 3766 381 3766 449
556 673 3770 3770 3770 3770 3770 3768 3768 3770 3770 651 3768 3769 3768 3770 3768 3769 3768 3770 3770 3768 3769 3770 3770 3769 3768 186 3770 3769 3770 3768 3769 3770 3769 3768 3770 3769 3770 3769 186 3768 3769 3768 3770 3769 3770 3769 3768 3769 3770 1827 3769 3769 3769 3768 3768 3770 3769 3770 3768 3769 3768 3769 3770 3770 3770 3769 3768 3768 3770 3769 3770 3770 3769 3770 3769 3768 3770 3768 3768 3768 3768 3770 3770 3770 3768 3770 1719 3770 3769 3770 3769 3770 3770 3769 3768 3770 3768 3770 3770 3768 3768 3770 3770 3768 3768 3770 1400 2594 3770 3768 3770 3768 3770 3770 2017 3770 3768 3770 3770 3770 3768 3768 3770 3768 3770 3770 3768 3770 3768 3770 3770 3768 3770 3768 3768 3770 3768 3770 3768 3770 3768 3770 3770 572 3770 3768 3770 3770 3768 3768 3768 3768
557 11 2714 226 1184 1535 122 530 2858 748 101 1060 287 11 1057 1072 321 165 832 337 609 129 2327 206 606 134 11 548 326 326 555 548 1184 1184 1180 326 121 1094 2637 2596 2637 1190 672 561 285 554 1098 587 2197 1420 456 3138 1799 851
558 935 3771 3772 258 1356 3771 935 217 3771 935 3771 3771 935 3771 2141 3771 2352 935 3771 721 3314 293 935 721 268 3771 721 1217 3771 721 1207 3771 3314 721 3771 1170 1507 3771 293 721 3771 721 377 182 832 1507 293 3771 3314 2795 3771 30 3771 3314 3314 721 3771 3314 721 3314 721 293 1307 935 293 45 293 3314 721 1480 1395 463 1180 357 293 3314 3771 935 3771 413 721 1319 3771 721 3771 293 557 531 2571 2571 217 3408 2352 2352 392 217 305 1698 1735 3401 182
559 3773 3774 3775 1245 664 2906 3773 3774 3774 3776 3774 777 3773 3775 3773 3774 3775 3776 268 2855 3773 3777 134 659 3773 3774 3775 583 3775 3773 3777 3773 3774 3773 777 3773 3773 2410 777 3778 3777 305 3776 3777 3773 1263 3775 1307 169 3776 3773 3774 3777 3773 3776 3773 363 3773 3774 3775 3776 3776 3773 3777 665 132 3773 3774 3776 2083 3773 3773 3773 3773 3773 3773 1493 3660 3773 3774 3773 3774 3773 3773 3774 460 206 3776 3775 3777 3773 3776 3773 3775 1245 3777 299 3775 1461 3777 45 1596 377 659 3776 597 3775 981 978 484 981 1359 3777 2309 1833 362 3777 362 1226 2502 402 1882 1717 3775 3714 126 3615 2040 675 2040 2040 2040 67 2460 763 763
560 2717 2717 260 4 1178 2717 2717 2717 2717 2839 1178 2839 2717 2717 2717 2839 2717 1378 1892 1178 2944 2717 2717 2717 2717 169 2717 2839 52 3030 1178 2944 2717 2717 1178 2717 1695 2717 1695 2717 1695 1695 2717 2631 1695 1695 2839 950 209 2717 2839 401 1695 1695 1416 1695 1805 1178 209 1695 1695 1789 1695 1695 1164 1167 1913 1016 1695 1695 1018 407 1646 2011 3779 1930 1695 1079
561 1659 1216 1233 1659 1216 1233 1659 1216 1233 2722 1659 1233 665 1659 1233 2043 1233 1216 1659 1659 1659 2761 1976 2722 1216 1526 864 1233 1233 2022 1216 1659 1659 1659 1888 1233 2022 1216 1659 1233 2067 2067 1659 2761 268 1659 1233 243 1659 1233 1216 299 924 449 1216 1216 1659 1233 1659 2022 1233 1216 1659 1659 1659 2761 169 1233 1216 1659 1233 1216 1659 1216 1216 1659 2782 1659 1216 1659 1888 158 1 1124 2087 1232 1659 1233 1659 1233 1234 2761 2022 626 122
562 1101 2860 957 1096 1101 558 261 1815 2860 456 24 1840 1101 786 25 1083 209 558 541 2591 2238 2244 471 957 992 1083 2591 1688 263 751 257 475 1694 468 1762 1005 969 2860 52 2860 1779 2860 1101 1840 963 474 2860 1357 1840 2117 474 64 1799 456 569 285 569
563 2867 2867 2867 392 2867 2705 2867 2202 2867 2867 2867 2867 2867 2867 16 2867 2867 1806 2867 235 2867 2867 2867 251 70 2867 460 2867 2867 2867 2867 2867 2867 2867 460 2867 2867 2867 2867 2867 2867 2536 2867 2867 2867 2867 2867 2867 1806 2867 2867 2867 2867 2867 2705 2867 2867 2867 2867 2867 2867 2867 2867 2867 2867 2867 362 2867 1 2867 2867 2867 326 2705 2705
564 2707 3780 1936 2707 3085 3094 1394 3283 2707 3780 2707 3780 2374 3085 3780 3780 88 3085 3283 3780 3085 3283 2707 2707 3085 3780 3085 3780 1914 3283 864 210 1719 3283 2707 3780 3085 3283 3085 3088 2707 3780 3780 3085 2707 626 3283 3085 3085 3780 587 3088 3085 3085 2707 3283 2707 3780 169 2707 2011 2707 3088 3283 2707 1478 3283 2707 810 2707 3780 3283 3085 2707 3780 3283 72 3085 2707 3085 3085 3085 1295 1478 2707 2707 3780 2707 827 2707 3780
565 887 2047 887 2198 887 887 1095 887 887 855 887 887 1624 2198 887 2037 2198 1937 887 2450 1542 2525 855 1010 1154 1010 3041 855 887 887 887 2047 1062 887 887 960 2461 887 887 1010 1062 1937 2198 887 2047 1542 2198 887 887 887 3041 855 3126 887 21 2198 2856 1010 887 887 2209 2047 2949 321 887 2461 887 887 887 957 887 887 887 887 887 887 106 887 2198 2198 887 887 887 887 2198 887 887 2198 855 887 887 2198 3138 855 1010 459 2011 2198 2198 2198 2198 391 855 1142 749 14 2198 2465 2047 2198 746 14 2198 2198 2198 2198 2198 252 3041 2198 1095 746 2198 2608 2047 1826
566 460 551 327 825 319 2656 231 458 1697 324 318 231 1697 324 319 318 551 327 825 458 3781 231 1697 324 319 458 318 551 327 825 3781 231 1697 324 319 458 318 551 327 825 3781 1697 324 319 458 3781 231 318 551 327 825 1697 324 319 458 3781 96 231 318 551 327 825 1697 324 319 458 3781 2596 231 318 551 327 825 1697 324 319 458 3781 461 231 3781 3781 3781 3781 3781 397 1000
567 3782 2014 125 83 687 3782 2057 3782 3782 212 665 212 990 2604 3782 3782 3782 73 3784 1219 148 1 3782 3782 3782 874 3782 3782 3782 3782 3782 2604 3782 3782 3784 3782 3782 2014 3782 3782 3784 1451 67 3098 2881 2761 2035 206 3784 3782 3782 67 206 2881 2035 206 67 3784 67 3782 3782 3782 2035 206 3784 3782 3782 3784 3782 3784 206 67 3782 647 3784 3782 72 67 3782 3782 206 67 3782 3782 3782 3782 72 206 3782 2604 3782 2437 3784 2604 3782 3782 206 3782 2437 2437 3782 1827 3782 67 3782 62 3784 875 2604 3782 3784 2604 3782 3782 3782 697 1977 874 3783 3784 1219 1 1 67 1581 3782 1319 691 3782
568 169 397 398 169 465 299 449 299 169 804 1517 465 2011 1470 83 251 402 127 251 465 306 549 138 169 1017 169 465 169 460 2281 169 87 1132 115 465 2011 465 321 67 465 561 252 465 561 971 465 138 58 1451 460 622 10 1926 1366 3785 712 585 157 157 210 456 402 383 1392 449
569 67 305 30 1365 1451 140 1372 317 1830 1830 317 30 317 250 317 2013 317 3786 317 115 3786 3786 317 305 2125 991 3786 3786 30 169 3786 3786 3786 275 539 874 70 30 126 3786 966 3786 3786 3786 3786 296 3786 2725 83 30 169 622 1981 3786 3786 2028 317 30 2594 1717 829 157 340 2273 539 1020 1 2580 73 691
570 3787 3184 3184 3184 3184 2679 3787 3184 3787 3787 3184 3787 3787 3184 3184 460 3787 3787 3184 3184 2679 3787 3787 3787 3787 1 3184 3788 3184 3787 3529 3184 3184 2679 1851 3788 3184 3184 3787 3787 3787 2693 3184 3184 3787 2679 3787 3184 3787 3787 2693 109 3787 3788 3184 3787 3184 3184 3787 3787 1851 2679 3184 3787 2693 3184 3184 3787 1851 3787 106 11 2571 2679 3184 2679 114 3787 3787 3787 1851 3788 3787 3184 3787 3184 3787 30 3787 3788 3184 3787 2679 3787 3788 3787 3184 3787 3788 3787 3787 2693 3788 3788 3184 2613 3787 3787 3184 3787 3787 3787 3184 3787 3787 3184 2679 3787 3787 3787 3184 3788 3787 3184 3787 3328 3184 2693 3787 3787 3787 3787 2679 3787 3184 2679 267 3787 2693 109 3787 559 2613 2069 1851 3787 3787 1853 3787 3788 3184 3787 2693 3787 109 403 3787 3184 3184 3787 3787 3787 2693 3788 3184 3787 3787 402 3184 3184 3787 3788 3787 383 3787 3787 1851 3184 1061 3787 3787 3788 1851 2679 2253 1370 2693 3787 2571 3184 2679 2693 117 3787 2679 3787 3787 3184 167 185 3787 3787 3787 3184
571 860 11 2713 860 860 392 860 11 1 1095 1038 1109 860 817 3789 3789 817 817 3789 3325 955 955 24 323 817 3789 2713 3197 817 3789 498 498 1943 269 531 962 3789 817 696 86 860 2713 515 2713 1547 1740 860 11 11 11 2713 817 3789 817 2256 817 3789 3789 817 1557 2047 2710 415 1392 498 3789 817 1548 1759 11 860 2883 805 1392 11 11 1759 291 860 2186 11 564 654 2425 2713 860 1547 506 1759 2425 860 2036 515 506 1392 860 2713 860 1549 1212 413 556 2714 2425 11 2425 506 515 1105 2713 2425 69 256 256 470 288 506 11 1759 2425 515 1525 1547 1297 515 11 291 860 83 860 2204 1759 860 932 2 415 1548 860 2714 440 860 2713 860
572 1293 3792 1293 3791 3792 1290 1293 1298 1293 3792 3792 3793 3790 1293 3791 1293 3790 3792 1298 3792 1298 1293 1290 3792 3792 1293 3792 1293 3792 1293 3792 3792 3792 3790 3792 3792 1290 1293 1293 3790 3793 3791 3793 3792 3792 1293 3792 1293 3790 3792 3791 1290 3793 3792 1293 3790 3792 3791 1293 1290 3790 3792 1293 3790 3792 3792 3793 1290 3790 3792 3791 1293 3792 3791 1293 3792 3790 1293 3792 1293 3792 3792 1290 3793 1293 3790 3792 1290 3792 3792 1290 1298 3792 3792 3792 3791 3792 1293 3792 3792 3793 3790 3793 1293 3790 3793 3792 3793 1293 3791 3792 3792 1293 3792 1293 1293 3792 3792 3791 3792 3792 3790 3792 3792 3790 3792 3792 3793 3792 3792 1298 3793 3792 3792 3791 3792 3792 3792 3792 3792 3792 3793 3792 1293 3793 3792 1293 3792 3792 1293 3790 3792 3792 3790 3792 3793 3792 3792 3793 3792 3792 3792 3790 3792 3793 3792 3792 1293 3793 3792 3792 3792 3790 3790 3792 3792 3792 3792 3792 3792 3792 3790 3792 1293 3792 3792 3792 3792 1293 3792 3792 1293 3792 3792 3792 1293 3792 3792 3792 3792 1293 3792 3792 3791
573 1126 1126 2449 3794 1894 2709 955 1126 3794 1126 1104 392 26 1126 1059 1126 1013 321 580 1126 1126 1126 1126 1126 971 100 1694 26 1126 1898 1088 1173 1227 330 1013 96 1126 1171 471 2208 1126 548 1126 1126 1506 1126 1891 422 942 391 1506
574 1638 1692 1036 1638 983 1036 440 1036 1692 1036 1638 1638 1036 936 3476 1638 1036 1692 1638 1036 267 1638 1036 2806 1692 1638 586 1636 1638 1638 1036 470 1638 1036 1638 1036 1638 1365 1692 1907 1638 1638 1638 1036 1638 1036 1638 1638 1638 1036 1638 1638 1638 1636 1636 1638 1692 1638 1638 1638 2218 1207 1638 738 360 1638 473 1172 2814
575 1618 583 1142 148 188 3795 3795 835 723 3795 3795 3795 3795 3795 3795 3795 3795 3795 3795 3795 3795 3795 3795 987 147 987 3795 147 3795 3795 900 727 952 3795 3795 2965 3795 3795 442 3795 3795 3795 3795 3795 1401 3795 3795 442 3795 3795 3795 3795 3795 3795 3795 442 3795 3795 3795 1949 3795 337 993 337 832 987 3795 3795 3795 3795 3795
576 22 1178 2512 2512 2512 169 2512 1943 1306 2512 66 2642 2512 1858 2641 2154 389 2889 204 875 2442 1178 389 2642 2512 1178 3796 2512 3796 47 2509 2509 2512 2512 256 2641 1306 2512 1178 2642 377 66 3040 60 385 2161 2512 1704 2512 1178 1306 178 3796 3796 2509 2512 1178 3796 2642 66 2641 2642 3796 2512 2154 2512 2642 58 2512 2512 71 2641 2041 2512 2642 540 2512 2512 2641 1122 1068 2512 2512 2512 730 2512 3796 385 1579 2512 1178 2512 2154 3796 1178 2512 139 613 412 70 1178 45 1943 1027 2512 1178 1131 1507 205 878 1305 1947 1453 3796 2642 2628 2509 62 45 2512 2509 2512 58 875 2694 3796 2642 1943 2512 2512 2642 256 712 2509 389 2512 2512 256 712 389 2130 169 2512 2642 2512 2642 3796 3796 2130 875 1178
577 1743 580 208 1596 391 2571 1735 391 2943 965 683 3797 1184 2473 391 2862 133 155 962 531 1061 1178 1356 1906 2511 3797 208 1596 1 2473 391 20 2100 1786
578 1803 1803 1803 989 52 685 1414 1829 1803 989 1803 2885 1803 52 1803 52 682 1803 52 52 682 1606 52 2885 1803 52 3798 1803 52 1606 1803 1803 52 1803 52 1803 989 1803 52 1803 52 1803 682 1829 1803 2885 1828 989 52 682 1803 353 52 989 514 2885 1803 52 1803 52 1606 989 682 1803 52 333 52 682 1803 1803 2885 1803 52 682 52 1803 52 1803 52 2885 1829 3798 1803 52 1705 1803 52 1803 52 353 1803 52 1029 1803 989 1803 52 1803 52 2885 1803 52 1803 989 2450 1803 52 1825 52 1873 336 1414 1976 1037 52 1245 1803 52
579 1828 50 54 3799 54 442 1230 473 552 523 3799 531 3799 3800 1828 3572 1435 3799 3799 3799 3799 3799 3799 1828 1828 3801 3799 3799 3799 562 1371 353 3799 3799 3799 1828 3799 3799 1536
580 3802 591 600 1090 1089 1024 134 677 461 832 1614 3802 147 147 151 2831 1024 3802 3802 1719 904 910 2610 1024 163 3802 3802 1124 3802 2831 1024 2610 1024 2610 3802 3802 2610 3802 1024 2610 1024 2610 771 1614 163 3802 2610 2580 1694 3802 1578 1024 2610 2178 3802 3802 3802 3803 3802 2831 1024 2610 1090 3802 3802 460 460 151 52 1024 2610 868 352 3802 3802 3802 3802 832 3802 3802 3428 1319 691 3802 3802 3804 2831 1024 2610 1024 2610 2474 1124 600 1221 1024 2610 3428 3802 3802 3802 2831 1024 2610 1024 3802 3802 461 3802 2580
581 3805 3579 311 3017 3579 42 3016 3805 908 3808 3805 3806 735 42 3805 735 3805 54 908 54 3805 3015 3805 3017 3015 3805 3806 3805 668 3805 3661 3805 3015 42 3805 3805 735 3805 232 3005 3015 3805 1945 3661 3805 735 3806 3805 3015 3805 3805 3017 3805 3805 3805 3805 735 3805 3015 1993 662 3805 3805 1999 908 3805 3016 3805 3805 3805 3805 735 3805 735 735 106 735 3015 3805 735 3805 3805 3805 3806 3806 3806 3806 50 455 3805 186 518 765 3805 3808 3016 3805 3017 3806 3805 1999 3805 735 3806 3805 2276 552 3015 735 3805 3805 3015 186 552 3805 42 3805 3015 735 3583 3805 735 1662 3805 54 3805 3579 3805 912 3016 735 3805 3806 54 53 709 392 3583 3015 735 442 3805 912 442 3805 50 908 912 442 735 3805 54 552 3805 3805 588 735 3805 3805 54 3805 3015 3016 3805 912 3805 54 211 777 3805 735 908 2170 682 3805 54 735 348 828 3805 912 3809 3805 908 186 455 777 3805 513 682 3805 3015 682 54 3805 912 3016 908 3805 3805 912 912 54 3806 341 3805 908 3015 54 941 158 912 3583 3016 3806 682 54 3805 3806 54 908 3805 54 3805 361 3805 341 3805 3750 3805 3805 3540 3805 3805 3805 3805 54 908 3805 3805 3805 912 3805 3808 3805 42 3805 912 3806 3808 2784 3805 3808 3805 3806 3805 3015 3807 3805 3015 3805 3805 42 904 3805 455 54 42 3805 3015 3805 912 3806 3805 912 3805 3805 3805 3805 3805 42 3805 3805 3805 912 912 908 669 3805 3805 3805 908
582 188 164 54 3810 3810 3810 3810 3810 2330 3810 523 1359 523 1512 3811 3810 3810 3810 3810 523 3810 2559 3810 188 3810 3757 3810 345 364 2330 523 3810 2093 3811 523 3810 1 3757 1359 523 523 523 523 523 1359 523 523 2363 3810 362 1 523 1359 3810 3810 3810 523 523 523 1359 364 523 523 1359 523 523 523 2330 523 523 2363 1900 523 1900
583 3812 3813 3812 3813 3812 3813 3814 3814 3814 3812 3813 3814 3812 3813 3814 3812 3813 3812 3812 3813 3812 3813 3812 3813 3814 3812 3813 3814 3812 3813 3812 3813 3814 3812 3813 3814 3812 3813 3812 3813 3812 3815 3812 3813 3815 3812 3813 3812 3813 3812 3813 3813 3812 3813 3812 3815 3812 3813 3813 3812 3813 3815 3813 3812 3813 3812 3815 3815 3813 3812 3813 3812 3813 3812 3813 3813 3812 3813 3812 3813 3812 3813 3812 3813 3812 3813 3812 3813 3812 3813 3812 3813 3812 3815 3813 3812 3813 3812 3813 3812 3813 3812 3813 3812 3815 3813 3815 3813 3812 3812 3815 3813 3812 3812 1333 3813 3812 3812 3813 3815 3812 3813 3815 3813 3812 3812 3813 3812 3813 3812 3813 3815 3814 3814 3813 3812 3813 3812 3813 3812 3813 3814 3814 3812 3813 3812 3813 3815 3812 3813 3815 3814 3812 3813 3812 3813 3813 3812 3812 3812 3812 3813 3812 3813 3812
584 1206 3817 1349 1206 1206 3824 1206 3817 1206 3817 3820 3822 3820 3824 1206 3822 3823 3823 3816 3820 3816 3816 3821 1206 3817 3823 3816 3816 3821 3817 3816 3821 3816 3816 3816 3821 1206 3823 3820 1206 3817 3820 3816 3823 3820 3819 3819 3822 3821 1206 3817 3816 3824 1206 3819 1206 3823 3823 3819 3820 3822 3816 3816 3821 1206 3821 1206 3817 3816 3821 3817 3822 1206 3821 1206 3816 3822 1206 3824 1206 3816 3823 3821 1206 3819 3820 3821 3824 1206 3816 1206 3817 3819 3820 3821 1206 3822 3816 3821 1206 3820 3816 3817 3821 1206 3817 3819 3818 1206 3823 3819 3821 1206 3820 1206 3824 3817 3817 3817 3822 3819 3824 1206 1206 3819 3816 3824 1206 1206 3817 3817 3824 1206 3817 3818 3824 1206 3817 1206 3817 1206 3817 3816 1206 3817 3821 1206 3817 1206 3817 3822 3824 1206 3817 3817 1206 3817 3819 3821 1206 3817 1206 3821 3817 1206 1206 3819 1206 3817 1206 1206 3817 1206 3819 1206 3819 3820 3818 3819 1206 3817 3817 3819 3818 3818 3822 1206 3822 3816 3818 3823 3816 3819 1206 3822 3823 3822 3816 3822 3818 3823 1206 1206 3817 1206 3823 3822 1206 1206 3816 3818 3818 1206 3819 3818 3822 3822 1206 3818 3819 3820
585 2689 383 503 90 27 1167 503 235 258 377 377 810 377 503 1827 555 503 2159 2858 810 325 305 3030 2858 274 377 255 3030 2178 242 256 377 1041 282 503 1254 255 377 503 515 377 258 377 255 3227 96 1393 503 946 377 515 862 274 469 946 3252 503 1227 362 3252 255 515 258 1167 2217 2159 1414 1548 383 383 526 607 1414 252 205 383 680 383 2569
586 526 90 81 209 680 1270 1167 1789 886 2222 776 1753 1280 554 102 84 3825 1474 246 104 322 73 2889 1509 3105 3407
587 1525 1353 862 2618 251 73 1561 288 1530 1095 895 1525 1528 1525 1528 1528 1561 1441 1441 1996 1996 3325 1872 1556 1926 3325 88 709 1629 101 1082 1525 550 1227 1629 460 1525 1353 1188 1448 1935 1832 99 288 2685 1872 2618 1941 1525 11 295 1577 99 223 1121 329 83 1142 1685 816
588 2602 2602 667 2602 3827 3828 2602 1135 3827 3826 2602 3826 2602 3827 1655 1656 2602 3830 3828 3826 3830 3827 2602 3826 3830 3826 3827 2602 3830 3826 3826 2602 2602 2602 3828 2602 2602 3827 2602 3827 3826 3827 2602 3826 1135 3828 3828 3830 2602 3826 3829 3827 3830 3826 3829 2602 3829 3830 2602 3828 3826 2602 3827 2602 1332 3827 3830 2602 2602 362 3830 3827 3830 3827 2602 3827 3830 3827 2602 2602 3826 2602 3827 3826 3826 2602 3827 2602 3830 2602 2602 3830 2602 2602 3827 2602 2602 3830 2602 3827 2602 607 3827 3826 2602 2602 2602 494 726 3827 3826 2602 2602 3828 3826 3829 2602 2602 3828 3828 2602 3829 2602 3828 3829 2532 3830 3827 2602 3830 3829 2602 3829 3827 2602 3829 2602 3829 3827 2602 3829 3830 3829 3829 2602 2602 2602 3827 2602 2602 2602 3829 3826 2602 3829 3827 2602 2602 3827 2602 3830 2602 3827 3829 3830 3829 3826 2602 3829 2602 3826 3829 3826 2602 3829 2602 3829 2602 2602 2602 3829 3830 3829 3829 3830 3827 3830 2602 3828 3827 3830 2602 3826
589 2790 917 550 3832 3832 3832 3832 917 3832 917 917 3832 3832 3832 3831 3832 3832 550 3832 3831 3832 3832 3831 3832 550 3832 3831 3832 917 3831 3832 917 211 329 54 3831 3832 3831 3832 3832 3831 3832 917 3832 3832 3831 158 917 3832 3831 11 3831 3832 917 11 158 917 2330 3832
590 1924 3833 1062 1856 1924 651 2473 1093 2473 1079 3833 1856 397 1079 2374 714 421 969 322 3833 1856 3833 1079 3833 1856 1856 460 1079 648 1994 2124 1937 289 3833 1856 1131 3834 2687 1079 3833 1079 3833 981 129 2344 3833 1856 746 1856 2101 3833 283 2068 2687 210 210 1926 1414 2068 1060 2068 1856 1970 1856 3833 1856 3833 1856 1342 3833 1856 796 1414 796 3833 1856 1832 3833 1856 1802 1970 1856 460 1116 460 3833 1856 3833 1062 1062 1856 1116 460 2374 3833 363 3833 1994 3833 1343 3833 1937 969 1060 3833 3833 1856 716 1062 1994 1970 1856 422 1395 1433 1994 3833 1994 1994 1177 796
591 385 1284 176 2775 42 3835 3835 3835 3835 3835 42 3836 42 3836 3835 3836 3837 42 3835 3835 42 3836 42 3836 3836 3837 3836 3837 3836 3835 3835 42 2776 176 176 2776 2776 42 3836 3835 42 3836 3835 42 3837 42 3836 3836 3837 42 3836 3836 3837 42 3836 3835 3835 3835 3836 3837 42 3835 3836 3837 42 3836 3835 3835 42 3836 3835 3836 42 1364 176 176 2776 42 3836 3836 3837 42 3836 3835 516 3835 3835 3835 3837 42 3836 3835 3835 3836 3837 42 3836 3835 3836 3837 42 3835 3835 3837 42
592 3844 3839 3841 844 2510 600 125 3845 3838 465 3840 3839 3841 600 844 3844 3840 3839 3841 125 844 125 600 3839 3843 465 1665 3840 3839 3841 600 125 600 125 3841 2309 3844 3840 3839 3839 844 844 125 3841 3838 3839 3843 465 1665 3842 3840 3844 1119 3840 3841 600 3844 3840 3838 3840 3839 3844 3840 3839 3841 600 125 844 2511 3838 3840 3839 3843 465 1665 3839 3840 3839 3841 600 125 844 125 3841 600 1435 125 844 600 3841 3838 3840 3841 3839 3841 125 1172 597 3842 3839 3843 1665 3840 1119 1119 3839 3841 600 125 844 3838 3839 3841 600 125 844 125 3841 3839 3843 465 1665 1665 3840 600 3840 3839 3841 600 125 844 125 3845 600 3844 3838 3842 3841 600 125 844 3841 3840 3841 600 125 125 3845 600 3841 3844 3845 3839 3838 3840 3840 3840 3840 600 3839 3841 600 125 125 3845 600 3841 3839 3843 1665 3840 3839 3841 600 844 125 3839 3844 3840 3839 600 125 844 600 3840 3839 600 600 3841 3841 3839 3843 3839 600 125 125 600 600 3840 3838 3839 3841 600 1730 3843 465 1665 1119 3840 3840 3839 3841 600 125 600 3840 3844 3841 3840 3839 3841 600 125 844 844 125 3838 3840 3843 465 1665 125 3845 3841 3839 3839 3841 125 2511 125 3845 3840 125 3845 3841 3844 3839 844 600 600 3840 3839 3841 600 1730 600 3840 3841 125 1730 844 125 3845 3841 3843 3839 3840 3844 3839 3840 3840 3839 3841 600 125 844 125 3845 3841 3839 3840 3841 600 125 844 600 3840 3841 125 2511 125 3841 1730 597 600 3840 465 3839 3840 3839 3841 600 125 844 2511 125 3845 600 3841 3839 3840 3840 3839 125 844 3840 600 125 1730 3840 600 3843 465 1665 3841 600 125 1730 844 3845 600 3841 3840 3839 3841 125 3840 3839 3841 125 600 125 1730 844 600 3841 3840 3838 3840 3840 1119 3843 1665 3840 600 125 844 3840 3839 3841 600 1730 3840 3839 3841 600 844 125 3845 600 3841 3839 3840 3842 3840 3839 3841 600 125 844 3839 600 1730
593 1909 469 1591 3225 416 308 1758 788 469 526 2934 14 469 416 469 1376 878 744 701 416 1388 416 526 416 969 1245 320 416 2221 469 320 1896 99 1909 416 1041 1011 469 319 895 243 281 319 99 942 469 416 414 416 469 469 469 469 469 252 416 30 416 416 2589 11 469 2722 1898 469 469 469 252 416 469 30 469 1524 1579 469 469 469 1739 581 469 469 469 469 569 469
594 3848 3847 42 3847 3846 42 3848 3847 3846 42 3846 42 3836 3847 3848 3580 3836 3848 3849 3846 3836 3847 3848 42 3846 3849 3846 42 42 3847 3848 3848 42 3846 3847 3848 3846 42 42 3848 42 2776 3580 3849 42 42 3848 42 3846 3849 3846 42 42 3847 3847 3848 3846 3849 3846 3847 3580 3849 3846 42 3847 3848 3849 3849 3846 42 3847 3580 3849 3846 3580 42 3846 3846 42 42 3846 42 3847 3836 3847 3848 3847 3848 42 3849 42 3849 42 3836 3847 3848 3847 42 3580 3846 3849 42 3846 3849 3847 42 3846 42 42 3580 3846 3849 3846 3836 3848 3846 3849 42 3836 3847 3849 42 3848 3580 3846 3849 3846 42 3836 3846 3580 3836 42 3836 3847 3660 2113 3846 42 3836 3847 42 3847 3848 3849 3848 42 3846 3849 3846 42 3836 3847 3848 42 3847 3846 3847 3848 42 3577 42 3848 3849 42 3847 3577 3846 42 3848 42 3846 3849 3847 3848 3846 3847 3849 675 3836 3848 3848 3847 3848 3849 3848 3847 3848 42 3847 3848 3847 3849 3848 3847 675 3847 3847 3848
595 3851 1711 1711 600 775 712 600 3850 3851 3851 3850 1711 3851 3850 3850 3851 3851 3850 1711 1711 3850 924 3850 1711 600 125 169 1711 3850 3850 3656 1711 3850 1711 3850 1711 3656 3850 3850 1209 3850 1711 3850 3656 1711 3850 1711 3656 3850 3850 600 125 3744 59 3850 3656 1711 962 155 2827 600 600 59 2794 59 600 3850 2745 3850 3850 3850 1209 2745 3850 1711 3850 1711 3850 3850 3850 1966 3656 3850 1711 3850 1711 600 14 870 3850 600 1711 3850 1711 1960 1966 3850 1711 600 59 3850 1711 3850 1711 3850 1711 3850 1711 3850 1711 1711 3850 1711 1711 3851 3850 494 3850 1711 1711 3850 59 3850 3850 3850 3656 1711 3850 1711 2906 1616 174 3850 1711 2733 1711 1711 1202 1616 3298 1711 2619 2619 299 299 2619 3850 1711 3656 3850 3850 1711 1711 3850 1711 3850 1711 3850 3850 600 1507 1471 3850 3850 1711 1711 3656 1711 3850 3850 1711 600 14 3850 494 726 3850 3656 1711 3850 1711 2619 299 134 2831 2083 697 3850 1711 3850 3850 1711 1711 3850 3851 3850 3851 101 1711 1711 465 3850 3850 1711 1711 1711 3850 3850 600 2888 689 3850 3850 1711 3656 1711 3850 3162 2416 3850 3850 600 600 1209 1711 600 181 679 600 3850 1711 3850 1711 3850 600 600 3850 1711 1711 3850 3303 3851 600 1507 1507 600 3850 3850 1711 67 59 600 3850 1711 3850 3303 3850 1711 1711 3850 494 3850 3303 3850 3851 3850 3850 3850 3851 1711 3850
596 659 2475 659 2106 659 659 1017 1255 1255 659 2106 659 659 1255 2475 1255 2106 1255 659 1255 659 808 659 2475 140 659 2106 2862 1255 1017 595 2475 140 808 659 1251 659 1255 1255 659 595 140 3430 808 140 659 140 659 659 2106 659 140 1019 659
597 1031 52 3783 477 3783 3783 1479 3783 3783 1155 3783 3783 1031 3783 3783 3783 3783 2208 224 1078 3783 3783 3783 3783 3783 3783 271 1031 205 3783 3783 1031 224 3783 3783 18 3783 3783 1734 392 3783 3783 3783 3783 224 394 3783 3783 1827 3783 1933 1031 3783 3783 3783 169 169 3783 3783 3783 3783 3783 3783 205 205 3783 3783 3783 3783 3783 691 3783 394 1031 3783 2262 1922 3783 3783 3783 3783 1890 3783 3783 11 3783 3783 3783 1890 3783 1511 30 3783 1890 3783 266 1984 3783 2253 3783 3783 3783 3783 3783 3783 3783 3783 3783 1470 1890 3783 392 1550 121 3783 3783 883 126 3783 3783 1 1
598 3105 3852 2628 3853 3105 3852 3852 1170 3852 3852 52 3852 3852 3853 2591 3852 3853 3105 3852 3853 744 3852 3105 3852 3852 960 742 528 744 3852 3105 3852 24 3852 3105 3852 3852 220 52 325 3105 3852 3852 3105 3852 960 3853 3852 3852 316 1 3852 1305 3852 865 744 3852 3105 3852 3852 3853 3852 3105 2591 3852 1011 3852 2863 3852 2863 3852 3852 3852 2863 3852 3853 3852 961 2237 2863 3852 3853 3853 553 2591 3852 2863 2863 2863 3852 3853 3852 2863 3852 3852 3852 3853 3852 2863 3852 389 3852 3852 3019 363 3852 252 3852 2863 3852 2863 3853 3852 119 1639 3852 3853 204 3852 3853 2863 2863 3852 3852 3852 3853 3852 2863 2863 3852 2863 3852 3853 0
599 30 383 1197 1237 1424 1212 2444 2543 1041 90 2934 2149 377 2111 45 989 397 460 460 460 460 1479 2191 67 527 305 18 293 16 296 878 256 1906 579 461 595 1581 1053 14 3854 125 2165 1176 697 1095 169 1301 1183 100 1350
600 377 2075 956 333 2688 377 337 377 377 1145 383 1011 783 377 1145 1951 1145 698 1145 1145 363 1056 1976 248 377 698 377 698 2841 552 558 696 558 1979 1858 1398 962 1810 698 1396 1693 379 698 698 1145 698 362 1145 2841 1145 1145 2841 1696 698 1145 1145 1145 2841 377 377 2040
601 2138 2133 293 45 45 1827 473 2135 2074 2132 357 828 268 2074 2132 1025 188 2132 2074 2132 3855 357 47 45 2133 2132 2133 3855 2133 2132 473 2074 1060 3855 2133 3855 2133 2074 2074 2132 2133 3855 3855 2074 2133 3855 3855 129 3855 788 3855 357 3855 2133 3855 2133 3855 2074 2133 2133 3855
602 3856 42 3856 3856 3856 3856 3856 3856 3856 3856 3857 3856 3856 3856 3857 3856 3856 3856 3856 3856 3857 3856 3856 3857 3856 3856 3856 3856 3857 3856 3857 3856 3857 3857 3856 3856 3857 3856 3856 3857 3856 3856 3857 362 1651 3856 3856 3856 3856 3856 3856 3856 1827 3856 3856
603 22 3858 3860 3858 3858 3858 3858 3858 3858 3858 1314 3858 3858 3858 3859 3858 3859 600 2774 3858 3859 3859 1964 519 1965 259 3859 3859 3859 2533 3859 3859 3859 3859 3859 3859 3858 3858 3858 3858 3858 3858 3858 3858 3858 1949 3858 3858
604 2300 226 226 226 226 226 226 115 226 226 226 226 3367 3367 604 3367 624 115 3367 115 226 115 604 226 1694 115 226 226 3367 226 604 115 226 115 821 226 624 604 821 226 604 604 226 821 226 115 3367 226 3367 226 604 226 624 821 3367 115 604 3367 226 226 115 226 821 3367 115 226 226 226 226 226 226 3367 115 604 115 624 821 604 226 226 115 226 115 226 604 821 604 226 226 226 604 3367 226 226 3367 226
605 3861 3861 3861 1062 2174 3861 3861 420 3861 3861 3861 3861 3861 1062 3861 3861 3861 3861 3861 3861 420 3861 3861 1062 1926 392 1025 3861 1062 3861 3861 1026 1385 3861 559 409 212 3861 3861 3861 351 3861 3861 1389 3861 294 3861 3861 420 3861 3861 3861 3861 3861 122 1389 3861 420 3861 3861 222 3861 3861 1468 3861 1401 67 2476 2066 2112 1468 1389 1389 448 409 1389 1389 1025 388 11 77 858 388
606 3432 1196 1196 507 800 1196 1196 129 1639 1196 138 140 1204 1196 3862 140 3297 1729 1249 140
607 3864 3864 783 3864 1857 3864 227 3864 3864 3864 3863 3864 3863 3863 550 3863 1165 73 3863 3864 3863 2062 3863 368 3863 3864 230 230 3864 3863 3864 1177 3863 3864 3864 169 3863 3863 3863 70 64 106 106 3863 3863 3864 1377 3863 3864 3863 2690 3863 2065 3863 558 2062 3864 3864 3863 1110 70 955 3863 368 11 3863 3863 3863 3863 3863 3864 3864 3864 1975 1165 3863 70 3863 2068 326 1159 106 3863 3863 3863 3863 3863 169 106 3863 3863 3863 3863 2273 106 106 3863 3863 3863 3863 3863 3863 3863 3863 3863
608 1195 1791 2622 1118 2622 2622 106 230 1118 2570 1798 1798 1118 106 1118 363 1342 1147 1195 96 1118 299 808 106 1242 3865 950 1243 1243 1242 499 1398 3865 100 935 101 106 106 230 106 3865 3865 106 311 3865 106 311 106 1195 3865 2229 2130 3865 802 311 106 106 106 230 487 1201 1592 2069 3865 3865 1243 3865 3865 134 230 106 230 1243 3865 3865 171 3865
609 3866 3866 1013 3866 3866 1013 1173 325 1579 24 786 460 1013 1088 786 2096 968 1013 2197 1013 1088 1682 1013 3866 1013 1013 3866 3866 2197 1013 3867 3866 464 1013 1013 3866 1013 3866 1013 3866 2357 1013 1810 96 1182 2197 1810 1827
610 3868 2641 3869 963 2641 768 3869 2641 3040 783 1037 3868 3868 3869 3869 3868 3869 3040 2641 3869 3869 3868 3869 2641 3869 3040 3868 2641 3868 3868 2641 3869 3869 3868 310 3869 3869 2191 67 3869 336 783 3868 2641 3869 3868 2641 3869 3869 197 3040 3218 783 471 783 3040 749 3868 321 3869 1760 3869 3869 266 3869 3869 3869 3869 3868 783 783 3040 2373 1694 3869 3868 2641 3869 2641 3869 2373 3869 3869 3218 3040 2641 3869 3869 3040 3869 12 3869 2641 3869 3869 3869 3868 3869 3869 3869 2641 2641 544 366 183 3040 3218 3040 3868 2641 3869 2641 3869 2641 1 3040 2641 100 171 2641 3040 2641 783 3218 1979
611 101 783 45 66 268 76 3324 3870 1078 3324 3870 1857 3324 398 3324 1019 3870 3324 3870 3324 545 3324 3870 3324 1122 1374 3870 3324 3324 3870 45 1172 3870 3870 1019 1742 3324 3870 2473 1510 47 3870 101 3324 3870 377 1516 883 3870 1172 3870 1510 883 3870 17 1082 844 3870 1560 3870 519 3870 1743 2592 3870 804 2450 181 3324 3870 67 527 3870 527 3870 1743 2720 1910 2510 2510 67 2035 3870 851 3870 527 3870 1362 3870 1241 51 279 527 2450 3870 1519 1516 2192 595 3870 3870 3870 305 1079 1439 3870 2031 844 1769 3870 91 3870 844 169 2469 1101 3870 101 267 336 101 3870 52 3870 3870 3870 3870 3870 1510 1906 203 3870
612 3871 3871 315 1026 112 3871 3871 1470 3871 2738 3871 112 3871 112 112 3871 3871 1108 1742 3871 3871 2738 1366 45 388 2738 3871 3871 112 1108 3871 3871 125 3871 114 3871 393 2738 1400 515 112 112 125 112 198 3871 2738 3871 112 112 2738 169 2738 3871 112 3871 112 290 1805 413 112 3871 2738 112 3871 112 1805 112 3871 1378
613 1067 1517 444 1795 1045 1102 1067 1067 2541 1795 1105 3325 1067 2356 2588 950 209 1805 1548 218 3325 1067 1067 414 1549 2643 1167 680 505 2220 2510 796 3187 853 3187 853 853 853 853 1974 209 853 420 404 1925 11 11 0 1548 2510 853 3197 853 476 2643 1983 1 362 421 853 2643 6 408 11 1366 1154 1105 3325 803 2280 1751 1753 1548 3325 574 853 1414 1
614 268 279 45 2702 306 1187 268 45 2702 1187 268 45 2702 268 45 2702 45 2702 268 1596 2030 268 45 2702 268 45 2030 1187 1348 2702 2030 1187 279 45 2702 3664 45 3872 3664 45 2702 47 306 45 2702 1187 45 2702 3872 3664 1187 1857 45 2702 268 3872 1187 279 45 2702 2030 73 1187 3872 3664 45 2702 45 2702 3664 3872 3664 3872 3664 268 45 2702 1187 3872 3664 2030 1187 3872 3664 1187 2030 3664 45 2702 3664 1187 2030 3664 2203 45 2702 3872 3664 2030 1187 3664 2030 3664 983 122 403 45 2702 3872 2030 1187 2030 1187 1187 577 1187 47 305 403 606 306 3872 1187 1187 268 306 1187 1012 45 2702 2932 310 1983 268 306 403 279 1348 501 306 1583 306 675 1187 306 1187 1187
615 3873 3873 1215 3873 1214 1626 515 1626 122 1089 1626 1626 1291 205 1559 162 2412 3873 1626 3161 1626 2104 1626 3161 3873 2039 3873 1626 3161 3873 2412 913 3873 1626 3161 1304 2145 205 1532 886 1304 3161 1291 1626 1304 1626 2036 1214 3873 3873 3161 1626 122 3873 3875 3873 2412 3875 2412 3873 3875 1214 3873 460 3873 106 3875 1214 1626 3161 1626 2410 3873 1215 2036 3161 1626 2036 2104 3873 3875 3875 3708 1626 2036 3095 3873 3875 2412 2036 3161 875 2970 2036 515 1571 3875 3874 3873 3875 3873 2412 3873 1218 3873 460 2412 3873 1581 1215 3873 1218 2410 3874 3873 3875 3874 3873 3874 2412 3875 3874 3874 1552 3874 3874 1218 3541 1233 1216 3874 3874 3875 3873 2412 3875 3873 829 2039 1214 3874 1216 1220 913 515 506
616 3764 427 3877 494 726 3440 688 600 427 427 3877 3764 138 1390 1 230 3877 3763 3877 427 3881 3877 3876 3877 3880 949 211 3880 3877 3877 427 3881 3876 427 3876 3881 427 3877 3877 3878 3877 3881 427 3881 427 3876 3877 3881 3877 494 495 3877 3877 3763 600 3036 600 3880 3880 3880 3117 3763 3877 3878 3877 3764 427 3763 3877 3878 3877 3877 3877 3763 600 2278 3036 273 600 3877 3878 3877 3880 3763 600 3036 600 3763 600 3876 3877 3763 3878 138 45 138 3763 3877 3876 3880 3877 3878 3877 427 3881 3878 3877 3877 3878 3877 494 495 642 3877 600 392 1895 3877 3877 3763 600 3036 600 3763 3880 3877 138 45 321 138 3877 3117 3877 3878 3877 3881 427 3880 600 600 3877 3878 3878 3876 435 3876 600 600 3877 3880 3763 3880 428 3877 3880 3876 427 3880 3765 3877 3877 125 125 125 600 3764 3876 3765 3877 3764 3880 3765 3880 3763 600 432 3881 427 432 3404 600 545 125 600 3876 3877 3880 3765 3763 3881 427 14 1068 125 3877 3880 3765 3763 600 1095 3877 3764 3763 3765 3877 427 3877 600 3877 3880 3765 138 3765 3877 211 3763 3877 432 3764 3763 3877 3763 432 3879 3763 3765 3880 3877 3881 3876 3880 3765 3765 3877 3881 427 3877 3764 1095 3877 3880 3765 3763 1095 3880 3877 432 3882 3404 3880 3765 3877 3763 3881 3765 3880 2278 3036 3236 85 3765 3877 3765 3763 3877 3764 3877 3880 3765 3880 3765 3117 3877 432 427 3881 3877
617 461 1858 397 1226 315 546 546 1475 278 1059 1179 67 18 287 557 1813 212 3787 268 377 305 3064 550 1094 2423 11 1089 1236 569 2222 207 549 2102 1859 570 1190 1039 2502 2772 90
618 169 52 305 2884 2884 169 3883 3883 2749 169 676 2884 1435 1435 339 2884 169 2884 169 3364 3364 3364 3883 2749 2884 339 499 3364 3883 2884 1907 470 664 363 2884 339 1654 2749 2884 470 1435 169 1435 3883 465 3884 169 3364 3364 3883 1767 3883 2749 2874 169 2250 2479 169 3364 3364 3883 1435 1435 544 3884 664 3884 2884 339 47 3364 3883 3364 3883 1755 3364 2749 2874 339 2884 3884 2435 3364 356 600 3883 1654 3359 3883 2749 2874 673 3884 259 3884 3883 3884 664 3883 3883 169 3884 339 664 3884 2749 3884 3884 1435 67 2884 3883 1435 3364 310 2749 106 230 11 3884 3883 3883 3884 169 3884 664 926 3884 3884 2749 2011 3884 1938 1938 11 1378 3883 169 315 157 1435
619 3885 3885 3885 3885 3888 3885 3885 2083 3885 3887 3885 3885 2275 3885 3887 1581 3885 802 3885 117 3885 1735 2697 217 1362 3885 697 1061 3885 3887 3885 3887 3885 3886 3885 3886 3886 2789 3886 3885 3887 3885 185 2962 3885 3886 3885 3886 3885 3886 3886 3887 3886 3886 3886 3885 3886 697 3885 3885 870 3887 3886 3886 3887 3886 3885 3886 3885 3887 3886 3885 3886 3885 106 211 3885 3887 3885 3886 3885 3886 3885 3886 2792 3885 3885 3887 3886 3885 3887 3886 3886 3885 3885 3886 3885 3886 3886 581 3887 23
620 3404 3593 3890 3899 894 3889 3896 432 3404 1708 3889 3898 3889 486 486 3889 22 3890 486 3034 3894 3895 3842 491 486 2605 2394 3404 1708 3899 3620 3620 491 3889 3901 3620 483 486 3034 3890 1654 3404 1708 491 3620 3889 3890 432 3404 3593 2605 3890 3034 2229 3898 3034 504 3889 3898 3890 2388 3896 432 3895 3890 1192 432 3404 2605 3890 1135 3894 3034 432 3896 491 486 3889 3889 3899 3620 3899 3620 3890 432 3404 3899 1195 3890 3898 3893 3898 1888 3034 3890 432 3404 3897 3897 1708 2389 1654 487 491 3889 3620 432 1708 3890 3889 3034 3890 486 2605 1195 3898 3890 3898 2394 432 3896 3404 3842 3034 3890 486 3896 432 3404 3842 491 494 2557 3890 3890 432 3404 3620 3893 3890 3898 17 3890 3889 3890 432 3895 3890 487 432 3896 3404 1708 3842 3232 486 432 3896 3404 1708 3620 3889 498 3890 432 3404 3898 1712 3898 1391 3889 3034 3890 486 3894 3232 491 486 3889 3890 3122 3890 3890 3620 3890 3893 3898 432 3897 1708 3404 2229 432 1708 259 3890 3896 432 3404 504 432 432 3890 3894 3889 1135 432 3890 432 505 491 432 3404 3889 432 3404 3890 2324 3890 3898 3898 3890 3898 3890 1195 3891 3898 2684 3891 894 3620 3890 3891 3890 11 3620 3891 3891 3890 3893 3898 3891 3891 3122 3236 3898 3898 362 3891 362 1226 2684 3891 3236 3890 3890 779 3890 3891 2684 3900 3898 3890 3236 3236 2229 3891 491 2684 894 3891 3889 2684 3236 894 3236 140 2684 3898 3236 3236 3891 3891 3890 2684 894 3889 3889 3891 240 3892 3111 3236 894 3891 2684 3620 3898 3620 3891
621 3902 3902 494 3902 1799 3902 494 460 3902 643 1799 3903 3903 3903 3902 3903 643 1654 3903 3903 3902 3903 1799 3902 3903 3903 794 3902 1799 1799 3902 3903 3903 1799 1799 680 2221 3903 460 460 3902 3902 3902 3903 1654 3902 643 2221 3036 3902 3903 3036 3902 1770 2032 3903 230 495 1799 643
622 3904 759 552 3906 3905 3904 759 552 3904 659 3905 165 531 531 42 176 3905 3905 3906 3041 2925 3905 759 3905 2925 659 134 3904 3041 3905 759 2925 3904 3905 3906 169 377 1859 253 2925 3905 2543 3905 299 3904 3904 759 299 3904 3904 3904 3905 1859 251 2925 3904 3905 2241 169 3905 749 1002 3905 3906 3905 2925 3904 2472 2077 2925 3904 3904 3904 3905 2925 3904 299 468 3906 3906 1822 263 968 2543 268 169 3904 2925 3904 3905 2925 3905 3905 2925 3904 3904 3906 3905 176 3906 3041 169 299 134 3904 3904 3904 475 3904 759 759 134 299 299 134 3154 3904 3906 176 3904 759 3904 87 3906 3905 465 169 3906 3905 2147 42 3904 3904 759 3904 3905 3904 3906 3905 759 2925 2925 3904 3904 3904 3906 3904 1822 42 3904 1822 169 3904 1822 747 176 169 169 169 169 2161 1395 759 1011 828 3904 1170 747
623 125 1389 176 3094 550 122 1389 1307 676 1393 2707 67 337 73 2135 623 2028 1319 1727 947 2569 550 125 1791 346 2962 1393 2569 1393 1387 1385 331 337 795 67 67 3094 2707 3094 1393 125 3229 1393 47 393 393 1393 202 3229 3229 338 1389 1389 3229 3229 600 620 3094 3094 622 73 600 3229 125 600 620 3229 600 620 3229 1393 125 661 3907 2569 600 620 620 3229 106 106 1993 465
624 1249 336 1879 363 606 562 1833 353 256 2924 1827 125 499 355 1833 1395 1069 1704 1282 353 2710 1866 1598 828 353 336 45 129 45 562 31 828 828 1494 361 828 52 326 828 828 2924 828 293 585 360 1837 1873 1873 828 360 828 1023 828 828 828 828 828 1827 499 1874 1878 828 614 614 828
625 3908 169 1756 3909 3908 1756 169 169 3908 3908 3908 1756 1224 3909 169 1756 3908 3909 1756 169 1756 1756 1224 169 1756 169 1756 1756 1756 169 1756 1756 1756 169 3909 3908 3908 169 52 169 3908 169 169 1756 3908 1209 1756 169 600 52 169 1756 3908 1756 3909 3909 3909 3908 1756 1224 1756 2745 377 3909 3908 169 1756 3908 3909 1756 3909 169 1756 3908 3909 3909 1209 3909 3908 169 1756 3908 3909 3908 169 3909 3909 1756 1224 169 3908 3909 3909 3908 1756 3908 3908 169 1756 1756 1756 3908 3909 3908 3909 3909 3908 1756 169 1892 169 3909 3909 3908 1756 3909 3908 169 1756 169 1756 3909 3909 3909 3908 169 1756 3909 169 1756 169 3908 3909 1756 169 169 2874 3909 1756 3909 1771 125 3910 1756 125 3910 1756 125 1756 2874 169 169 1756 2608 3909 1756 169 1756 3909 3908 169 3909 169 169 1756 169 169 1756 169 3908 1756 3908 169 3908 3908 169 1756 169 1756 3908 169 1756 3908 169 1756 3908 169
626 495 3912 3912 3893 106 106 428 639 259 428 495 3893 428 435 3911
627 1964 3913 1962 1954 3913 1209 1961 3918 3916 1961 3914 1961 3914 3916 3915 1962 3913 3913 3914 3914 3917 3276 1961 1954 3724 1961 3914 1961 3916 3918 2414 3916 3913 3914 1961 1961 3724 1962 1964 1209 3913 3914 3913 1961 1954 3724 1961 3914 3916 1961 3916 3918 3914 1961 1961 1961 3914 1962 3724 3916 3913 1961 1961 3914 3914 1962 1961 3914 3724 1961 3916 1961 3918 3916 1961 3914 3914 3914 1961 1961 3917 1954 3913 1961 1954 3724 1961 3918 1209 1964 3916 3913 1961 1961 3914 3914 1961 3917 1209 1961 3916 1961 3918 1961 1961 3913 3914 1961 1954 1961 259 1961 3724 3918 3916 1965 1209 1961 1961 3724 1961 1961 3918 1961 3914 1961 3724 1961 3917 1961 1954 1119 1961 3918 3724 1961 1961 1961 1961 1961 1961 1961 1962 1964 1961 3724 1961 3913 1961 3917 1961 3918 1964 1961 1961 3918 1961 3914 1961 1961 3913 3914 3913 1961 2084 1961 3917 2848 3724 1209 1954 1961 3908 1961 1961 3913 1961 3918 1964 1961 1961 3914 1961 1961 3724 1962 3918 3917 1961 1961 1962 1954 1961 1961 3724 1209 1961 3913 1961 1954 1962 3917 3914 3913 1961 1961 3917 1961 1962 1961 1961 3918 1964 3915 3913 3726 3917 3724 1961 1961 2084 1961 1961 3914 3915 1961 1962 3276 1961 1954 3724 3913 3918 3914 3915 1961 1961 3914 1961 1961 1961 3915 1954 1961 1961 1961 3917 3726 1707 1202 3914 1961 3914 1954 3724 1961 3914 1961 1961 1961 1961 1961 3914 2414 1209 1954 1961 3724 1957 1961 1961 1954 3726 1961 3915 1961 3913 3914 1961 3913 1961 3914 1961 3918 1961 1961 3914 1961 3724 1209 1961 3913 3914 3915 3914 3915 1961 1961 3917 3913 3726 1961 3724 3915 1961 3915 1961 3914 3915 1961 3914 3915 1961 3913 1961 3918 1961 3914 1961 3913 3914
628 388 44 576 11 21 2058 305 786 1374 1107 21 402 258 846 21 288 21 2643 1349 846 21 2437 5 638 846 845 44 21 21 392 290 846 456 47 1107 2541 44 1976 47 21 341 21 305 367 906 390 1070 2206 210 941 828 2069 11 364 389 767 810 845 1556 1045 97 256 1572 1572 641 1572
629 430 643 3920 3921 3919 3919 3920 3921 3920 3919 3920 3921 3919 3921 3920 3919 3919 3920 3921 3920 3921 3920 3919 3920 3920 3920 3921 3920 3921 2317 3920 3921 3920 3920 3921 3920 636 634 3920 3921 3921 637 3920 3921 637 3921 637 3921 637 640 1663
630 3922 3922 3922 3923 3271 3922 3653 3271 3922 3922 3923 3923 3271 3923 3271 640 3923 3922 3923 3922 3923 3923 3271 3922 2308 3923 3271 3923 3922 3922 3271 3923 3924 3271 3923 3923 3271 3923 2727 3923 3271 640 632 3923 3923 2308 3271 3923 632 3271 3271 632 431 3271 3923 3922 3922 3271 3922 3271 3271 3923 3922
631 3925 169 3925 2476 213 3925 30 3925 213 213 3925 3925 258 2476 213 3925 213 3925 11 213 3925 3925 213 3925 2706 3925 3925 2476 2476 3925 213 3925 388 2165 1002 2144 1056 169 169 213 402 206 67 3926 3926 114 3926 3926 169 3926 3926 3926 3926 169 1973 3926 3925 169 169 3926 3926 750 3926 3926 552 169 3926 1092 615 2476 3926 2476 3926 3926 169 2149 3926 1294 213 2570 3926 2476 169 3926 3926 2476 3926 3926 3926 3926 3926 3926 11 11 3926 680 3926 3926 3926 3926 3926 3926
632 3927 352 3927 1995 552 256 2218 3927 3927 267 3927 552 3927 1123 3927 936 64 63 3927 78 3927 3927 3927 707 3927 3927 3927 707 3927 3927 707 3927 17 3927 78 1519 1896 2374 3927 1387 713 106 106 1301 1383 1301 713 267 1400 1383 1301 710 125 1301 321 1301 267 707 1301 1732 18 1732 18 96 1319 293 699 1042 47 1197 2774 1732 556 18 1301 1995 1732 2069 1319 2031 1732 1732 96 2031 1732 2772 2028 1732 1732 1732 1732 1400 2374 219 2081
633 2164 211 362 362 362 362 2557 3128 600 600 1666 1710 600 125 600 1710 600 620 1376 2323 600 600 1192 1709 600 125 125 600 2323 600 600 1416 494 2557 1529 1660 326 1529 2477 2477 1093 2473 424 125 125 600 125 1529 600 2308 1710 600 125 600 1849 2477 125 600 600 125 2479 211
634 3928 3057 2003 2006 2906 2003 3057 1999 3928 3928 3057 2003 2006 2906 3059 3059 2006 3057 3928 2023 1259 31 2023 31 1381 683 1383 31 2023 3928 3928 3928 3928 3928 2003 287 3058 2003 3057 3928 3928 2023 162 3928 3928 1999 3057 2003 2906 3059 3059 3928 664 3928 2023 31 664 162 31 2023 1999 3928 1641 1640 348 3928 3928 2003 2003 2006 2906 129 2344 664 121 2268 3930 664 3928 31 1507 1487 2006 2003 2518 31 3928 31 37 1381 1507 37 2332 3928 3928 3928 259 1999 1888 259 49 513 2346 2828 1410 3928 1641 1999 664 3928 664 3005 3005 3928 3928 3928 3928 310 3928 3928 505 513 3928 2023 31 31 2023 3928 40 31 530 1286 1999 3928 1999 3928 1999 3928 910 2371 3928 362 3928 3928 999 3928 3928 3928 157 157 157 585 3928 340 2371 163 163 3928 3928 3928 3928 3928 3928 908 552 1682 3928 3928 668 552 3931 3928 3928 28 365 3928 1999 31 1999 501 501 572 163 552 2005 3928 3929 3928 3928 1075 1107 1682 3928 1999 1999 3928 1999 3928 3928 1507 1262 3928 3928 1999 1999 1999 3928 3928 3928 3928
635 3493 134 1 1 802 2213 2714 2036 134 1247 1 460 2036 463 450 747 382 932 2568 2460 595 1091 2036 236 450 289 803 597 1358 1167 236 810 595 289 236
636 3196 657 3196 657 657 3196 657 657 657 3196 2216 3196 1357 657 858 657 3196 1180 3196 657 657 657 657 1321 2542 1052 657 122 657 657 657 657 2542 2542 657 657 1131 165 214 657 122 236 269 1131 657 30 851 78 305 851 397 397 397 1738 2596 269 78 2542 2795 190 1131 1060 3196 1166 190 190 78 78 736 73 1181
637 843 22 2339 3615 843 3615 3907 3932 2339 3615 3932 202 600 2339 184 1568 3907 843 3615 2339 3932 3907 843 3615 3932 3907 1286 3907 1568 2962 178 2339 843 3615 206 809 3615 2962 809 3615 288 2339 184 3932 2339 843 3615 3907 3932 1645 3932 172 1516 3615 2339 2339 1079 67 2339 184 809 3932 52 418 549 3297 595 169 915 3615 2339 3932 606 184 809 3932 1568 1645 1616 59 293 1370 3615 843 2339 2339 144 2339 843 3615 169 915 499 1911 1516 59 597 2339 3907 1568 843 3615 178 2339 3615 184 809 3932 2339 184 795 3932 2339 843 3615 3932 184 2339 184 3932 3907 184 809 3932 2339 3932 3907 1079 2339 3615 2339 843 184 3932 2339 3615 1645 2339 3932 1568 1770 2339 184 3932 3907 1745 418 45 3932 3907 184 2339 3615 1516 2339 843 3933 2785 2339 3932 2339 795 184 3932 2339 1146 184 795 3932 2339 2339 1581 1516 67 2339 178 1516 883 2339 184 3932 809 2772 2339 184 3932 571 1645 2339 3615 2339 184 809 3932 184 3932 2339 184 795 3932 3019 184 3932 2339 184 795 3932 3932 2339 184 809 23 2339 184 3932 1322 571 2339 184 795 3932 2339 807 2339 3615 184 3932 597 2339 1322 612 2339 2339 67 2339 2339 2339 184 809 2339 597 2339 2339 2339 134 1291 184 3932 2339 843 3615 2339 2339 843 3615 2339 843 597 1251 1770 843 3615 375 1330 1516 220 2339 169 612 2339 1136 2339 2339 2339 377 293 843 3615 3615 184 541 540 597 2295 612 851 597 362 2339 851 595 1505 851 2339 220 1516 352 1570 1079 220 3615 1099
638 3934 1827 1384 3934 1384 515 515 3934 1385 3934 3934 253 99 515 1392 1384 1392 3934 3934 3934 1942 99 1321 530 45 1343 1392 3934 1582 1385 3934 3934 1393 1385 3934 67 1942 1392 293 962 1343 1389 1025 1385 1392 3934 1392 3934 1392 1392 1401 96 3934 1393 515 1385 1393 1392 1385 530 45 1385 1392 1385 1385 1389 1025 3932 1526 2962 1384 1392 1385 99 2425 1392 2800 100 647 11 1385 1389 1384 11 1131 99 1392 515 1384 1759 1106 291 1809
639 1513 1100 320 1734 1770 1 1856 1344 1926 1925 1912 612 45 96 597 629 1775 1924 1516 2634 883 1840 1858 1344 1513 1931 1344 310 597 391 1992 1856 1178 1344 1734 1111 1924 1856 391 1923 1924 1856 1178 883 1856 1734 548 1388 1931 2214 401 290 1775 612 90 612 322 1856 3935 595 1990 1923 1925 1990 3935 1990 1856 2277 1100 1990 595 612 883 1746 1990 1990 3935 612 1990 3252 1344 1856 3935 858 1856 1990 1990 3935 612 2017 1990 3252 2214 1990 680 1513 618 391 3935 1931 320 1982 2812 3935 1344 2178 3935 3935 1073 655 878 1185 2594 169 3935 1990 2191 1926 1164 1856 1990 1931 1924 1990 3935
640 1095 3437 3437 169 169 3437 3437 169 3437 169 125 125 169 1618 3437 1618 3437 3437 3437 169 3437 1618 1022 169 164 1618 169 164 1618 3437 2041 2722 1468 125 169 1618 3437 3437 1618 164 3437 169 3437 3437 3437 3215 169 1307 3437 169 3215 3215 164 380 164 2041 2722 169 66 169 3215 2100 3437 169 169 1618 3437 169 3437 169 2722 957 169 169 169 169 169 125 961 169 125 125 169 169 125 3437 45 1161 169 125 125 169 169 169 3437 3215 169 3437 3215 3437 169 169 3437 3437 3215 45 1858 3437 176 957 3437 169 2469 125
641 1441 3936 2136 190 1178 309 3936 3936 2370 3936 3936 2370 2370 3936 2136 3936 2370 3936 3936 43 2370 3936 3936 190 2136 3936 3936 3936 627 2514 190 2370 3936 529 190 3936 3936 3936 2933 3936 360 2137 2514 529 1441 3936 2514 3936 190 529 3936 2370 522 190 3936 863 190 2136 190 1393 3936 3936 2370 3936 3938 3936 1178 190 3938 3938 3936 3936 3936 2514 3938 1876 1876 3938 3936 3936 2514 3936 305 2514 529 2514 3936 3938 529 529 3936 2370 3936 1441 3936 3938 2514 3936 3936 2514 3936 1441 2136 2514 2735 397 3936 2685 3936 2933 1441 2514 3936 2514 3936 1935 3936 529 529 3936 1441 3936 1441 3936 1441 3936 3936 529 3936 2179 3936 2514 863 2514 1441 3936 87 529 3937 384 2514 455 3937 256 3937 3937 2514 1062 3937 3938 529 2179 1213 1876 3938 529 529 2514 2514 529 1387 3937 386 1399 1245 2514 3937 1178 529 3937 3937 3938 75 3937 3937 3938 3937 863 3937 3937 3938 499
642 2523 3939 3940 3939 3940 3940 3939 3940 3939 3940 3940 2523 3940 3940 2523 3940 2873 3940 3939 3940 3940 3939 3940 3939 3939 3940 3939 2873 3939 3940 3940 2523 3940 3940 3940 3940 3940 3940 2523 3940 3940 3940 3939 3939 3939 3939 3940 3940 3939 3940 1761 3940 3940 3940 3940 3940 3939 3939 3940 3940 3940 3940 2523 2873 2523 3939 3940 3939 3939 3940 3940 3940 3939 2523 3940 3940 3939 3940 3940 2873 3940 2873 3940 3940 3940 3940 3940 3940 3940 3940 3939 3939 3940 3940 3940 3939 3940 3940 3940 3940 2523 3940 329 3940 3940 3940 3940 3940 3940 3940 3940 2523 2873 3940 2523 3940 3940 3940 3940 3940 3940 3940 3940 3940 3940 3940 3940 2873 2523 3940 3940 3940 2523 3940 3940 2523 3940 3940 3940 3940 2523 3940 3940 2873 3940 3940 3940 3940 3940 3939 3940
643 295 1583 295 2704 1 295 1554 381 2022 1942 2449 53 969 600 53 1252 3941 3941 1858 295 53 1 1 1124 42 3941 1942 3941 290 3941 794 1 3941 1583 106 576 11 3941 3941 3941 3941 3941 552 3941 794 3941 3941 2243 3941 3941 3941 3941 3941 2125 1942 2193 2814 42 851 201 1578 3941 3620 3941 3941 303 3941 3941 770
644 2226 2225 3942 2442 3944 3943 3945 478 2225 659 1089 142 2226 3942 478 2442 2225 3946 478 2442 2225 3946 2226 2225 3942 2225 1250 1581 2225 2442 3946 3948 3945 3945 2225 3942 3944 3943 3945 3942 3943 3944 3945 3946 3942 478 3942 2442 3946 2442 3944 3943 3948 3945 3946 2225 3945 3947 3942 3945 3945 2442 230 2442 3943 3944 3946 3945 3944 3943 3945 3946 142 3942 3948 3945 3946 3946 3945 2226 2225 3944 3943 3945 3950 3945 3946 142 3946 3945 3945 3946 802 3942 3947 2225 140 3946 3945 3946 3947 139 142 3942 3942 493 3945 3946 2442 3945 3948 2225 3948 3946 3946 2226 3947 3946 550 2225 488 3942 3945 3946 3945 3946 3942 3945 3946 3942 3945 142 3946 460 303 3946 3947 2866 550 3946 3946 138 478 3423 3945 659 3946 3942 3942 3948 3942 139 3942 1256 3948 3948 3942 3946 3943 3944 3946 3947 3942 2442 2225 3942 3942 3946 3946 3942 3942 3946 3948 3942 3946 3944 3946 3946 3942 3944 3942 3946 3943 3944 2225 139 3946 3946 3942 3942 3946 143 2225 2226 3942 3946 3943 3944 3947 3946 3942 2226 3423 3943 3944 3942 3943 3944 3946 3947 3942 3942 3949 1250 689 3949 3947 3943 3946 1435 3949 659 3942 143 142 3942 2442 3942 3948 3947 3911
645 628 2633 628 3040 628 3951 2633 628 3951 1742 3951 628 628 3951 268 2633 3952 2633 2633 628 1689 628 628 628 3951 628 3951 3951 2009 2802 258 3951 3951 3951 2633 2633 1689 2633 3951 3951 628 3951 628 628 2633 628 3951 2633 628 1830 3951 628 1165 955 628 17 628 2633 2633 3951 2633 628 628 981 628 628 1689 628 3951 1832 895 3951 268 266 1583 3951 609 2948 242 3951 258 96 66 1188 555 1124 3951 2235 1940 3951 3951 581 3030 2722 3951 3951 176 259 3951 377 3951 250 3951 2814 3951 71 1583 1740 3951 3951 1355 3951 1012 3951 3170 530 3951 377 1583 78 3951 169 3951 3951 1299 581 67 3951 260 3951 1554 3951 697 1738 3951 3951 3951 3951 3951 3951 3951 588 3951 955 3951 3951 1197 306 2149 1742 3951 3951 3951 3951 3951 892 459 3951 2737 3951 892 2633 628 955 283 2635 628 283 1770 3951 3951 3951 2633 3951 3951 981 1689 2635 220 788 2633 3951 277 2633 321 2235 651 1583 2542 738 2635 2635 628 1815 1051 3951 2635
646 3953 3954 134 3953 134 3953 3953 134 3953 3953 3954 813 134 3953 3953 3954 3953 136 47 695 3953 3953 3953 136 3954 134 136 3953 3954 134 136 3953 136 3954 134 3953 3953 136 3954 3953 136 134 3953 136 3954 3953 3953 136 3954 317 3953 136 3954 3954 136 3953 3953 136 3954 3953 136 136 3954 134 3953 3953 134 136 3953 3953 3953 136 134 136 3953 3953 3954 134 136 3953 3953 3953 3953 136 3954 3953 3954 134 136 3954 134 3953 134 136 3953 3953 136 3954 1133 3953 3953 3953 3953 136 3954 511 511 3953 3953 3954 3953 3953 136 3954 3953 3954 3953 3953 3954 3953 3954 134 136 3953 3953 3953 136 3954 3954 3953 136 3954 3953 3953 3953 3954 136 3953 136 3954 3953 136 3954 134 3953 136 3954 3953 136 3954 134 3953 3953 3953 136 3954 134 3953 3953 136 3954 3953 136 3954 134 3953 3953 136 3954 3953 3953 3953 136 3954 136 3953 136 3954 3953 136 3953 136 3953 3953 3953 136 134 3953 3953 136 3954 134 3953 136 3954 3953 3953 3953 136 1439 1439 3953 136 134 136 3953 3953 3953 136 3953 3953 136 3954 134 136 3953 3953 3954 3953 3953 136 3954 3953 139 3953 3953 136 3954 3953 51 3953 3953 136 3954 3953 136 3954 134 3953 3954 134 143 3953 3953 2131 136 659 3953 3953 136 3954 3953 3953 3954 3953 136 3954 134 3953 136 134
647 398 3956 3955 35 50 442 2558 2558 562 2558 2558 2558 3956 3956 3956 3956 3956 2558 2558 3956 2558 3956 3956 2558 3956 3956 2558 2558 2558 2558 3956 2558 2558 3956 2558 3956 3956 3956 3956 3956 2558 3956 2558 3956 3956 722 2558 3956 3956 2558 2558 2558 763 829 1581 117 2558 1570 802 802 1390
648 2461 1953 377 469 526 268 2806 3958 3957 456 3958 1910 3958 3957 477 318 45 271 511 1174 3958 3957 1007 1174 3958 3957 1174 3957 1953 268 1953 1824 1788 1975 1801 521 3958 268 1174 3958 744 3957 748 3958 3957 3958 3039 1174 1174 3958 3957 3958 558 3958 3958 120 2806 2806 3957 3958 3957 3958 1479 3957 3039 92 1174 3958 3957 3958 125 3957 3958 3958 3958 3957 2860 477 737 3958 2589 1688 3958 1690 3957 717 1033 3957 1097 3958 452 3957 737 67 737 3957 737 1088 2860 321 467 1155 121 121 744 284 2191 942 3957 402 2525 3158
649 2086 1044 67 67 697 1 1 1523 691 67 2423 1044 1727 67 2478 1377 125 67 1289 67 125 653 125 697 11 1367 1367 1367 288 1367 828 2300 125 1807 2011 59 125 67 67 1523 2326 59 67 122 106 511 125 2096 691 67 1319 655 122 125 1365 653 73 2027 67 1367 169 236
650 1798 3959 3959 3959 2124 3959 2467 3959 3959 3959 3959 3959 1523 3959 3959 1522 3959 3959 2119 3959 3959 1578 708 3959 1522 1523 3959 185 629 1469 3959 3959 2710 3959 3959 3959 1023 3959 3959 3959 3959 3170 3960 580 3959
651 3962 2226 800 2226 3961 3962 465 465 3961 3962 2226 3961 3962 550 3961 3962 2226 2226 211 3961 3962 2226 3961 2226 968 456 2226 3962 2226 3961 3962 2533 968 2226 3961 3962 3961 3962 2226 2227 3961 3962 2226 2226 583 3962 2226 2226 3961 3962 436 447 3961 3962 2226 3961 3962 2226 3961 3962 3655 3961 3962 3961 2226 3961 3962 2226 2226 3961 3962 3655 2226 3961 3962 3961 3962 2226 3962 3655 2533 2226 2227 3655 3961 3962 3961 3961 3962 3961 3962 3655 3961 3962 3961 2226 3961 3962 3655 2227 2226 3655 3655 2226 3961 3962 329 3655 2226 852 3961 3962 3655 2226 3961 3962 3961 3962 2226 2226 3655 329 3961 3962 3655 3655 3961 3962 2226 3655 3961 3962 3655 3961 3962 2226 2226 2227 800 2533 329 3961 3962 3961 3962 2226 3961 3962 3961 3962 2252 2226 2226 2227 2252 3961 3962 3961 3962 134 2226 2227 3961 3962 2226 3962 2226 2252 3961 3962 2226 2226 3961 3962 3961 2226 2226 3961 3962 3961 2317 1857 621 3961 3962 3962 2226 2227 2227 2226 2227 3961 3962 3961 3962 2226 2252 2252 2317 3961 3962 3961 696 3961 3962 2533 2252 2226 329 289 3961 3962 3961 3962 2227 2226 3961 3962 3961 329 3961 3962 329 970 2227 2226 2226 3961 3962 2226 3961 3962 2226 2227 3961 3962 2226 3961 3961 3961 3962 968 1976 3961 3962 3962 3961 447 3961 3962 3962 3961 3962 2226 2226 1342 3962 2533 2226 2227 2226 2227 3961 3962 2533 2252 3961 3962 2226 3962 3961 3962 3962 3961 3961 2533 3961 3962 2226 2227 3962 3961 3961 3962 2226 3962 447 3961 2226 2227 2252 2533 447 2252 2226 2226 968 248 959 959 2226 447 2226 2226 3961 3962 2226
652 1698 70 2515 700 398 2363 1289 353 700 1983 626 700 3661 700 626 321 956 1289 700 2506 1289 3963 1289 700 3678 2363 3963 2725 1227 3678 1705 303 3678 2300 3678
653 3964 3401 3401 3401 3401 3401 3965 3401 3965 499 52 3965 3964 3965 3964 3401 3965 3401 3965 3401 3964 3401 3964 3964 3401 3965 3964 3964 3401 3401 3965 3964 3964 3401 3401 3401 3964 3401 3964 3964 800 3944 3964 3401 3964 3401 3964 3964 3964 3401 3964 3401 3965 3964 3965 3401 3965 1195 2684 894 3965 3964 3401 3964 3965 3964 3401 3964 3964 3401 3964 3965 3964 3964 3401 3965 3900 3965 3965 436 3964 1978 2507 1224 2652 3964 3964 3965 139 3965 3964 3401 3965 3965 2229 3965 894 436 3965 3401 3900 3401 3965 3401 140 436 436 3401 3965 3232 3401 3401 140 800 3944 3944 2744 436
654 164 164 169 169 393 164 3761 1618 393 2337 164 169 2839 1375 169 164 169 393 169 1904 164 393 164 588 164 2277 393 169 169 2330 170 169 164 169 734 393 393 609 169 1231 164 164 169 673 470 164 1904 169 1397 164 3761 169 499 734 470 164 164 169 1397 169 673 1287 1625 2277 169 164 3761 169 3966 2330 164 164 169 164 169 499 470 1375 169
655 3967 329 329 3969 3970 661 3968 3967 2617 3968 2619 3967 3968 661 3967 3968 661 3967 3968 3251 3969 924 661 3967 661 3968 661 3967 3968 3967 3968 3969 3970 3967 3968 661 1415 3971 3969 661 3968 3970 661 3968 3969 3970 106 3968 106 230 3969 3970 3970 3970 3967 3968 3970 1119 3967 3968 3967 3968 3970 3967 3968 3970 3968 3968 1209 3969 3970 3277 3969 3970 3969 3970 3968 3969 3970 3967 3968 3970 3969 3970 3967 3968 3967 3968 661 3968 299
656 3972 3972 2933 3972 3972 3975 3544 1912 1906 3972 122 3544 1104 3972 122 1765 3972 3972 852 1078 3972 3975 3972 321 956 3972 3975 17 1988 3972 3975 3544 1774 618 1910 3972 3976 3972 3544 1104 1504 3972 600 1505 1769 3972 600 306 597 1765 964 3972 3972 259 664 512 3972 3972 391 1519 3972 3975 2161 391 1769 3544 1906 638 1519 1504 3972 2862 3972 1230 1000 1775 3544 1977 3972 3544 2161 1505 3972 612 883 3544 1078 3975 3972 3544 600 1584 3544 3973 3973 3972 3544 3973 1505 3544 3973 3973 321 3544 3973 3973 618 3972 3544 3975 3972 3972 3544 3973 3972 3544 3973 3972 3544 1096 956 1982 3972 3975 829 1505 1769 3972 3973 3973 3975 3972 3234 3973 1332 3973 883 1266 1101 1083 3975 3972 3972 3544 397 3973 3972 3973 1806 3972 1988 1504 3972 3975 1099 362 1166 101 402 47 1245 293 3972 3975 835 3972 1988 2545 3972 3972 157 3972 1519 1505 3972 3972 3974 3974 3972 3974 3974 3974 1505 3974 3972 3974 3974 3974 1674 1510 3972 3381 3972 3974 3972 3974 3972 3974 3972 3972 3974 3974 3972 1505 3974 3972 3972 3974 3972 3975 3974 1988 3972 3974 3974 3974 3975 3972 3381 3972 3974 3972 835 3972 3974 3972 3974 3972 122 616 3972 3972 3974 3974 3972 3974 3972 3974
657 843 393 1737 1216 3977 393 1737 843 3977 1556 1737 393 1737 843 210 1393 843 2754 393 1737 843 3977 843 393 1737 843 3977 843 843 843 843 843 393 1737 3045 162 1393 3977 2754 393 1737 1737 843 393 162 393 1737 2791 67 323 184 184 843 3977 843 1737 393 1737 843 843 393 99 843 843 3977 1216 3138 3978 843 3977 843 3977 99 843 393 1737 3977 1026 3977 843 2791 581 843 843 843 984 843 843 843 3977 1568 843 2792 848 655
658 3979 1165 268 2695 3980 99 3980 3979 3980 45 45 3979 1937 2925 3979 2697 3979 107 3979 1917 955 2695 2695 2695 99 169 169 3979 9 268 3980 1917 3979 268 2088 268 3980 1111 3979 3980 2695 595 1917 1010 1982 2695 279 3980 1 1 3980 268 1917 3979 3979 3980 169 994 279 3980 3980 11 3980 580 450 106 230 1548 2720 3980 1937 3980 3979 99 3980 3979 3980 3979 99 3979 1917 3979 459 3980 279 98 3980 3979 455 3979 394 3980 3979 169 321 2695 3979 3980 3980 3979 21 3980 3979 3980 3980 106 450 2120 3980 8 362 779 3980 1830 3979 3979 79 3980 3979 3979 1893 3980 1111 1922 3979 3980 1917 1917 1920 3979 169 3980 3980 3979 3980 3980 2164 3980 3979 1019 3979 3980 1872 3980 3980 466 1096 3980 3980 3980 3980 3980 3980 3979 1917 3979 3980 1691 3980
659 3982 1125 422 381 3982 3981 3984 3982 3982 3983 1127 3794 208 783 3981 1127 3794 3982 2690 1126 3981 3982 1129 3982 3983 1125 626 3983 3983 1127 3794 2590 3984 3985 3982 3794 1129 47 3982 1127 3794 3984 3985 3982 3982 3983 1127 3984 3981 3985 3982 1125 3983 1126 1127 3794 1897 786 701 1127 285 3794 1127 936 1127 3794 1770 3985 3982 3983 1127 3794 178 1127 3794 3984 3985 3982 956 3983 3794 1127 3982 1356 3981 3982 1840 3982 1125 787 1170 422 99 3985 3982 71 3983 3982 3983 3985 3982 3983 296 207 1127 3794 1266 1098 98 3981 3985 3982 3984 3981 3982 3985 3982 3983 321 3981 3984 3982 3983 875 474 1078 3982 2034 1304 975 3983 956 3984 3985 3982 413 505 787 835 1282 3981 3984 3985 1098 3985 3981 47 697 100 528 790 1078 2607 3985 3982 3981 3984 3985 3982 1245 956 285 320 956 1098 98 3985 3982 3982 3985 3982 790 2590 1078 1004 1688 1126 3794 3982 1094 3982 548 73 1855 2332 1098 3985 3982 3984 3982 3981 1982 1098 3985 3982 3984 3982 1982 1078 2277 1497 3982 748 790
660 3986 3987 3986 3986 3986 3986 3988 2533 2533 3986 3987 3986 3988 3986 3987 3986 3986 3986 3986 3986 3987 3986 3987 3986 3988 3986 2533 259 3987 3986 3986 3986 3986 3986 3986 3987 3986 3986 3988 3986 3986 3988 3986 3988 3986 3986 3988 3988 3986 3988 3987 3987 3986 3988 3986 3986 3986 3987 3986 3987 3986 3988 2745 3987 3986 3987 3986 3986 3986 3986 3988 3988 3986 3987 3986 3988 3986 3988 1226 3986 3988 3986 3988 3987 3988 3986 3987 3986 240 3987 3986 3987 3987 3986 2745 3987 572 3988 3987 3986 3988 3986 3986 3986 3987 3986 3988 3988
661 245 245 245 245 245 3990 521 308 3990 2595 188 722 2595 1520 1520 1520 712 1931 2595 2178 539 1855 245 3990 1311 1062 3660 333 3990 2595 2595 245 245 245 1938 521 2595 769 2595 245 1061 1178 3989 245 245 2885 2885 245 333 2595 2595 3222 1684 245 245 245 245 245 245 245 724 769 245 2595 813 2243 333 245 3990 245 245 245 245 3222 245 2595 3660 245 245 245 87 2013 2595 2595 3990 245 245 245 289 804 333 2595 245 2595 2595 2595 245 245 245 245 3990 2595 48 2595 245 245 245 245 2595 2595 3222 245 2595 2595 2595 2595 2595 2595 3990 3990 333 3660 333 3990 3660 2595 769 3990 2595 333 3990 1245 333 245 245 245 3990 3990 1931 2595 1245 3660 3990 3990 333 1245 2595 245 2595 2595 2595 2595 245 3990 3990 2595 2214 2595 2595 597 3991 3990 2595 3990 245 245 2595 2595 3990 2595 2595 2595 1035 2595 2595 2595 1245 2595 2595 245 2595 2595 3990 2595 3990 333 661 344 2595 2595 2595 2595 3990 2595 3990 3990 2595 2595 2595 2595 3990 245 245 245
662 2224 3954 3954 1731 1731 488 3954 3954 3992 1731 3954 3954 3954 1731 1731 3992 3954 3954 1731 3954 1731 3954 3954 3992 3954 1731 1731 47 1256 3954 1256 47 1256 1256 1256 125 293 1731 3992 1256 3954 1731 125 3954 3954 1256 3954 275 3954 3954 3954 3954 3992 122 288 3954 450 125 339 402 125 3153 3954 3954 3954 3954 3954 2565 3992 3992 2224 3992 3954 3992 3992 3992 3992 3992 3992 3954 3992 3954 3992
663 164 169 165 164 26 1286 165 1877 2344 164 3993 1877 777 3978 45 1286 165 2826 941 2826 165 2344 164 1877 2344 2344 164 2344 1867 3993 2344 164 164 2344 3993 169 1286 165 3993 1877 2344 164 169 165 823 412 47 511 412 1877 2344 164 164 2344 2344 164 3993 1877 164 1022 1286 165 3993 1877 2344 164 164 164 2344 1867 3158 45 412 2041 283 1286 3993 19 2344 164 164 2344 1867 164 169 915 606 14 165 3993 2344 1867 1762 165 165 742 165 1606 780 780 165 45 2722 293 45 165 780 3993 1877 164 2344 2344 164 165 1095 283 1286 165 3993 3995 3993 1877 780 3993 3995 2344 164 2344 1867 3995 3993 3995 1877 2327 2344 164 1877 164 164 2344 1867 3993 3995 1877 2344 45 1343 165 3993 2344 164 1867 3993 3995 823 961 701 47 293 47 165 780 2826 823 45 47 293 45 1286 165 3993 3995 169 165 3995 2327 823 3993 3995 1877 780 2344 164 1867 2344 2327 164 169 151 165 3993 165 3993 3995 2344 3993 3995 3158 165 2589 271 2589 1877 169 1286 165 3995 3993 2344 164 169 45 1286 165 3993 3158 165 45 1286 3995 3993 780 1286 165 780 3993 1877 2344 164 1815 1286 165 1877 2327 2344 164 1867 460 3993 823 1600 45 1286 165 3993 3993 368 1286 164 1867 3993 3158 165 293 1286 165 3993 164 3993 47 1286 165 3993 2344 2344 3993 129 357 1867 961 3993 3993 165 3993 169 1286 3993 2344 164 164 169 412 1877 1877 3993 165 2237 412 165 45 1286 165 165 412 412 45 1282 148 3993 165 45 165 412 1341 165 3993 1341 3993 283 2722 828 3993 3994 3994 3993 165 3994 412 3994 3993 1598 961 3994 3993 3993 3994 3994 3994 3993 1184 412 3993 3993 3993 3994 412 412 961 3993 3994 3993 165 3994 3994 412 964
664 1 106 559 1148 2112 2053 461 1333 12 459 1938 1377 717 2594 179 23 210 2071 291 1218 1215 763 2197 3391 2748 720 1182 2470 204 326 943 355 1184 1000 1000 329 546 47 402 710 3048 975 212 385 287 42 901 828 2423 449 1181 87 994 971 1129 469 256 3502 449 207 2772 2102 2502 1128 549 570
665 839 839 2473 2478 945 839 1679 618 945 1678 225 382 618 945 531 2473 11 945 382 727 839 945 882 1483 382 382 1395 839 945 1926 839 1094 217 945 382 1674 382 840 208 840 840 840 2591 475 1941 2510 945 1816 840 945 1104 945 945 1 945 945 1466 225 945 839 945 840 839 100 614 2112 945
666 3998 3999 3997 3303 4000 3997 3999 3999 4000 445 3999 3998 3997 3303 4000 4000 3997 3998 3999 640 3999 3997 3998 3999 3996 3997 3998 3999 3303 4000 3998 3999 3303 4000 445 3999 3996 3997 3998 3998 3999 4000 3997 3998 3999 3996 3997 3998 3999 4000 445 4000 3303 4000 4000 3999 3997 3999 3996 3997 3998 4000 640 3998 3998 3999 3996 3997 3996 3997 3998 3999 3303 4000 445 4000 3998 3999 4000 445 4000 3999 3998 3999 4000 3997 3997 3998 3999 3065 3998 3999 3999 4000 3999 3996 3997 3999 3996 3997 3998 4000 4000 3997 3998 3303 4000 640 3999 4000 3997 3998 3999 4000 445 4000 3998 3999 3303 4000 445 4000 3996 3997 3998 3999 3996 3997 3998 3997 3998 3999 3996 3997 3999 3303 3999 3303 4000 3999 3997 3999 3997 3999 3997 3999 4000 445 4000 445 4000 3998 3997
667 287 2410 101 3147 1266 678 678 777 1087 2170 768 1089 11 1996 47 59 1693 325 151 660 2170 999 67 47 655 2431 52 4001 103 59 2565 67 3910 1546 2295 1783 2182 678 2794
668 52 3227 4002 2151 203 384 626 2151 734 2151 357 204 2151 1815 1095 2097 1727 4002 1581 2151 2097 2151 352 2151 2097 2151 2151 2151 2151 1100 2097 2151 2151 3178 2097 2151 2097 605 2151 2151 2151 626 161 122 203 2151 2151 1236 2151 2151 2151 106 2151 4003 2502 70 203 2151 64 580 1167 2278
669 2534 4004 4004 2534 4004 3277 4004 2534 4004 2534 4004 2394 2406 4004 2534 4004 2534 4004 2534 4004 2534 4004 4004 2534 4004 2534 4004 4004 3276 4004 4004 2534 2534 4004 4004 4004 431 2534 4005 4004 4004 4005 4005 4005 4004 4005 2534 4005 2534 4005 4005 4004 4005 4004 3277 4004 4005 4004 4005
670 1570 485 230 106 485 485 485 485 485 1119 485 485 494 485 2117 485 485 1113 485 2394 465 486 620 499 485 465 96 1399 169 465 485 1135 3656 485 485 485 485 485 3842 494 2603 2317 485 485 1209 485 485 3656 485 494 1113 485 2810 485 485 485 485 485 465 485 483 485 485 489 485 485 485 485 485 485 489
671 2557 3065 2229 2308 2309 2309 3065 903 3065 299 4006 3065 494 4006 4006 4006 4006 4006 4006 4006 4006 4006 497 4006 4006 4006 4006 1119 4006 4006 4006 4006 1761 4006 4006 4006 2745 4006 4006 4006 4006 4006 4006 4006 4006 4006 4006 4006 4006 2251 4006 2557 4006 3237 4006 3237 4006 4006 1119 4006 4006 3237 4006 4006 4006 4006 4007 4006 1955 2745 4007 4007 4006 4006 4006 4006 4006 4007 3237 4006 4006 4007 4006 3065 1964 4006 4006 4006 4007 4007 4006 4006 4007 4006 4006 4006 4007 4006 4007 4006 4006 4006 4006 4007 4007 4006 3237 4007 4006 4006 4007 4006 4006 4006 4007 4006 1761
672 4010 4011 4008 4018 4015 4019 1274 155 962 962 962 4009 4009 1042 4010 455 1266 4010 4018 4015 4009 211 600 4009 4010 4009 4009 4014 4010 4009 4013 4011 4018 4014 4009 4010 4009 4009 4010 4014 4012 4009 4010 4011 4014 4009 4010 4017 4009 4014 4010 4011 4009 4010 4013 4009 4015 4018 4011 4014 4009 4016 4011 4009 4009 4010 4011 4012 4010 4015 4015 4012 4008 4012 4010 4011 4008 4016 4011 4014 4009 4013 4015 4008 4016 4009 4009 4011 4010 4017 4011 4011 4018 4017 4018 4009 4012 4010 4014 4009 4011 4009 4009 4015 4015 4015 4018 552 211 4015 4012 4009 4016 4015 4016 4009 4017 4015 4014 552 4009 4008 4011 4012 4016 4014 4016 4012 4014 4015 4011 4014 4008 4018 4012 4011 4016 4012 4010 4014 4016 4011 4009 4010 4011 4014 4014 4010 4013 4014 4011 4014 4012 4013 4014 4011 4009 4015 600 4010 4009 4014 4011 4014 4011 552 211 211 4013 4013 4012 4010 4011 4011 4014 4009 4016 4011 4018 4009 4016 4013 4008 4009 4014 4014 4016 4017 4014 4010 4010 4017 4010 4018 4011 4014 4016 4017 54 4009 4012 4010 4014 4009 4008 4009 4017 4010 4013 4017 4009 4012 4017 4013 4011 4010 4014 4008 4018 4011 4009 4011 4009 1266 4016 4009 4008 4009 4014 4011 4010 4011 4012 4009 4009 4017 4014 4009 4011 211 4008 4013 4012 4011 4012 4008 4008 4017 4009 4018 4009 4013 4016 4010 4012 4014 4010 363 4014 4011 4017 4011 4009 4010 4013 4010 54 4011 2517 4011
673 2216 223 2714 268 12 472 545 73 253 2204 84 1185 628 169 11 1095 768 19 1167 320 1974 1703 628 1552 551 11 106 408 551 551 209 1067 1067 106 628 2971 169 1544 628 1696 1016 2971 2971 2280 628 1895 2748 628 2856 1549 628 1814 2971 2255 628 1980 628 2210 295 737 628 628 1689 1072
674 2929 202 1393 2929 202 2928 41 2929 1923 2561 2561 2561 1727 2561 2561 2561 2561 202 3505 210 2561 2108 2928 330 2929 2561 2928 2561 2561 2929 294 1858 2561 202 2564 2929 2929 460 2929 2929 2564 122 202 2929 2929 2929 2929 1393 2929 2929 1496 2929 2564 2929 2929 1385 1727 2929 1393 1858 1069 1385 1564 202 202 851 864 1393 73 864 3505 864 202 202 1372 202 3907 1165 202 1393 1393 1564 1564 99
675 1129 4020 1971 2449 717 581 18 321 45 87 1971 1583 4020 12 418 218 717 2539 1319 18 953 955 3054 288 581 1398 1144 1976 1975 626 4020 392 87 4020 4020 474 474 1977 2243 4020 1092 96 1981 717 42 1284 2209 1031 122 1052 829 1971 526 377 1348 670 2280 2710 2116 858 788 1790 268 1245 130 246
676 4022 4021 4021 47 695 2878 499 2423 4021 4022 4022 4021 1772 254 4021 4021 430 4021 4021 4021 4021 4021 4022 4022 4021 4022 4021 2727 894 4021 4021 4022 4021 4022 4021 4022 2572 4021 3825 4022 1674 4022 4021 4021 4021 4021 47 4021 4021 1487 4021 2727 4021 4021 4021 1791 600 4021 47 4021 2557 4021 4022 4021 211 101 4021 4021 430 1791 4022 1993 4021 4022 4021 4021 484 4021 3065 4021 4021 4021
677 4024 1049 4024 4024 4025 4024 1049 4024 4023 4025 4024 1049 4023 4024 4024 4024 4024 4023 4025 4024 1049 4025 4024 4024 4024 4025 4024 4024 1049 4024 4024 4024 4024 4024 4024 4024 4025 4023 4024 4023 4023 4024 4024 4023 494 494 4025 1049 1049 4024 4025 4024 4025 4023 4024 4024 4023 4024 4024 4024 4025 4025 4025 4024 4025 4023 4023 4024 4024 4024 4024 4024 4025 4025 1657 4023 4024 1657 4025 4025
678 4026 353 4026 4026 4027 4026 1922 4026 4026 4026 1679 4027 4026 4026 4026 4026 4027 4026 4026 4026 765 4026 4026 4027 4027 4027 4026 4026 4027 4027 4026 4026 2704 4027 4026 115 783 4026 4026 4027 362 362 4027 4027 1570 552 1860 1860 1860 3571 3571 3571 4026 3571 4027 3571 4027 3571 3571 4027 3571 3571 561 2100
679 709 1795 631 321 631 631 631 631 631 326 1975 2483 2483 1318 2483 2483 2483 1975 2483 11 1717 539 631 631 631 183 631 1795 631 631 631 631 394 1795 631 631 895 631 631 631 4028 1470 631 631 2188 1975 11 11 631 2148 2073 326 235 631 1038 2073 2714 631 2713 2188 1165 631 2073 2013 1536 828
680 499 1079 651 2473 1734 714 421 460 1318 648 289 289 2344 2687 52 746 747 2344 648 14 169 421 2496 1414 169 2802 282 2747 357 169 1116 2374 267 1241 2473 267 688 1466 841 1750 2802 2965 766 2238 841 1466 1466 2802 2965 1414 727 1102 1549 268 2802 3421 1466 2609 1994 1109 2152 1433 1433 1583
681 1016 4029 2103 3658 1376 4029 4029 2186 4029 3658 3658 2947 2947 4029 3658 4029 2103 3658 2947 2206 21 4029 211 2103 3658 2103 2103 3658 2947 4029 2103 2103 4029 2186 2947 4029 1 4029 1057 2947 4029 2186 4029 2103 2103 3658 2509 515 4029 4029 2103 3658 4029 4029 4029 4029 2103 3658 2103 4029 1357 2103 2103 4029 2103 2103 2186 2103 1795 4029 4029 4029 4029 860 4029 830 1582 4029 1266 25 4029 3658 4029 2103 3658 4029 303 4029 4029 1 1 4029 4029 2713 4029 4029 4029 4029 4029 999 3658 2103 3658 2928 4029 4029 2186 2929 2103 30 4029 4029 101 4029 2103 3658 4029 4029 1857 4029 4029 1 2928 2103 4029 4029 2103 3658 109 4029 2103 4029 4029 2186 4029 4029 1022 4029 365 3658 3658 4029 864 4029 1448 2947 4029 3658 4029 515 1 4029 4029 240 501 4029 3658 2103 4029 4029 4029 4029 1642 3658 4029 2929 1045 4029 1376 4029 2103 30 4029 4030 4029 2254 3126 4029 3658 2254 2500 4029 3658 1266 4029 2643 2103 96 3039 2103 4029 4029
682 11 11 1805 2237 1041 2688 2107 4031 1007 1266 550 4031 1007 475 3186 517 272 2946 2946 468 2946 2946 459 2946 838 2946 2946 2946 838 2946 4031 569 263 1155 475 11 11 278 1 1 4031 4031 11 688 2107 1175 4031 4031 958 4031 4031 163 4031 290 4031 209 1805 287 4031 861 1114 865 4031 751 1815 305 11 11
683 2979 2551 2551 3370 2979 2551 1654 3370 3370 2979 2551 636 3370 306 122 2979 1654 2979 2557 2557 494 3370 2979 2979 2557 3370 1202 1654 3370 494 2557 2557 2979 3911 2551 2551 2551 600 1230 1654 3370 600 1230 3370 397 397 2979 600 600 2979 2979 2979 494 2315 1663 494 3687 2979 3370 2979 620 1202 1663 1955 3370
684 1504 1129 1504 1504 1806 78 1504 1560 1504 2203 2807 680 2178 2152 1504 1504 169 414 320 1348 2883 1078 392 414 1388 1111 1078 1100 101 202 270 1368 1388 1504 1504 1504 1941 1504 2725 1167 612 210 66 73 1078 2156 1078 210 1078 670 469 44 1923 452 1504 258 271 1982 1389 101 1760 1078 1111 1941 1770 1111 1504 1181 401 1481 1464 1181 695
685 66 2194 969 67 67 2194 1756 66 2194 851 1102 289 2194 1178 1078 2194 70 321 2154 1178 2154 2194 2194 2154 1498 122 2465 878 2194 2194 1734 67 2194 1178 1729 257 2349 1953 1021 2178 1717 851 1021 2194 1897 1519 1021 67 517 67 1858 2194 1729 1177 1694 602 1067 14 1975 2725 73 602 791 96 614 2525 236 3138 597 99
686 206 4032 11 550 1617 344 1258 550 4033 764 4032 11 1245 4032 4032 344 1258 344 4032 525 4032 1617 1258 344 4032 4033 147 1258 344 2808 4032 2808 525 4032 4032 4034 1258 4032 44 337 4032 2808 4033 550 1617 4032 338 11 4033 28 4032 4032 1617 344 1258 344 11 4032 525 4032 2866 550 1258 344 1190 305 44 147 4032 4032 4032 4032 4032 4032 1608 1617 4032 4032 501 147 337 1613 4033 147 525 4032 4032 4032 4033 4032 4033 4032 4033 4032 4033 4033 147 525 4033 1614 1613 30 147 337 4032
687 2718 2192 2192 2192 2718 2192 2718 687 2192 2192 2718 2192 2718 2192 2192 2192 2192 2718 2192 2608 2718 2192 2718 44 2192 2718 2705 2192 2192 2192 2718 2192 2608 2718 2192 2718 2192 106 106 86 2934 2192 2192 2718 10 2192 2192 2718 10 2192 2192 2718 1002 94 94 2192 90 90 2718 2192 2767 1080 2192 1 106 2718 90 2192 2608 2705 2192 2714 169 2192 2192 2718 1725 2192 2192 86 2541 2192 2718 2718 10 2192 2192 2718 2192 2192 2192 2192 2704 2718 2192 2213 2192 1084 2192 2192 2718 10 2192 2718 97 2213 2718 10 2192 2192 2718 2192 106 2192 2718 2192 128 2192 2718 3044 2192 2718 2192 2718 128 2192 2192 2192 460 2718 2192 2192 2718 730 2718 2192 2192 2718 2192 106 2192 2718 2192 2192 2192 10 2192 2192 2716 10 70 15 2213 2192 2718 2192 2718 106 2192 2192 6 235 10 2192 2192 687 81 2716 1684 4035 1002 2608 4035 2767 2192 2192 94 2192 2125 10 2192 1400 2192 4035 2209 1 4035 4035 2192 687 2192 1892 2213 2356 2192 2192 2192 10 94 1002 2192 11 2192 1178 2192 2192 106 407 2192 2206 2192 2190 2192 94 106 106 2192 4035 2192 2349 4035 4035 4035 2192 363 4035 2608 4035 11 4035 72 4035 2192 4035 708 4035 2192 4035 1 2192 4035 2192 2608 4035 2748
688 256 1975 1735 1735 256 1735 1 1735 1 1052 130 1742 714 1095 1735 1735 1 130 1735 1 256 1735 1 256 1975 1735 1975 1735 1735 256 1095 1735 1 1975 1742 714 1095 1735 1735 1 1052 130 1095 1735 1 1052 1735 1 256 1735 1 256 1975 1735 1 256 1095 1735 1735 256 1975 714 1095 1735 1735 1 256 1742 714 1095 1735 1735 1 130 1742 714 1095 1735 1735 1 130 1742 714 1735 1735 256 1975 1735 1735 1 256 1975 1735 256 1975 1095 1735 1735 1735 256 1975 1742 714 1095 1735 1 130 1742 714 1095 1735 1735 256 1735 1735 1 1975 1095 1735 1735 1 256 1975 1742 714 1095 1735 1 1742 1052 130 714 1735 1735 1 256 1735 1 256 1975 1735 1735 1 256 1975 256 1975 1742 714 1095 1735 1735 1 256 1975 1742 714 1095 1735 1735 1 1052 1742 714 1095 1735 1735 130 1742 714 1735 1735 1 256 1975 1735 1735 1 256 1735 1735 1 256 1975 1095 1735 1735 1 256 1735 1 1975 1742 714 1095 1735 1735 1 1052 1735 1 256 1735 1735 1 1975 1095 1735 1735 1 256 1975 1742 714 1735 130 1742 714 1095 1735 1735 1 1052 130 1742 714 1735 1735 1 256 1975 1735 1735 1 1975 1735 1 256 1735 1 256 130 1742 714 1735 1735 1 130 714 1975 1735 1735 1735 256 1975 1095 1735 1 256 1975 1742 1735 256 1975 1742 714 1095 1735 1 1052 1742 714 1095 1735 1735 1 714 1735 1735 1 1975 1735 1 256 1975 1735 1735 1 256 1975 1095 1735 1735 130 1742 714 1095 1735 1735 1052 1735 1735 1 256 1975 1095 1735 1735 1 256 1975 1735 1735 1 130 1742 1095 1735 1 256 1735 1735 1735 1 256 1975 1095 1735 1735 1 256 1975 1742 714 1735 1 1975 1742 1735 1735 1 130 1742 714 1735 1735 1 1052 130 714 1735 1735 1 256 1735 1735 1 256 1975 1095 1735 1735 1 1742 1095 1735 1735 1 256 1975 714 1095 1735 1742 714 1735 1735 256 1735 1735 1 256 1975 1735 1 1975 1735 1742 130 1735 1 1975 1975 1742 714 1735 1735 1 130 714 1095 1735 1735 1 1052 714 1735 1735 1052 130 1742 714 1735 1735 256 1975 1095 714 1735 256 1742 714 1735 1735 1 1052 714 1095 1735 1735 130 1742 1975 1735 1735 1 256 1975 1 1742 1735 1 1052 1742 714 1735 1975 714 1735 1 1052 130 1742 714 1095 1735 1 1975 1095 1735 1735 130 714 1 256 1742 714 1095 1735 1 130 1742 1095 1 256 1735 256 1975 1095 1735 1735 256 1975 1742 714 1735 1735 1735 1 256 1 1975 714 1 256 1735 1 1735 1735 1 256 1735 1 256 1975 1735 1735 256 1975 1095 1735 1735 1 1 1 1742 714 1735 1 1052 1742 1735 1052 1742 714 1735 1735 1735 256 1735 1735 1 256 1975 1095 1735 1975 1735 1 1975 1 1975 1735 1 1975 1742 130 1742 1735 1735 1052 130 1735 256 1975 1735 1 1975 1742 1095 1735 1 1742 714 1095 1735 130 1742 714 1095 1735 1735 256 1735 1 1975 1735 1095 1735 1 1975 714 1095 1735 1735 256 1735 1 1052 130 714 1735 1735 1 130 1742 714 1735 256 1975 1 256 1975 256 1975 1095 1735 1742 714 1 1095 1735 1735 1975 1735 1975 1095 1735 1735 1742 714 1095 1735 256 1975 1742 714 1095 1735 130 1735 1735 1 1052 130 1742 1735 1975 1735 1735 1975 1095 1735 1 256 1735 1742 714 1095 1735 1735 1052 130 1735 1052 130 1742 714 1735 1735 256 1975 1735 1 256 1975 1975 256 1975 1742 1095 1735 1052 130 1095 1735 1 1975 1735 1 1052 1742 714 1735 1052 1735 1975 1735 256 1 1095 256 1975 714 1 1975 1095 1735 1735 130 1735 1742 1735 1735 1 1975 1735 1735 256 1735 1735 256 1975 1 1742 714 714 1095 1735 1735 1735 1052 714 1735 256 1 1975 1095 1742 714 1095 1735 1735 1735 1735 1 1975 1742 714 1095 1735 1735 1975 1735 1 1052 1742 1735 1735 1 130 1742 714 1735 256 1735 256 1 256 1975 1095 1735 1735 1975 1735 1975 1742 1095 1735 1 1742 1095 1735 1 1052 1 256 1975 1735 1 256 256 1975 1095 1735 1735 256 1975 1742 1095 1735 1052 130 1742 714 1735 1735 1 256 1 1975 1735 1 1095 1735
689 1075 1075 1561 1075 1528 1075 1561 1075 67 1561 1075 1075 1075 1532 1075 1527 1558 1561 393 1075 1561 1075 1561 1075 1580 1527 1561 1075 1561 1075 1561 1075 1075 1075 1528 1527 1075 1561 1075 1075 1075 1558 1561 70 1561 1546 1075 1075 44 222 1561 1075 1561 874 1561 1561 1528 1075 1561 1561 1561 1075 1561 1075 1075 2713 2370 1075 1075 1075 1561 1561 1561 1561 1075 1561 1075 874 1075 1075 1075 1075 1075 874 1075
690 927 927 4036 2522 3362 4036 925 925 3356 3364 431 431 642 2308 4036 927 925 925 3362 4036 4036 3250 2522 3359 4036 3362 4036 3356 4036 2743 3020 925 2522 4036 667 2232 3359 925 927 3020 3363 3359 3363 2522 1205 3362 4036 1962 3363 4036 3356 924 1205 455 324 3362 3020 2039 777 3363 927 1955 926 3359 3356 2198 828 927 3363 3363 1205 925 927 927 3363 2522 661
691 1357 2734 1810 21 357 10 1479 90 67 510 220 2085 100 790 1041 216 351 462 1479 3330 1925 1980 1357 214 460 198 1810 272 357 1809 357 1009 563 284 963 1827 1639 473 1497 1007 13
692 291 300 300 413 169 1132 1392 202 169 413
693 1176 3070 1176 1176 4037 701 3070 1176 4037 701 3070 4037 701 701 3070 1176 4037 4037 4037 4037 4037 3070 2478 701 3070 4037 4037 4037 4037 1176 4037 4037 527 3070 4037 3070 1176 1176 4037 1176 3070 4037 1176 786 895 4037 4037 2704 315 701 4037 169 4037 3070 3070 3070 4037 4037 1176 3070 4037 4037 3070 4037 4037 4037 169 551 4037 11 4037 3070 3070 4037 4037 3070 402 3070 4037 4037 875 1091 3070 4037 4037 2033 3070 4037 4037 3070 4037 3070 4037 4037 4037 1787 4037 4037 3070 4037 4037 67 67 4037
694 4038 4038 4038 4038 4038 4038 4038 3130 4038 2053 1022 4038 4038 4038 4038 2053 1 3130 2053 2473 2774 3788 3130 129 3130 1705 3130 3130 2076 2053 3130 2053 2053 2053 2076 2053 2053 129 2053 3130 118 127 133 3130 796 2618 62 2253 1307 2053 1366 581 2086 3130 2053 2112 2076 3130
695 1115 1112 1112 1112 73 262 67 1112 1112 1112 1112 1366 1112 1112 1112 460 1112 1112 1799 1112 1146 460 1583 1112 1112 1112 1112 211 1112 1112 1112 1 1018 1112 1112 1112 1112 1112 465 1112 1219 1 3163 1112 1469 1112 465 1112 1112 1112 2467 1682 89 1395 30 845 854 465 465 1112 1112 2594 465 1112 1112 257 1112 1112 84 1799 329 1112 807 1112 1112 1112 1112 2214 1112 1112 812 1112 126 1112 1112 234 111 1552 854 854 1366 1148 1148 126
696 515 2517 4039 4039 3785 4041 4039 73 3785 4040 4041 3785 1789 176 4041 4039 176 4039 303 3785 4041 4039 4039 3785 4039 4040 4039 1750 4041 4040 4039 4040 4041 1789 4040 4039 4040 4039 4039 414 4039 3785 2517 3785 1549 84 303 4040 410 4040 515 4039 2517 4040 4040 4039 73 4039 1105 4041 324 1753 1974 4039 401 4039 4041 3785 804 4039 3785 2517 3785 303 3785 4039 4040 291 392 209 4041 2517 2517 4040 3785 2800 3785 4040 4039 4041 1789 2509 4039 2028 3036 4039 99 4039 3785 982 4039 303 4039 2517 3785 3785 2238 122 854 2517 4039 4039 4039 4041 2214 4039 4039 3785 1102 2199 1750 1 3785 4039 515 303 2517 4039 883 4040 4039 176 1583 4039 4039 1872 3785 3785 4040 4039 4039
697 4042 4042 4042 4042 891 979 84 208 4042 4042 4042 4042 3048 1578 1995 4042 4042 4042 4042 4042 4042 1662 4042 4042 449 4042 664 42 4042 42 4042 4042 4042 4042 4042 4042 4042 4042 42 4042 42 744
698 4043 3138 4043 4043 4043 4043 4043 1662 4043 4043 4043 4043 4043 4043 4043 45 932 4043 4043 385 4043 4043 1413 4043 4043 4043 4043 4043 385 4043 4043 4043 4043 4043 516 50 54 4043 4043 54 4043 4043 54 1821 4043 2129 455 54 4043 4043 53 4043 4043 455 4043 54 4043 4043 4043 2784 4043 4043 54 455 54 455 4043 385 4043 54 2784 381 4043 54 4043 53 54 455 4043 54 54 450 4043 4043 247 54 4043 455 2784 381 450 4043 54 4043 2784 381 450 54 2784 1413 381 450 4043 50 4043 455 2784 4043 4043 2784 381 4043 53 54 2784 381 450 4043 455 4043 455 4043 455 54 2784 4043 4043 385 455 50 50 54 455 4043 50 54 4043 4043 4043 4043 4043 4043 4043 4043 4043 4043 514 4043 4043 1245 3508
699 47 97 3645 3645 3645 298 295 2171 1821 1016 3645 3645 4044 2511 1016 3645 3645 1305 3645 1016 652 1721 2748 1016 3645 3645 966 651 104 130 1016 30 1583 2374 384 2115 298 295 993 1016 2053 1016 2192 0 2213 384 2943 2192 2053 2190 1091 78 239 2911 391 1356 1016 410 2911 2209 355 3499 1821 2911 1016 169 793 2053 169 1016 1016 1758 1016 476 1016 1016 1126 2113 1109
700 3019 2711 2075 1827 3019 2711 2061 2711 2711 3019 2711 3019 3019 2061 2711 3019 1747 1221 1 52 11 1827 301 2711 329 2711 3019 1647 2878 18 3019 2711 2255 169 3019 82 2878 2878 1221 878 91 190 410 3036 2878 3019 1586 1221 388 3019 52 1859 2200 1536 560 2878 878 1789 1008 2878 1722 52 878 1859 2878 794 934
701 4045 2363 174 4048 4046 523 4051 4048 148 211 523 2471 4048 174 174 2471 4048 4048 523 174 725 4048 4048 4046 523 4045 174 4046 2518 4045 174 2471 523 4045 174 2471 4048 4046 2471 523 4045 4048 4048 583 4046 523 4047 174 4046 2471 523 4045 4046 523 4045 4048 4048 2518 4046 908 211 4048 4051 4045 174 4048 2518 523 4045 4050 147 727 4048 4046 523 4050 4045 2363 4048 2468 4048 4046 523 2471 4046 523 473 2518 2471 4048 523 4045 523 4045 4048 2518 2363 4048 4051 1873 4048 4046 523 4045 4047 4048 2518 523 4046 523 4045 4050 2471 4046 2518 523 4045 174 4046 523 4048 4047 4048 2518 523 4045 4050 174 2471 2468 148 4048 55 4048 523 4045 1475 2471 4048 2518 1475 523 2471 4048 4046 2518 4048 4051 893 4048 2518 4046 2518 523 4045 174 4046 2518 523 4045 2471 523 727 4048 4046 2518 523 4045 174 4046 2518 523 4045 2471 4048 4046 523 4045 4048 1398 2471 4048 4048 4046 2471 523 4047 2471 4048 4045 268 205 45 1131 2471 4046 4048 4046 2518 4046 2518 523 2468 4046 310 360 4048 4048 2468 4048 4051 4048 2468 2471 4045 174 4048 4046 2518 523 4045 174 4048 4046 523 2471 4048 4048 4048 4046 523 4045 4047 174 2471 4048 2468 4046 2518 4047 523 4050 4045 2471 4046 2518 523 4045 174 2471 4046 523 4045 2471 4048 4046 2518 523 4045 2471 2471 4048 4046 2518 4046 2518 523 4045 174 4046 2471 2518 4045 523 4045 4050 174 523 4045 2471 4051 4048 2471 523 4048 4046 523 2471 2471 4046 523 4045 2471 397 4048 4046 2518 4048 523 4046 2518 523 2471 4046 4046 4050 4046 523 4050 4048 523 1783 4046 4045 176 176 3027 1616 2518 2471 4047 4045 2669 4045 2669 174 2615 2669 4045 1460 2669 4047 2513 4048 523 4045 2363 361 523 523 4047 1460 523 4048 4048 4051 2518 4047 1460 4045 2335 4048 2518 4045 523 3134 1460 523 4047 174 40 4051 4048 523 4045 4048 4049 2518 4045 174 2518 3027 2468 4048 523 174 4048 4048 4051 4048 4049 523 4047 174 4045 174 607 4048 2518 4048 2471 4048 2468 912 4051 711 3027 240 501 904 148 4048 4048 1475 523 4050 2518 2018 1471 4049 4050 4048 2518 3027 4049 523 4045 2363 306 2518 174 4051 3027 4048 2518 4048 523 2518 523 4048 4048 2518 4050 4049 2518 523 4045 4048 4049 523 2670 4049 2518 523 4048 4049 4045 523 2518 40 3027 4049 523 4051 4048 4049 2518 523 4047 4049 523 2518 523 4045
702 1 4052 966 4052 1074 1897 1789 2278 2214 1644 499 4052 4052 4052 2017 2246 285 2214 285 4052 972 972 4052 794 1012 1129 2246 4052 1789 1012 972 2164 320 1536 217 87 285 1937 2017 972 4052 555 169 4052 81 2594 972 1003 1789 2245 955 688 14 2171 972 1789 4052 2210 2222 320 2167 209 2436 2087 1827 1094 739 1228 2210 320 554 1938 1165 2086 828 546 2204 2188 1694 169 1154 401
703 659 677 299 299 659 494 299 677 659 3862 135 299 677 1644 87 140 1242 2560 2178 299 4053 140 659 2410 1734 1214 497 677 659 677 140 3862 1742 3862 3862 490 488 494 3862 135 299 299 140 135 659 609 1299 3862 924 659 299 3862 3862 924 3363 659 299 924 125 775 597 465 47 541 697 3989 273 659 609 449 597 499 1531 67 527 3862
704 3583 4054 4055 4054 4055 4054 4055 4054 4055 4054 4055 3583 4054 3583 4054 4055 3583 516 516 3583 492 4054 4055 3583 4054 4055 3583 4054 4055 4054 4055 3583 3583 516 4054 4055 3583 3380 3583 4054 4055 4054 4055 4054 4055 4055 2169 4054 4055 4054 4055 4054 4055 4054 4055 3583 3380 4054 4055 3579 4054 4055 4054 4055 4054 4055 562 4054 4055 4054 4055 4054 4055 4054 4055 42 2775 176 2340 1581 18 413 4054 4055 4054 4055 3583 42 2775 4054 4055 3583 3579 4054 4055 4054 4055 4055 4054 4055 3583 4054 4055 4054 4055 4054 4055 516 4054 4055 4054 4055 42 1284 47 4055
705 2952 4063 4062 4056 4057 4069 4062 1637 4064 2550 3735 2960 4070 3960 4068 2550 3735 4063 4060 4070 1594 768 1574 3083 2550 3735 2960 1637 4063 4062 4061 4067 4056 4070 2840 1594 1594 768 1857 1240 4064 4064 2952 4065 1637 4062 3083 1574 3151 4056 4057 1637 4058 2952 3735 2550 4059 1030 2499 1594 2840 4070 1386 768 3083 4056 4069 4067 4062 4058 3735 2952 4058 2499 2450 4070 4070 3735 4064 2550 1637 4062 3082 444 2840 1398 1594 3735 2960 4056 3735 4059 4064 4067 1594 1857 4056 4060 4060 907 4061 4062 4063 2550 4059 4064 2952 4064 3735 2960 4065 4057 4056 3960 768 1857 3126 1529 1574 4056 4069 4060 4067 11 2550 3735 4065 3083 3083 1857 3126 1386 2840 4070 1166 1594 334 1574 4060 4069 4060 1637 4064 2550 2952 4061 4066 4058 2840 2450 768 2550 4069 4070 2840 768 3083 332 4069 4060 4067 4065 4063 4062 4067 4060 4056 4066 11 4061 1637 4064 2550 4066 4056 3960 1857 1529 3126 3083 1574 2550 4066 3083 164 3960 4068 4070 2840 1594 3083 1574 4069 4060 4067 4062 4064 2952 4065 4063 4062 3559 3559 3960 4068 4070 1386 2840 1398 1594 3126 1857 1574 4057 4060 4058 1637 4063 1386 4070 4068 164 3083 1574 4069 4058 1637 4063 4060 3083 67 4068 3960 2840 3083 4056 4057 2952 4066 4059 4061 4056 4061 217 2502 1561 402 147 4069 1637 2952 4065 4058 4063 4062 4069 4064 3735 2960 4063 4061 4067 4057 886 100 1386 4068 3083 4056 4060 4070 164 1574 4069 4060 4067 3735 2960 4064 2952 2952 3960 4068 1386 217 3083 4060 2550 4066 2952 1637 4063 4061 4060 4056 1529 2840 1594 768 1386 4070 1386 4069 4060 4061 4062 1637 4064 2952 4067 4060 4057 3960 4070 4070 2840 3083 332 4056 4060 11 2550 4059 3735 1637 4060 4056 4068 3083 3083 4057 4069 4067 4062 4058 2550 893 4060 1574 3151 4056 4062 4059 4058 1637 4061 4060 4056 3960 768 886 1386 4070 3960 4068 3083 3151 4063 4065 4066 2952 1637 4063 4067 1308 4070 1857 4069 4060 4064 2809 2840 768 4064 4066 4065 4063 4061 4067 4057 4068 2840 100 1574 3151 3083 4060 4063 1637 4066 2550 1637 4063 4061 4067 3559 2828 3960 4068 217 2840 1574 4062 4058 2952 4064 4066 11 4070 3960 1386 768 2840 3083 4060 4067 4063 4065 4066 4065 4063 4060 4057 4056 3083 4068 2550 3735 2960 4059 2952 4061 4056 4067 4063 4067 4066 4066 2952 4063 4061 4062 1637 4064 4066 2952 4067 4057 3083 2960 4066 934 934 3586 3083 4067 4063 1637 4070 1386 100 2840 217 4062 1637 2952 4061 170 164 4069 4062 4058 4065 4059 2952 4065 4063 1390 4056 1637
706 550 712 1064 761 778 778 802 1064 363 761 11 1719 778 163 293 778 3023 2496 3023 3023 3023 3023 778 3023 829 3023 2608 778 778 2933 778 1238 761 4071 778 3023 778 4071 761 4071 3023 778 225 2094 3023 4071 761 1436 2608 3339 1064 4071 2094 3023 4071 4071 761 778 402 761 4071 2608 4071 778 2094 312 4071 4071 4071 4071
707 4072 4072 4072 169 326 2708 4076 4072 4072 4072 4073 4072 4073 4076 326 2708 4072 4073 4073 4073 4072 4076 4073 4072 4072 4073 4072 4073 4072 2708 4073 4072 2430 2708 4076 4073 4072 169 2708 4073 4072 2430 2708 4073 4072 169 2430 326 4073 4072 4072 4073 4073 4072 1663 4075 4073 4072 4074 4075 4073 4072 2708 4076 2430 4072 4073 1911 470 4072 4073 4072 4073 4072 4073 4072 4073 4072 4073 4075 4072 4073 4075 4072 4073 4072 4073 4072 4073 2708 326 4073 4074 4075 4073 169 2708 326 4076 4073 4072 4073 326 4076 4072 4073 2430 4072 4073 449 4072 4073 449 4073 1498 326 4073 449 924 449 924 449 1522 903 3128 4075 664 924 449 962 2938 4075 3128 903 552 1090 895 467 397 641 326 362 641 999 326 641 169 585 3128 4075 2430 169 909 641 4076 326 4076 169 326 169 326 4076 169 326 4076 4076 169 4076 449 169 4076 326 449 449 1181 569 641 169 4075 4075 4074 449
708 1904 1904 2683 310 2683 47 1705 2041 962 531 2683 2683 1904 13 559 1030 47 1596 45 1295 96 1089 1577 1583 336 2683 1904 2683 2683 1904 2683 2683 1904 1904 129 828 2041 1056 2683 697 2683 45 1596 1245 2683 2683 1904 1937 1826 788 2683 397 2111 2149 362 362 1226 2041 655 2041 45 2467 47 77 305 179 1596 45 1245 45 1351 1825 240 1245 1017 1245 1245 418 1245 738 1806 1245 11 11 45 1596
709 4077 4078 4077 2253 4077 4077 4077 4078 4077 4078 4077 460 4077 4078 4078 4077 4078 4078 4078 4078 4078 4078 4077 4078 4077 4078 4078 4078 4077 4078 4077 1162 4078 4077 4078 4077 4078 4078 460 4078 4078 4077 4078 4077 4077 4078 327 4078 4078 4077 4077 591 4078 4077 4078 4077 4078 4078 4078 4077 4078 591 4078 4078 1523 1523 4078 4079 4079 4078 4079 4078 4079 4079 122 591 4078 4078 4078 4079 4078 4079 4079 4078 4079 4078 4078 4079 4079 4079 4079 846 4079
710 11 4082 1162 4082 4082 1078 1851 4082 596 4082 1973 4082 4082 4082 1023 4082 4082 4082 4082 1730 1705 4082 4082 596 133 4082 4082 4082 114 127 127 4082 4082 4082 1078 1922 1078 4080 990 807 4080 305 1078 1301 325 4080 4080 1078 4081 3325 4081 4081 127 4080 597 1078 2186 4081 4081 127 4081 4081 1770 465 4081 127 614 420 4080 127 4081 4080 4081 4081 4080 4081 4080 4081 4080 4081 4081 4081 4080 1372 670 4081 4080 127 237 1906 1350 309 1078 4080 4081 418 4080 2596 4080 4080 1705 4080 2596 4081
711 254 595 1042 1319 691 883 1915 1915 1319 686 1906 883 1915 1915 47 1906 1915 254 1197 618 686 402 254 392 392 392 409 409 686 691 1906 1073 1675 1915 1906 1319 293 1197 1915 1910 1249 325 691 1356 1516 614 103 1132 1319 691 1073 1132 1073 1510 1510 648 1186 2351 254 0 402 254 169 169 2351 2351 686 691 2351 1947 1186 85 1319 33 1906 1915 883 1319 3126 18 686 1915 1103 1678 1186 254 1122 1011 408 254 397 1186 293 1915 1947 47 402 1915 33 339 1915 402 47 293 33 1295 539 402
712 255 274 1375 3966 255 3966 3187 41 1064 2685 3966 255 2292 2292 3966 1375 1375 1375 1911 1287 1375 169 1375 3966 255 274 1375 3966 274 964 1375 460 287 1375 3966 1375 2081 1375 3966 1375 3966 1375 3966 3966 795 1171 2081 41 3966 1375 3966 1375 472 3966 1375 3966 3966 3966 1375 3966 1978 517 392 41 18 2928 3966 1375 1375 1375 3966 255 3966 1375 1375 3966 1302 1375 3966 2081 517 3966 1375 255 895 1375 3966
713 674 4083 4083 1319 4083 4083 4083 4084 4083 4084 4083 4083 4084 4083 4084 4084 4083 4084 4083 4084 4083 674 2623 4083 4083 4084 674 4084 4083 4084 4084 4083 52 4083 4083 674 132 4084 674 1770 132 674 4084 132 545 132 132 4084 674 691 132 132 132 4084 4084 132 4084 674 132 4084 4084 1132 132 695 301 132 52 4085
714 2841 2612 1437 4086 4086 256 1775 1775 2841 2612 2841 4086 125 4086 2612 2612 1510 1775 595 1510 2612 1 1 2612 1254 169 1 2612 4086 2841 1 2841 1929 1775 2841 4086 4086 1910 1906 1221 1775 1 2841 4086 2612 1921 1775 1 1 2612 4086 2841 2612 2841 299 449 169 2612 2841 1913 2841 2612 4086 2612 2612 2841 2612 2612 391 1775 1775 2612 2612 2612 270 169 1 1 2612 391 1775 2841 1775 1 1213 2612 2156 1510 1775 614 1910 1906 860 1096 614 1517 670 595 4086 1504 1110
715 1295 3480 140 491 494 140 460 4087 4087 4087 54 4087 4087 4087 4087 4087 4087 4088 4087 4087 4087 4087 4087 4087 491 288 4087 4087 4087 4087 491 4087 672 211 1135 4087 492 496 4087 1201 4087 491 140 1118 4087 490 4087 311 496 4087 492 230 4087 4087 4087 140 1413 1195 878 4087
716 4091 4089 4090 4091 4090 4089 4090 4090 4090 4090 4090 4091 4090 4090 4091 4090 4089 4090 2092 4090 4090 4091 4090 4090 2092 4090 2092 4090 832 4090 4091 2092 4089 4090 4091 4090 4091 4090 4089 4089 4091 4090 4090 4089 4090 4090 4090 4089 4091 4089 4090 4090 4089 4089 4091 4091 4090 4090 4091 4090 4090 4089 4091 4089 4089 4091 4089 4090 4091 4090 4089 4090 4091 4089 4090
717 4094 1316 4095 4093 4093 3746 2341 2342 169 600 106 106 1605 4092 4094 4094 181 153 2341 4092 1316 2035 4096 4095 4094 1316 2039 1275 169 172 153 2341 4092 4092 2341 4092 2342 1518 4092 3746 4094 4095 4093 3746 3746 4093 4094 4094 2342 1507 2347 101 2021 153 2341 4092 3746 4094 4092 4095 4093 3746 4092 4095 3746 4093 4093 3746 4095 1316 1627 3636 140 4092 2410 1316 4095 101 4092 4094 4095 3746 4095 4093 3746 2341 4092 4095 3746 2341 165 2134 2331 155 524 4092 153 606 4094 4095 3746 4095 3746 1316 4092 4095 4093 3746 4094 4092 3746 2341 2341 67 169 1250 138 478 4092 4092 4093 3746 151 832 177 4092 4095 4093 3746 4092 3746 4093 3746 4092 4094 3787 460 4095 3746 3746 4094 4095 4093 3746 4092 4095 3746 4092 1499 268 4095 2342 2052 47 172 153 2341 4092 259 4092 2342 3746 4095 3746 1381 1238 4094 2342 2164 178 172 4092 4092 4095 4093 4092 4095 4093 3746 4095 4093 3746 678 4092 4095 3746 4092 2087 340
718 211 158 550 1326 211 3193 288 430 3399 465 169 3019 3399 3399 465 430 2796 87 125 430 2557 465 465 3193 106 2394 85 2556 1654 2553 600 1654 430 3399 2308 2307 2307 125 1084 1365 3399 3399 465 465 4097 3399 4097 636 4097 305 3399 636 3399 4097 3399 430 3399 169 3399 4097 465 3399 293 3399 465 4097 465 4097 3399 4097 3399 169 4097 4097 2796 1741 4097 4097 4097 1039 1646 1761 3399 1300 4097 1927 3399 465 4097 3399 4097 3399 465 3399 3399 465 3399 465 169 4097 3399 3399 3019 4097 3399 3399
719 3302 3302 1761 3065 3237 4006 1955 3237 3237 3237 3237 3237 3237 1761 3237 3237 3237 1119 1761 3237 2309 2557 1761 1955 2636
720 269 552 1039 111 163 4098 628 205 45 4098 510 287 4098 628 1023 2481 258 2481 1163 746 269 4098 4098 214 4098 2481 1023 176 54 42 519 2087 1 1 1827 2087 4098 1015 272 510 458 4098 1023 4098 2481 2481 529 209 4098 2481 1023 4098 446 169 258 4098 362 1095 2806 1023 1357 1 4098 4098 1023 2589 169 169 4098
721 3155 2956 1869 2956 4101 2827 2956 827 4099 2956 2956 4101 2827 2956 3155 3801 4101 2176 186 4100 2956 827 4100 1278 2956 4100 2827 2956 4099 863 1278 1278 4100 4101 2956 4099 3155 2956 4100 2827 4100 4101 2956 3155 4101 2956 3155 4099 3155 4101 2956 3155 827 165 3155 4103 3155 4100 3155 4103 3801 3155 2956 4101 2956 3155 4099 4099 3155 2956 4100 4101 2956 4099 4100 827 827 4100 4101 2956 3155 3155 4101 2956 3155 827 4100 2956 827 4099 2956 2956 3155 4103 2956 4101 4100 2956 3155 3155 4103 4103 2773 4099 827 4101 2956 3155 827 3155 827 4099 2956 4100 4101 2956 4100 2956 2956 4101 4100 2956 2956 4103 4100 4101 2956 827 2956 4100 4101 2956 3155 827 3155 2956 4100 4101 2956 3155 827 827 3155 4103 3155 4100 2956 3155 827 827 65 3155 4103 3155 2956 4100 4101 2956 3155 4099 863 2956 4100 4100 4101 2956 3155 1295 3155 3801 4103 4100 2956 3155 4099 3155 4103 3155 2956 4100 4100 3155 4103 3155 2956 4100 2956 4100 2956 3155 2956 827 4100 2956 3155 2956 4100 3155 2956 2956 3155 3801 4103 2080 1393 863 2956 2956 827 4099 2956 4100 3155 827 3801 2956 4100 1865 827 2956 4103 827 2956 316 4103 3155 1486 2956 4099 3801 2956 4103 3801 4099 3801 4103 2956 4100 4100 2956 4102 4102 4100 4102 1062 4102 4099 2956 4102 2956 2956 4103 2956 3155 4103 2956 4102 2956 4100 2956 4103 4100 2956 4102 2956 3801 4103 4100 2956 4102 336 783 1161 4102 165 2956 353 4103 4100 4103 1833 4100 4102 2956 4103 514 4102 1281 1062 4102 4103 2956 4102 2956 4103 4100 2956 4100 4103 3155 346 4103 957 4100 4103 4103 2956 2956 4100 2956 4103 2956 4100 2956 4100 4100 2956 4099 4103 2956 673 2956 4100 673 2956 673 4100 2956 357 4100 2956 2956 4103 3801 4100 188 2956 3801
722 4106 3064 4105 4106 3064 4104 4106 4106 3064 4104 4105 4104 4105 4106 4104 4105 4106 3064 4104 4105 4106 583 583 4105 832 832 4106 4105 4106 1006 1463 2336 664 664 4106 3064 4104 4105 4106 4104 4105 547 4104 4105 186 3064 4105 4106 3064 4104 4105 699 783 4106 3064 4104 4105 4104 4105 289 4105 949 2167 2167 949 4106 4104 4105 4106 3064 4105 4106 664 4105 4105 1463 4106 4104 4105 4105 4105 4106 4104 4105 1463 4104 664 3064 4104 4105 4106 4104 126 3218 3218 4104 4105 4105 1037 4104 4104 4105 4106 1271 3064 4105 4105 1764 365 4104 4105 1938 3054 2235 4105 4105 4104 4105 266 4104 2932 1889 4104 4105 67
723 106 4008 1 1 1 4107 398 4107 4107 4108 4017 4107 4108 4107 4108 4107 4107 54 50 1 1 4017 4107 4108 4108 4107 4017 4011 4108 4108 4107 4017 4108 4107 4011 4108 4011 4107 4108 4107 4108 4107 4107 1135 4107 4108 4108 4017 393 4012 4107 4012 4012 4108 4012 4012 4011 1107 3842 4012 4012
724 675 1584 1971 4109 199 4109 4109 4109 199 4109 1388 1003 675 4109 4109 258 4109 4109 199 199 4109 4109 4109 298 183 4109 4109 4109 199 4109 4109 991 12 199 4109 4109 4109 4109 1939 4109 4109 4109 4109 1038 4109 4109 4109 4109 4109 990 4109 4109 199 1939 4109 4109 4109 4109 4109 1 1939 4109 14 4109 4109 79 362 4109 4109 886 199 1400 1084 2200 4109 1400
725 4112 4111 4113 4110 4114 4115 4110 4112 4111 4116 4111 4112 4114 4110 4114 4115 4113 962 962 962 4116 4111 4116 4110 4111 4112 4113 4114 4112 4115 4116 4114 4110 4116 4113 4110 4114 4111 4112 4111 16 1439 2933 2436 627 2437 587 2507 1156 511 4111 4116 4110 4112 4111 4112 4115 4115 4113 4112 4113 4111 4116 4116 4115 4110 2255 4115 4112 4114 4111 1439 1437 627 2437 67 527 2058 2431 120 218 4111 4113 4114 121 565 828 269 4116 4112 4116 4115 4110 4110 4112 4115 4114 2924 664 609 2480 1854 3227 67 527 2058 2254 3148 47 621 2256 3333 3334 3038 2478 3825 179 1838 784 4116 4115 4113 4110 4112 4116 4110 4112 4116 4115 4114 4113 4110 4113 4110 4113 4114 607 402 1542 1398
726 4118 223 2280 4117 459 4117 4118 4117 88 1854 1695 1695 4117 326 4117 4117 2154 1550 1368 4117 3150 169 4117 4118 2145 685 2145 4118 4117 52 966 4117 2145 1695 4117 1695 4117 2145 2145 2161 4117 67 4117 4117 2145 4117 1695 4117 2145 4117 936 4117 4117 4117 4118 788 4117 4118 44 67 115 169 164 169 1006 4117 2145 4118 4117 1695 407 4117 2145 4117 1700 67 305 2145 4118 4117 4118 4118 169 4117 2145 4118 550 4118 936 980 697 4117 4118 4117 4118 2145 4118 4117 4117 4117 4117 169 4118 1036 169 4118 4118 1695 4118 4118 362 4118 779 4118 1578 828 157 4117 4118 65 1091 4118 1895 2861 391 67 4117 581 1695 4118 1289 70 67 4118 4118 2802 2280 4118 4118 4118 235 4118 4118 4118 4118 1178 4118 4118 4118
727 277 336 1118 4119 1798 2934 1926 1753 716 397 4119 2065 1798 4119 4119 405 2274 4119 4119 4119 209 4119 4119 1778 209 4119 4119 2737 1254 4119 1348 2061 4119 209 1003 351 4119 1011 2065 1798 4119 391 125 2065 4119 267 4119 4119 4119 2593 4119 266 4119 1582 4119 1798 4119 1753 4119 4119 1348 4119 4119 1921 1178 2061 783 4119 2065 4119 4119 4119 2274 4119 2255 4119 4119 2568 4119 2065 4119 4119 4119 4119 2061 1399 1041 1045 2065 976 4120 976 1178 4120 4120 4120 4120 2083 976 4120 52 733 2694 4120 983 712 1178 391 976 4120 2061 289 863 1583 2065 976 73 2065 2061 4120 976 4120 4120 1299 976 4120 4120 976 4120 976 2694
728 4121 1655 4121 4121 4121 1654 4121 4121 4121 4121 4121 4121 4121 4121 4121 4121 4121 4121 4121 4121 2602 4121 1655 4121 4121 1660 4121 4121 4121 1655 4121 4121 4121 4121 4121 4121 1655 4121 4121 3375 4121 4121 4121 4121 4121 4121 4121 4121 4121 4121 4121 4121 4121 4121 4121 4121 4121 4121 4121 4121 4121 4121 4121 4121 4121 4121 4121 4121 4121 4121 4121 4121 4121 4121 1664 4074 4121 1655 4121 4121 4121 4121 4121 4121 4121 4121 4121 4121 4121 4121 4121 4121 4121 4121 4121 4121 4121 4121 4121 4121 4121
729 47 47 1695 47 4123 1695 1697 47 4123 1697 1206 47 4123 1695 1697 603 47 1695 1697 3772 4122 603 1206 4123 1695 603 461 1206 4123 1697 603 47 4123 1695 3772 4122 603 1206 47 4123 1695 1697 3772 4122 603 1206 47 4123 1695 3772 4122 603 1206 47 4123 1695 1697 603 1206 47 1206 47 4123 4123 1695 3772 4122 603 1206 47 4123 1695 3772 4122 603 1206 47 4123 1695 1697 3772 4122 603 1206 47 4123 1695 3772 4122 603 1206 1695 1697 603 1535 47 4123 1697 603 1206 47 4123 1695 1697 3772 4122 603 1206 47 4123 1695 1697 3772 4122 603 1206 4123 1695 1697 4122 4123 1695 4122 603 47 4123 1695 1697 1206 47 4123 1695 1697 3772 603 1206 47 4123 1695 3772 4122 603 1206 47 4123 4122 603 1206 47 1206 4123 4122 603 1206 47 4123 1695 4122 603 1206 47 4123 3772 4122 603 4123 1695 3772 1206 47 4123 948 1206 47 1695 3772 4122 603 1206 1695 3772 4122 1695 603 47 4123 603 1206 47 4123 1695 3772 4122 603 1206 47 603 1206 47 4123 603 4123 1695 1270 47 4123 1695 130 3772 4122 1270 2507 47 4123 1695 130 3772 4122 1270 4123 1695 130 47 4123 1695 1270 4123 1695 130 3772 4122 1270 47 4123 1695 130 3772 4122 1270 47 4123 3772 47 4123 3772 4122 1270 130 47 4123 1695 130 1270 4123 1695 130 47 4123 1695 130 3772 4122 1270 47 4123 1695 130 3772 4122 1270 4123 130 3772 4122 47 4123 1695 130 3772 4122 1270 47 1695 130 1270 4123 130 3772 4122 1270 4123 130 3772 1695 3772 4122 1270 4123 1695 130 4122 1695 130 1270 47 4123 130 1270 460 4123 130 3772 1270 1695 1270 47 1695 130 4123 1695 130 3772 4122 1270 47 1695 1270 4123 130 1270 3772 4122 1270 47 4123 1695 130 4122 1270 47 4123 1695 130 3772 1270 47 1695 130 3772 1695 1270 4123 130 1695 1695 3772 4122 1270 47 4123 47 1695 3772 4123 3772 47 4123 1695 3772 4122 47 4123 1695 130 47 4123 130 3772 4123 130 4122 1270 397 3772 4122 47 4123 1695 3772 4122 47 4123 130 1270 47 4123 1695 3772 4122 47 4123 130 1270 4122 1270 1695 4122 1270 130 1270 47 4123 1695 130 3772 4122 1270 130 4123 1695 1270 4123 47 1695 130 3772 4123 1695 130 4122 1000 1695 3772 4122 1270 4123 1695 130 47 3772 1270 47 4123 1695 47 1695 3772 1270 130 1270 4123 1695 130 1695 130 3772 47 1695 4122 1270 47 130 47 1695 130 4122 1270 4123 4122 1270 130 4122 1270 4123 1695 130 4122 130 3772 4122 1270 47 1695 130 47 1695 130 1695 130 4122 1270 47 1695 3772 1270 4123 1270 47 1695 1270 4123 47 4123 1695 130 47 4123 3772 1270 47 4123 1695 130 3772 1270 3772 1270 4123 130 3772 1270 47 1695 130 1695 130 47 4123 1695 3772 4123 1695 3772 4123 3772 1270 47 4123 130 3772 47 130 47 1270 47 3772 1270 4123 3772 4123 130 3772 1270 47 4123 3772 1270 130 1270 4123 47 3772 4123 130 47 1270 47 4123 1270 4123 47 3772 4123 130 3772 130 4123 1270 4123 130 47 4123 1270 1270 4123 130 1270 4123 1270 130 130 1270 1270 47 4123 130 130 1270 47 130 3772 4123 3772 1270 4123 130 3772 47 130 1270 4123 1270 47 3772 1270 47 4123 130 3772 1270 47 130 1270 130 1270 1270 47 130 1270 1270 47 130 1270 47 130 47 47 130 1270 47 130 1270 1270
730 4124 108 30 621 1985 3534 2025 1889 2112 108 4124 3534 1889 4124 1783 4124 4124 4124 4124 3534 4124 1015 581 2802 108 1299 1015 1857 421 2802 4124 1559 564 2066 982 4124 1172 587 1467 4124 108 862 108 3910 4124 4124 4124 1783 2066 4124 1889 4124 470 1783 4124 4124 2066 4124 1307 4124 1789 1218 4124 2066 2157 653 108 1789 2066 108 2772 1465 2066 2066 545 1082 697 1378
731 1980 2203 631 4125 631 4125 4125 3331 595 321 1975 537 1972 1111 631 4125 631 4125 4125 4125 4125 4125 1982 67 631 362 631 1895 20 631 1982 4125 631 61 4125 631 631 631 631 631 3040 291 506 4125 631 631 4125 631 4125 60 1 631 631 631 2205 221 4125 1795 4125 61 631 631 4125 4125 631 4125 4125 4125 4125 631 1982 1495 631 4125 1212 4125 4125 4125 169 169
732 3428 45 4126 3739 4126 1289 1847 1765 1279 3739 4126 3739 4126 1279 3739 652 3739 398 1947 1915 1912 3739 2812 3737 3739 4126 59 3434 3739 4126 3739 3739 1319 3739 2812 3739 4126 2812 3739 181 67 3739 1746 2812 3739 3739 59 321 45 321 3739 3739 3739 3434 2812 1847 3739 260 120 288 1279 3038 2812 3739 4126 2812 3739 3739 3739 470 52 652 3739 1952 1727 3739 1103 3434 1717 217 2812 3739 652 3739 1816 4126 1816 3434 2812 957 3739 2812 1746 1827 1279 3737 1856 1279 3739 3739 169 288 4126 652 3739 3737 652 4126 3739 3434 1952 1727 1696 701 1279 1727 1727 3739 3739 3739 3739 256 2088 1807 3739 169 352 2161 3739 3434 2594 691 3739 456 1727 3739 3739 3739 3739 3739 3739 3739 3739 3434 3739 3739 3739 122 1943 1579 1847 3739 115 3739 3739 3739 2545 2812
733 4127 3375 4127 4127 4127 4127 4127 4127 22 2313 4127 4127 4127 4127 4127 4127 4128 4127 4127 4128 4127 4127 4127 4128 4127 4127 4128 449 4127 4127 4128 2978 4127 4127 4127 2938 4131 2938 4127 4127 600 1230 583 4128 4127 4127 4127 4128 4127 4127 4127 4127 4128 4128 4127 4127 4127 4128 4128 4127 4128 4127 4128 4127 4128 1656 4127 4128 1656 4128 4127 4127 4128 1656 4127 1656 1656 4127 1656 4127 4127 4128 2394 4127 1391 148 550 1656 4128 4127 4127 2938 4131 3924 4128 1656 4127 4127 1656 4127 1656 4127 4127 494 1656 4127 1656 4127 1135 2938 639 4128 1656 4127 4127 3375 1656 4127 4132 1656 1656 1709 1656 4127 802 1656 4127 2938 802 1656 4127 4127 2938 2938 4127 1656 4127 1656 4127 2938 802 3924 4132 4128 1656 4127 4127 1656 2938 802 1656 4127 4127 4128 1656 4127 4128 4128 1656 4127 2938 639 2938 4128 1656 4127 2978 4128 1656 4127 4128 259 4128 1656 1709 1656 4127 4127 2938 639 4132 639 2938 4128 1656 4127 1656 4127 4128 3375 1709 4128 1656 4127 2938 2938 4128 4127 2938 4131 639 4127 639 2938 4128 1656 4127 1332 4128 1656 4127 1656 4127 4127 1656 4127 4127 4128 1656 2938 639 4128 1656 4127 4128 4132 4132 2938 4130 4128 1656 4127 4128 1656 4127 4128 1656 4127 4128 1656 4127 4128 1656 4127 4127 4128 1656 4127 1656 4127 2938 4130 639 4128 1656 4127 2938 4130 4131 639 3924 640 4128 1656 4127 1652 4128 4127 2938 4130 639 4128 1656 4127 4128 1656 4127 4128 1656 4127 4128 1656 4127 1656 4127 4132 4132 4127 4130 4128 4127 1656 4128 1656 4127 2938 4130 4128 1656 4127 4127 4128 1656 4127 1709 4128 1656 4127 4128 4127 3375 4127 4132 4128 639 4131 4131 639 4130 639 3924 4132 4127 1656 4128 4128 4128 1656 4127 4128 1656 4128 1656 4127 4128 1656 4127 1656 4127 1135 4129 2938 4130 4131 639 4129 2938 1656 4127 1656 1656 4129 2938 4131 4128 4128 4127 4132 1656 4127 4127 1652 1709 1709 1656 4128 1656 4127 4128 1656 4128 1709 4128 1656 4128 4127 4127 1656 4127 3924 4128 4127 2938 4130 4130 639 1656 4127 1656 4127 1709 4128 1656 4127 1656 4127 1709 4128 1656 1656 4127 4132 1656 4127 4128 4127 1656 4132 4128 4127 1656 4127 4127 4128 1656 4127 1135 4129 4131 4128 1656 4128 1656 4127 4128 4128 4127 4128 1656 4129 2938 4130 639 3842 1656 4127 4128 4129 4130 4129 4128 1656 4127 1656 4127 4132 632 4132 4127 4128 1656 4127 4128 4127 4128 1656 4127 4128 1656 4127 4128 1656 4128 1656 4128 1656 4127 4128 1656 4128 4128 4128 4127 1656 4127 157 2978 1656 4127 1652 4128 4128 4127 4128 1656 1709 4128 1656 4127 4128 1656 4127 4128 1656 1656 3924 4127 4132 4128 1656 4127 4127 4128 1709 4128 4127 4128 4127 4127 4132 4132 4132 4128 1656 4128 4127 4128 4128 1656 4127 4131 4129 4128 1656 2938 4130 639 770 639 4129 4128 4127 4127 1654 4127 1656 4127 1656 3924 4132 1656 4129 639 2938 4128 1656 639 3924 4128 1656 4127 4129 639 639 4128 1656 4127 4128 1656 4128 4130 4128 1656 4130 4131 639 3924 4129 4130 639 639 4128 1656 4127 4128 1656 4127 4128 1656 4128 1656 2938 4130 639 2938 4127 4128 4127 2938 4130 1656 4129 639 639 4129 4128 4129 2938 1656 4127 1656 4127 2392 2938 4130 4128 4129 4130 4131 3924 4131 639 1656 4127 4128 4128 1656 4127 4129 4130 639 4128 1656 4127 1656 4127 2394 4128 4127 1656 4127
734 4134 4135 4135 4135 4135 4133 4135 4133 4135 4135 4134 4135 4134 4135 4134 4133 4135 4134 4134 4135 4134 4134 4134 4135 4134 4133 4135 42 1019 4134 4134 4133 4134 4133 4135 4134 4133 4135 4134 4133 4133 4135 4134 4135 4134 4134 4134 4135 1516 1988 4133 4134 4134 4134 4133 4134 4134 4133 4135 3636 4135 42 1775 176 4135 492 42 4134 492 4135 4135 492 4135 4134 4135 42 4134 4134 4134 492 4134 4135 3636 4135 321 4133 4134 516 4134 4135 4134 4133 4133 4134 4133 4134 4135 4134 4135 4134 4135 4134 42 1246 176 4135 4134 4134 4135 42 1246 4134 4133 4135 4134 1246 4134 4135 4134 4135 42 3809 4134 1504 1019 4134 4134 4133 4134 3809 4133 4134 4134 4133 4134 3809 3809 4134 4133 4134 3809 4133 4134 4133 4133 4133 4134 4134 3809 4134 4134 4134 3809 1364 4134 3809 4134 4134 42 1019 1516 492 4134 4134 4134 3809 1988 4133 4133 3809 1019 581 3809 3809 4134 1019 1246 3809 4134 4134 4133 4133 3809 4134 4134 3809 3809 4134 4134 3809 4134
735 402 239 1074 825 70 709 73 12 1453 822 407 3134 583 1694 948 1291 874 1453 2502 419 67 874 3127 822 1811 169 1164 2034 1340 67 169 1453 18 822 1453 991 1453 1180 277 277 3127 305 1453 169 2255 2113 1441 1453 3127 67 319 1582 1453 169 170 394 1427 2373 1582 1582 1582 3127 1525 66 2714 806 67 1353 1972 2125 581 2257 1471 47 67 822 2047 268 11 1 2351 1448 252 315 810 1953 822 1453 1453 1453 1089 402 2570 73 822 1453 67 1453 3127 3127 67 67 1 2125 3127 293 2096 67 2592 3127 2279 1453 3779 92 851 3127 628 12 733 777 995 822 1544 3225 18 1367 3127 628
736 4020 4020 3170 2203 401 4020 290 209 628 1414 4020 2592 2462 4020 79 401 209 1933 11 106 4020 321 4020 4020 1753 4020 2462 1895 1051 1790 2203 1926 410 4020 4020 569 78 4020 1859 78 1388 4020 4020 4020 4020 1129 1129 1353 4020 554 4020 581 3170 389 79 2061 4020 2462 4020 2462 285 4020 1 4020 1691 4020 321 4020 4020 4020 474 474 4020 29 4020 2462 4020 4020 4020 4020 4020 4020 2203 4020 4020 1933 4020 2061 1414 2883 4020 320 2065 2462 4020 1584 2883 4020 2462 1092 209 320 1060 2883 474 125 79 4020 4020 4020 4020 4020 2065 4020 4020 4020 78 555 106 2243 4020 4020 4020 2043 4020 2883 1377 3170 4020 2199 2883 2883 4020 221 4020 4020 4020 401 2883 1
737 1713 2116 1832 1204 2120 3426 2578 1204 1595 949 799 2123 136 134 232 136 134 1937 563 447 1713 3039 1789 994 1778 447 140 14 285 447 957 1713 1356 947 447 1032 787 957 1778 961 1588
738 2026 4137 4138 4096 4136 2026 4138 4137 4096 2026 4138 4136 4136 2026 4138 4137 4096 4137 4138 2026 4136 4137 4096 4136 2026 4137 4138 4096 4138 4137 4136 2026 4138 4136 4137 4138 2026 2026 4136 4138 4137 4096 4096 4136 2026 4137 4138 4096 2026 4138 4136 4096 4136 2026 4138 4137 2026 4138 4136 4137 4138 4096 2026 4138 4137 4136 4096 4136 4138 2026 4137 4096 4136 4138 2026 4137 4096 4138 2026 4136 4137 4096 4137 4138 2026 4136 4136 2026 4138 4136 4138 2026 4137 4138 2026 4136 4137 4096 4136 2026 4137 4138 4096 4136 2026 4138 4138 4136 4137 2026 4096 4136 2026 4137 4138 4096 4138 2026 4137 4136 4096 4138 2026 4137 4136 4096 2026 4138 4136 4137 2661 4136 2026 4138 4136 4137 2026 4138 4096 4136 2026 4138 4137 4096 2026 4137 4136 4138 4096
739 4139 2446 143 142 4139 140 4139 4139 3030 355 3227 1250 4139 1210 4139 1967 4139 3479 4139 659 1967 2446 2726 659 4139 4139 659 3948 4139 4139 1255 140 659 4139 3948 4139 824 1250 1201 4139 4139 1967
740 4140 4140 3888 4140 4140 4140 125 125 163 4140 4140 4140 4140 3888 4140 4140 3888 4140 4140 4140 3888 4140 125 3888 3888 4140 4140 3888 316 4140 4140 4140 4140 600 4140 67 4140 4140 726 4141 4141 4141 3853 3853 4141 4141 47 125 4141 125 47 4141 47 3888 47 4141
741 4146 4142 4145 3156 3157 3160 37 1266 1286 205 1508 1286 205 3160 3157 1266 1266 37 1286 205 1207 3141 3141 4149 1266 3156 1266 3141 337 1338 1207 701 22 1266 1508 49 3156 4145 3156 1508 37 1266 4149 205 4145 1508 701 4149 2878 1207 780 129 1598 3141 3141 1266 205 455 460 460 205 460 682 1874 3141 4142 4145 3156 1266 3157 3160 37 3156 4142 1266 3156 4145 4142 3157 3160 37 1266 1286 398 4143 701 1266 4149 1508 4146 3141 3141 1266 398 398 3156 1266 1286 205 45 205 3156 4146 4142 1266 3157 3160 1286 205 205 205 3156 4145 701 3078 151 499 205 205 1266 3156 4142 4145 4146 4144 1207 47 560 653 4143 4143 664 3156 3141 3141 1266 3156 1266 3156 4145 3157 3160 4142 4144 4146 1266 3160 37 1286 205 5 5 4143 664 4149 4142 4145 3156 4144 3157 3160 37 968 357 1274 49 4143 1266 3157 3156 3160 37 4142 1286 205 205 775 122 4143 4149 1266 4145 4142 4146 4144 3160 37 1286 3156 1266 701 609 151 3078 205 205 1207 1508 3156 4144 4142 1266 3141 3141 940 188 769 3156 4146 4142 4144 3157 3160 37 1207 701 4143 1266 4149 1508 3156 4145 4142 4146 4144 1266 3141 3141 467 467 467 3156 4142 3157 3160 37 1266 205 4143 1266 4149 664 3156 4145 3157 3160 37 205 701 3156 4142 1508 4149 1266 701 664 659 3862 122 3141 3141 1266 3156 4142 3157 3160 37 1266 205 17 649 1266 3156 4146 4142 3157 3160 37 1266 205 3156 4146 4145 4144 3157 3160 37 205 4143 4149 1266 3156 4144 3157 3160 37 3157 3160 205 4143 1266 4148 3156 4146 1288 1266 701 4143 659 3623 1241 701 1266 664 3156 3157 3160 37 1266 169 4143 3156 4146 4145 4144 1266 348 4144 4148 3156 3157 3160 37 1266 169 326 609 701 4149 4148 3160 1266 321 4143 701 1266 4146 4145 3156 4148 3160 3157 37 1266 1286 205 1207 4143 701 4146 3156 4148 1508 1266 4149 4143 3498 1286 1273 205 3156 4148 1266 701 581 805 1266 3156 4144 1286 205 3156 3157 3160 37 1266 1286 205 1596 4143 701 3156 4146 3160 37 205 1207 4143 701 4142 4142 4148 3157 3160 37 1266 122 3659 125 1207 780 49 4149 1266 3156 259 4144 1266 3156 3141 3141 1266 467 467 780 1286 45 3160 37 3156 3157 37 1286 205 45 45 205 3156 4142 4148 37 1266 99 1831 1266 1273 3156 4142 4146 3156 1286 205 1596 455 664 129 357 828 3141 3141 3156 4142 4146 3141 3141 3058 888 467 467 3156 1266 701 1141 2664 1286 205 45 1207 1266 664 3156 4144 3157 37 3160 1266 1286 4142 3157 205 3156 4145 4142 1266 37 4142 1266 4142 4144 3100 4145 3156 4147 1266 3156 4144 1288 4143 3156 4145 4146 4144 4142 1266 4147 1288 49 4143 1596 4148 4146 1288 51 205 4146 4144 4148 4143 4147 4147 4146 4144 828 4147 4145 4146 4143 4145 4142 4146 4142 157 4144 4142 4146 4145 4147 4143 4145 4144 4146 293 770 4145 4143 3157 4147 4145 4146 4145 4144 4146 1266 4145 4144 4142 37 2922 4146 4142 4146 4143 4147 205 1596 4142 1858 3156 4142 4147 1156 4142 4145 4146 4143 205 4144 4146 1596 4146 4143 4145 4144 775 47 653 4147 4145 4142 1843 1266 4146 4144 1596 4146 4143 4145 37 205 3156 4144 4146 4143 4145 4146 3156 4146 4145 4147 4145 4144 4146 581 4145 4144 4144 4145 4142 4143 205 4144 4144 501 4145 4147 4145 4144 4143 205 2277 4145 4143 4142 1288 4145 4142 4142 4146 4142 4144 4143 4142 4146 4142 205 4146 4145 4142 1470 4145 4144 4146 205 1213 4147 4148 3160 4146 4143 4142 4146 1213 3156 4146 4142 4143 205 4145 4144 4148 4146 3156 4145 4142 4144 4143 1266 205 4147 4144 4147 4146 4144 4142 4143 205 4145 4142 4144 4146 4144 4147 4143 4146 4145 4144 4142 4143 205 3141 4143 4146 4147 4142 4146 4144 4143 4147 4143 4142 4146 4143 4144 1266 4147 4144 4146 4147 3157 205 1266 4142 4146 4145 205
742 11 2234 793 1989 875 4151 3295 4151 4151 4150 4150 3295 4151 4150 3295 4150 1838 4151 4150 3295 4151 4150 4150 357 4151 4150 4150 4151 4150 4150 4150 4151 4150 4150 529 963 4151 4150 828 4151 45 4150 4150 2087 4150 4150 4151 4150 2234 4151 671 4150 4150 4150 2234 4150 2234 4150 4151 4150 4151 4151 4150 3825 2477 4151 4150
743 52 549 650 22 3534 587 1250 659 677 3534 4154 1374 3534 418 3534 1300 549 1207 619 936 1583 3534 1857 125 1250 3534 2932 1250 125 580 695 355 99 1035 1321 541 125 1197 151 659 677 3534 3534 1300 4152 4154 52 3534 4152 4154 73 11 2029 1719 11 2939 2886 1951 31 1999 4152 578 151 1250 659 677 600 578 4152 4154 499 1250 677 600 3534 4154 44 18 549 659 4154 1030 578 1105 1532 2507 1030 505 377 220 570 1583 680 3036 125 578 677 673 3534 52 1854 549 3534 578 4152 4152 499 2802 578 4152 4154 1698 677 4152 3534 4154 305 2794 31 3534 4154 4152 4154 4152 1030 4152 1365 44 549 52 578 4152 4154 3534 600 549 52 3910 999 4152 779 4154 3534 2802 4154 52 1854 4152 1857 2507 3534 1307 609 125 4152 4154 1250 1307 2802 52 125 52 578 4152 4154 3534 4152 4154 549 402 4154 4152 52 4154 549 4152 4154 52 1156 316 4152 4154 4152 2083 2574 4152 4152 4154 1250 1307 4154 52 1999 4152 1889 4154 1365 52 971 4152 4153 52 4152 2794 2802 609 579 4153 4152 4153 578 1307 578 4153 3534 4153 1250 3534 4153 1079 4152 4152 4153 578 4152 4153 3542 3534 4152 4152 4153 4152 4152 4152 4153 3534 4153 4153 3534 4152 52 62
744 1151 2637 2637 956 305 1043 421 2637 2637 2637 1151 305 18 1218 2465 2463 2637 2637 305 1043 1596 530 2637 2637 1498 2637 1151 2637 1151 3170 2637 2637 1151 752 2637 2357 2465 2463 1832 412 305 45 2722 2465 2637 2637 305 2473 854 979 583 1151 752 2204 2637 2637 1262 752 1066 1512 1066 1512 1151 1066 2637 2637 2637 1066 1512 2637 2637 2204 716 2626 1151 3153 2637 3153 1066 2637 1832 2463 1512 2626 1151 3153 1066 2637 2637 2204 2637 2637 1066 2637 17 1066 1262 3153 21 2637 2637 87 2637 1066 1151 87 1011 1066 2626 1151 87 2637 305 1043 1356 1292 3153 1066 2637 2637 12 268 411 1151 3153 1066 2637 2637 1356 519 1151 3153 2637 2637 1151 3153 1066 2637 2637 1984 861 1262 752 1128 2637 1151 87 305 1043 2465 1066 2637 2637 1512 1151 3153 2637 2637 1888 1066 2637 2637 1066 1512 1151 1066 1148 3039 2637 2637 1128 305 1043 2637 2637 3153 1066 1151 1066 2637 2637 2637 2637 3153 336 321 1151 2637 47 1066 2637 2637 1102 1066 1066 2210 2108 1066 2637 1066 1066 2637 122 1066 2637 2637 45 1579 1066 309 1579 1066 18 3153 2637 2637 1151 1043 18 2637 305 1043 2108 1043 2637 1833 1043 1942 2637 2637 1833 2637 2012 440 2637 1043 1151 2637 2592 1093
745 134 4155 1301 134 136 1301 494 495 139 136 954 4155 954 1301 134 136 135 1301 2748 4155 4157 436 136 134 1995 2099 1118 134 1995 1301 134 136 498 134 2131 436 3430 134 947 136 4156 954 134 136 954 2099 768 954 136 2099 4157 1152 1301 1301 1827 1 4155 136 954 1301 134 136 139 4155 136 136 954 954 136 2099 1967 1415 4155 136 136 2099 4157 436 798 954 4155 305 136 2055 1967 798 2446 2099 4157 2099 4157 4155 4155 4155 136 4155 140 4155 4157 136 136 4155 136 2099 4157 954 4155 490 2131 4155 136 2099 139 136 2099 1118 136 2131 2099 428 2099 136 2099 4157 201 933 4157
746 169 246 1 1825 2628 552 456 2515 668 552 456 2515 4019 748 101 527 1060 830 886 6 3408 2776 106 1364 1825 1270 886 989 83 420 1197 3655 1212 436 3005
747 4158 4158 2410 1273 4158 3793 3793 678 4159 556 4158 1298 4158 1298 3793 2467 701 2806 3793 4158 3793 2041 1298 1298 310 4158 4158 914 4158 4158 4158 552 552 1493 613 556 1042 293 1298 779 585 3793 1551 366 3793 2410 366 2792 240 913 2410 2748 796 613 79 188 724
748 4161 4160 4161 4160 4161 4160 1242 4161 4160 1243 1627 3480 3479 1208 4161 4160 1195 3620 1208 1327 4161 4161 4160 1119 4160 4160 1208 4161 2446 4160 4161 4161 1208 4161 4160 4160 1208 4161 1195 4160 4161 1195 4161 4160 4161 4160 4161 4161 600 4161 4160 4161 4161 1195 4160 4161 1208
749 4162 4163 22 4163 4163 668 1645 4162 4162 455 2572 47 4163 4163 4162 1645 305 4162 1645 1616 4163 4162 4163 4162 583 4163 4163 4163 1645 4162 4162 4163 4162 1645 3589 4164 47 4162 1645 47 1914 4164 59 4162 1645 1914 4164 47 4162 4162 1682 1645 185 4162 4163 1645 4164 47 59 1645 47 1849 59 1645 47 1914 4164 59 4162 4163 4162 4163 475 4162 1645 1597 2831 4162 1645 1597 293 181 181 181 4163 1645 668 259 505 1645 52 1645 186 4162 4163 1692 4162 4163 4162 1645 1914 4164 4163 4165 4162 4163 1858 266 1645 4164 47 59 4162 2276 4163 1645 47 1914 4162 552 18 1107 4162 4163 59 4162 4162 4163 4162 4163 2596 1586 52 581 4162 4163 310 4163 4163 4163 505 665 4162 1645 377 305 47 4163 4162 1 186 481 4162 552 455 4163 4162 4162 4163 2898 30 47 59 4163 4163 1616 266 2371 2671 893 4162 2889 1645 4163 4162 4162 4162 3434 785 362 4162 668 4162 4163 4162 1226 4163 4165 779 47 655 879 1145 129 4163 4162 4163 1999 513 186 655 455 186 1307 418 4162 293 181 518 186 2371 4163 4163 35 4163 4163 4165 186 4162 1645 4163 1645 2276 4162 4164 47 1224 59 4162 2276 4162 1645 1914 4164 47 2276 4163 4162 1645 824 2276 4162 4163 1645 1300 581 2276 4162 4163 664 2276 4162 552 1107 665 777 701 4162 1645 52 47 664 4162 4163 4162 600 67 527 2507 4164 47 1224 1645 339 1914 4165 2276 4162 1645 2104 1616 47 59 4162 1616 664 2276 908 1645 4162 4163 1645 1645 1616 67 1471 1471 4163 4165 1471 4162 240 501 4165 1645 1435 339 1471 2371 4165 4165 188 1873 59 1873 4163 4164 1224 709 1645 45 1596 4165 4165 523 47 59 4165 4163 1645 2802 418 1015 4165 4165
750 532 2711 1341 1743 2711 1341 3330 1341 2540 2061 1341 2207 1341 2711 1341 2540 1 2540 2540 1341 2711 1341 3330 2711 2207 961 2540 2540 2711 2207 2540 1341 3330 957 1341 2061 3330 2711 2540 822 2540 14 2711 2207 1341 963 3330 961 3330 1341 2711 1341 2711 1341 1341 2061 3330 2711 1341 2711 3330 1341 2061 2711 3330 532 2711 3330 3330 1341 1341 1341 748 1341 1341 2589 1797 2061 1341 1341 1341 1341 1797 2711 1341 2061 2711 1341 961 2061 961 1341 1341 2711 2694 1091 2061 948 2711 788 2734 2711 3330 1341 2711 3330 3330 3330 2061 3225 2061 3330 2711 1341 2711 1341 2711 1341 2694 2491 2061 2711 2061 1341
751 3308 4168 4169 4166 4168 4167 1965 3308 4168 3308 4166 4166 4170 4170 4166 3308 4167 4169 4166 4168 3308 4169 4166 4168 4167 3308 4168 3400 4169 4166 3308 4166 4167 4166 2557 4169 4170 1707 4166 4168 3308 4167 4168 4169 4167 4168 4169 4166 4168 3308 4166 4168 4169 2745 4170 4166 4168 3308 4166 4169 4167 4168 3308 4169 4166 4167 4168 4166 4170 4166 3308 3308 4169 4166 4168 4166 4167 4169 4166 3308 4166 3308 4169 3308 4166 4168 4169 4166 3308 4168 4167 4166 4170 4167 4170 4167 4168 4170 4170 3400 3308 4170 3400 4167 4170 3400 3308 494 2636 4170 3400 4167 4170 3400 3308 4170 3400 4170 3613 2450 1398 4170 4170 4170 3400 4169 3308 3400 4170 4170 4167 4170 4170 4167 4170 1958 1707 4170 4170 4167 4170 4170 4170 4170 4170 4167 4170 4167 2414 4167 4167 4170 4167 4170 311 106 311 4170 4170 4167 4168 3308 4167 4170 4167 4170 4170 4170
752 4172 4174 3949 138 4172 497 4174 4172 2443 4174 138 4172 138 4172 1243 3480 4174 4173 4173 138 4172 4172 659 4173 3947 4174 3947 4172 138 138 4172 2443 2443 4173 4174 138 4172 2443 504 4173 4174 138 4172 4172 4172 3947 138 4172 3949 4174 138 4172 138 4172 2443 3949 4174 138 4172 3949 1391 3034 4173 4174 138 4172 2443 3949 3947 4174 4173 4173 4174 4173 4174 3949 659 4171 4172 3949 659 4171 4172 4172 4172 2443 4088 659 4173 2443 3949 4171 4088 4172 2443 3949 4174 659 4088 4171 4172 2443 3949 4172 2443 659 3949 4088 4088 4171 2443 4172 486 4171 4172 3949 4088 4171 4172 2443 4173 659 4171 4172 2443 4088 4171 4172 4088 4173 3949 2394 139 659 4171 4172 2443 3949 4088 659 4171 4172 4173 4174 4088 659 4171 4172 4088 4173 4174 2443 4172 4088 3949 4088 659 4171 4172 2443 4172 4088 659 4171 2443 4171 2443 3949 138 4172 659 4088 3949 2443 4088 4172 138 4172 138 4172 2443 4171 4172 4172 2443 4088 4172 4088 138 4172 4172 4172
753 4175 4176 265 4175 4175 4176 4175 4177 4175 4178 4175 4176 4175 4178 265 4175 4176 265 4177 4175 4178 4175 3405 4176 265 4177 4175 265 4178 3797 4177 4177 4175 4178 4175 3405 4176 265 265 4177 4175 4178 4175 4175 3405 4176 265 4175 4176 4177 4175 4178 3405 4176 4175 265 4177 4175 4178 4175 265 4177 4177 4175 4178 4175 3405 4176 4175 265 4177 4175 4178 4176 265 4177 4177 4177 4177 4177 4177 4177 4177 4177 4177 4177 4177 4175 4175 4177 4175 4178 4175 4176 4175 265 4178 4176 4175 4178 4175 4178 3405 4176 4177 4177 4178 3405 4177 166 4177 4178 4175 4175 4178 4175 3405 4176 4175 4177 4175 4175 3405 4177 4177 4177 4175 4176 265 4177 4175 4178 4175 4176 265 4175 4177 3405 4176 4177 166 4177 4175 4178 4175 4177 4177 3405 4175 4175 4178 4175 3405 4176 4175 265 4177 4177 4177 4175 4175 4178 4175 4175 4175 4178 4175 265 4177 3797 4177 3405 4177 4176 265 4177 168 1952 4175 4178 4175 4178 4177 4175 4175 3405 4175 168 4175 4175 4176 265 4177 4177 4176 265 168 4175 4178 4175 4175 4178 4175 4176 4175 4177 168 4175 4175 4178 4175 3405 4175 265 4177 3405 4176 265 4177 168 4175 4175 3405 4175 265 4177 4177 4177 4177 4176 168 4175 1952 4178 4175 3405 265 168 4175 4177 168 4178 4177 4176 265 4177 168 4175 4175 3405 4176 3405 4176 265 4177 4177 3797 4177 4177 168 4178 4175 4175 4177 168 4175 3405 265 4177 4175 4177 4177 3797 4177 4177 4177 168 4175 4178 4175 3405 4176 265 4177 4175 4178 4176 4175 4176 4177 4178 3405 3405 4177 265 4176 4176 4177 4177 4177 4175 4175 265 4177 168 3405 3405 4176 265 168 4175 4178 4176 4176 265 4177 4177 4177 4175 4176 265 4177 3797 4175 4178 4175 265 4177 4178 4175 4176 3405 168 4175 4175 3405 4175 265 4177 4176 4175 4177 4177 4175 4176 4175 4175 4178 4175 4176 4175 3405 265 4177 2076 4177 4177 3797 4177 4177 3797 4177 4177 3797 4177 4177 4177 3797 4177 4177 4177 4177 4177 168 4178 4176 4175 4176 4175 4177 168 1952 4178 4175 4176 265 4177 4177 4177 3405 168 1952 4175 4178 4177 168 4175 4175 265 4177 4175 4178 3405 4177 4177 168 4175 3405 4176 265 4177 168 2076 168 4175 265 168 4178 4175 4177 3797 4178 4175 3405 4176 4175 4177 168 4178 4177 4177 4178 4176 4177 4177 4177 168 4175 1952 4175 1952 4178 3797 1952 4175 1952 4178 4175 4177 1952 4175 1952 4176 4177 4177 168 4175 4175 4176 4175 4177 4177 4177 4177 4175 4176 4177 168 1952 4175 4176 1952 4175 4178 3405 4177 168 4175 4178 1181 3405 4177 168 1952 4177 4177 168 4175 4175 4175 168 1952 4175 4176 4177 1952 4175 4178 168 4177
754 4180 4179 1664 4179 1963 4179 4180 1963 4179 428 1959 4179 4180 2323 4179 2557 494 1664 4179 2323 4179 4180 4179 4179 4179 4179 433 2323 1710 428 4180 1963 4179 4180 4179 4180 4180 4181 4181 3895 432 4181 4182 2323 4180 4181 4180 2323 4181 1963 4180 4181 4182 4181 430 1963 2323 4179 4181 4181 2557 4181 1661 2636 4181 4181 4180 1709 1959 428 4181 1959 4180 4181 1709 1663 494 2742 1963 4180 4180 428 4183 4180 4180
755 2868 45 3542 2868 2878 2868 542 772 2017 1644 1228 1 2868 2868 1536 2799 2868 2171 209 560 2868 2171 1753 2072 2868 2178 2868 2799 2868 1732 2868 2171 2878 2868 1154 2868 2868 1554 336 2868 2868 2799 2222 806 100 2868 2639 2878 2799 1579 2868 1975 1912 2868 2878
756 4184 3912 3879 4184 3879 3912 4184 3879 3976 3879 4184 3894 3912 3976 3912 3976 3912 3879 3912 3879 3912 435 3879 3976 3912 3912 2636 3912 3912 3976 4184 3976 436 4184 4184 4184 4184 3912 3879 3912 3912 4184 3912 1206 1239 3912 4184 2605 3912 4184 3912 3879 3976 3912 3976 3912 3912 4184 435 3879 2229 4184 3876 3976 3912 4184 428 3976 3912 4184 3912 4184 3879 2605 3912 3879 4184 4184 3912 4184 3976 3912 3976 3912 3876 4184 3976 2605 3879 4184 3894 4184 715 3976 4184 3912 3912 2605 3876 3912 2605 3976 2605 667 211 3912 3976 3912 4184 3912 3912 4184 3912 3912 3894 4184 3912 436
757 4186 4185 2513 4185 4063 4186 4185 2513 4186 4185 1827 4186 4185 354 4185 4186 2513 896 4185 4186 4185 4063 4185 4186 893 354 1888 896 4186 4185 3735 3735 4186 4185 4186 3735 893 4186 4185 903 354 4186 4185 4185 4186 4185 4186 3384 4185 4186 3384 3384 4185 3384 4185 3384 3384 3384 3384 3384 4185 3384 3384 4185 3384 3384 3384 1522 1570 1637
758 134 449 2714 1068 1074 3187 1058 947 2589 1789 449 1058 786 449 838 1023 125 2220 1038 1014 2902 4187 4187 1071 4187 2012 1494 4187 1071 2012 362 4187 1068 4187 1071 2012 4187 1071 1068 4187 4187 1994 1071 4187 4187 216 4187 2012 1014 4187 2012 2012 4187 1068 4187 289 4187 1126 4187 366 1071 685 4187 4187 2012 1071 4187 942 1494 2012 4187 1071 2012 4187 1071 1023 289 289 4187 4187 1762 4187 320 1071 4187 4187 2012 1023 1102 2012 4187 994 449 1014 289 2012 4187 1068 1071 1068 4187 4187 2012
759 11 2716 216 2192 2192 2192 2192 286 2192 78 2192 2192 2934 2192 2192 1067 2192 3171 986 2192 2192 8 2192 688 2192 2192 680 2192 1390 232 1 10 2192 2192 2192 2192 1390 377 2192 377 2192 2192 377 106 106 1703 4035 1167 1827 2718 1642 2716 2718 278 2716 2716 2486 4035 2717 379 2717 2717 2717 2717 2717 2717
760 11 348 1999 4189 1640 1999 4188 4190 3516 4188 4188 4188 4188 1640 4188 4188 4188 3060 4188 4188 4190 3060 4190 4188 11 4188 4189 4188 4188 4188 1640 4188 4190 4189 1640 1999 348 3057 1270 2572 47 2906 4188 4190 4188 4188 3005 4188 348 4188 348 4189 1999 4190 4188 348 1999 4190 4188 4190 4188 4188 362 4188 4190 348 1640 1999 3060 4190 348 1640 1999 4188 907 4188 1999 4188 4189 3128 4188 4188 4189 348 4188 4189 4189 4188 4188 4190 4189 910 910 907 4189 3060 4188 3518 4188 1 232 232 4188 4189 1999 4190 4188 4188 240 4188 3057 125 4188 4190 4188 1640 348 1999 4190 600 3057 4188 4188 3538 4188 4190 4188 4189 348 1640 4190 4189 1640 4188 4188 3538 4188 4189 348 4189 348 4190 171 4188 4190 4188 4190 4189 4188 4188 4189 4190
761 2464 499 2884 1366 45 45 2464 701 2463 2884 2464 701 941 2884 2884 854 2369 1230 613 2464 2884 2369 2464 2884 854 1314 1375 854 1366 2464 2464 1888 2464 552 2683 552 2884 2464 854 2884 2369 613 854 45 1366 17 1245 519 519 941 47 2041 1230 1230 2464 505 2464 1245 1366 267 2887 1366 99 2884 2720
762 1086 4192 1086 2173 3535 4192 4192 4191 151 890 4192 4191 890 558 4191 2681 321 890 4191 4191 890 4192 4191 890 392 1821 71 2022 890 4192 890 890 890 4192 890 4192 1086 890 4192 1086 890 890 4192 4191 1086 890 890 4192 1086 890 4192 890 780 4192 4191 890 4192 1086 890 890 890 890 67 890 205 45 526 890 151 1031 1011 4191 890 4192 1086 4192 1086 890 890 363 4191 655 1039 1011 4191 890 4192 549 45 1596 45 890 4192 1266 890 4192 1596 71 1889 983 45 1086 4191 890 1286 71 890 4192 45 890 1889 890 1121 4192 4191 890 4191 890 4192 890 890 4192 2134 4191 890 1931 890 4192 1931 890 4191 4192 392 890 890 4192 4191 890 780 4192 3853 890 890 4191 1086 1086 828 1867 1435 1907 151 4192 890 4191 890 165 4191 4192 4192 890 890 71 890 4192 2130 4191 4191 890 1889 890 4191 890 565 828 4191 2134 4191 890 4191 890
763 1816 2594 618 1910 1816 2594 100 616 1774 1103 1910 1774 2502 217 73 612 2017 1307 2594 85 279 47 1099 614 612 1166 1494 1078 1910 1774 1910 612 1106 276 574 281 281 671 614 1144 415 1505 612 67 2017 1893 247 618 851 1307 295 1548 614 224 2017
764 1917 4193 3475 1917 4193 3475 4193 1920 1917 4194 3475 4193 3475 1917 4193 4193 1124 3475 4193 3475 1917 4193 3475 1917 4193 3475 3475 4193 3475 4194 3475 4193 3475 3475 4193 4194 3475 1917 3475 4193 3475 3186 1920 1917 4194 3475 4193 3186 1920 1917 4193 3475 4193 3475 4193 3186 1917 3475 4193 4194 3475 3186 1917 4194 3475 4194 3475 4193 3186 3979 4194 3475 4193 4194 3475 4193 3475 4194 4193 4193 4194 4194 4193 3475 3186 3979 4193 3475 4194 1917 4194 3475 4193 3979 1917 3475 4194 4194 4194 3475 4193 3979 3186 1917 3186
765 125 125 125 326 2708 125 125 3910 4195 125 125 125 3910 2166 125 3893 125 3910 4195 125 125 326 1355 650 125 125 3910 3224 2802 408 125 2166 125 3910 549 125 230 106 3893 125 125 1114 125 125 125 3910 4195 2435 4195 125 3910 2435 2431 125 436 125 3910 4195 125 125 3910 125 3910 125 2435 2930 125 125 3910 125 3893 125 3910 4195 4195 125 3910 4195 1114 125 600 125 3910 2435 2502 4195 3893 125 3910 4195 125 3910 2435 4195 125 600 4195 305 4195 125 600 600 125 3910 600 125 1148 76 125 600 125 3910 125 600 125 3910 4195 600 125 3910 4195 600 600 125 3910 2435 4195 125 600 125 3910 4195 1783 125 600 991 600 3893 600 125 3910 4195 125 600 125 3910 4195 125 600 600 125 3910 4195 4195 125 600 600 125 3910 125 4195 2572 560 125 600 125 3910 45 4195 600 125 3910 600 125 3910 2435 125 600 600 125 3910 125 600 600 125 3910 4195 2435 2166 600 600 125 3910 4195 600 600 125 47 937 4195 125 3893 600 125 3910 1224 125 600 3910 4195 125 600 600 125 3910 4195 4195 2166 1043 82 125 600 600 3910 4195 600 125 3910 4195 2435 600 600 125 3910 4195 125 125 126 125 3893 600 125 4195
766 1981 4053 4196 1242 478 4053 2832 1242 4053 4053 2832 4196 397 1374 4196 480 4053 1242 4053 4053 800 583 4196 4053 4053 800 4053 4196 4053 4053 4053 519 4197 4053 4053 2832 480 4053 4053 4053 4053 2832 4053 532 140 4053 4053 4197 3641 4197 4053 1193 4053 2832 1071 4053 4053 2832 4053 2832 139 1193 4053 500 1627 140 2593 4053 2832 1242 500 659 4197 4053 1330 2122 500 4053 1330 2122 1330 1619 1619 1330 4197 4053 310 493 2832 4053 4053 1330 2122 1330 4197 4053 1095 4197 659 4197 4053 135 2443 1494 4197 4053 140 1330 2122 4197 4053 1330 2122 1330 4053 659 137 3341 122 125 600 1627 659 1330 1330 2122 2480 2122 1330 1330 673 4197 4197 2122 430 1494 4197 2122 2122 4053 4053 4053 1242 4197 4053 42 4053 3636 1242 800 1509 135 4197 799 549 1250
767 4210 4199 4208 3842 1654 3687 3681 2394 489 2593 3900 3900 3901 4201 4211 4209 4199 4206 4205 487 3619 4209 4204 4208 3593 3842 1654 3687 3687 2394 4205 487 4211 4206 4199 4207 487 4201 504 3901 3841 4200 4205 4199 22 4209 4208 3842 1654 3687 3681 2394 3841 491 4201 428 1200 4199 3899 1208 3893 3894 428 1391 3034 486 4199 4198 4205 4206 487 4209 4198 3901 4201 4206 4204 3892 4198 4199 4200 3901 4201 4204 4202 4210 481 1654 3687 2394 4205 3619 487 4211 4199 4206 4204 4208 3593 1654 3687 3681 3687 4205 3841 3901 4203 4202 487 4203 4202 4211 4206 4211 4210 4205 4199 4204 3892 2229 4199 3619 487 4210 3892 2229 4202 4199 4200 3901 4201 3901 4201 4202 4201 4206 4199 3619 4205 4204 487 4210 4206 2394 3900 3900 4211 4199 3593 4212 2978 3122 4210 487 3619 4206 4211 4199 487 3841 449 1333 4199 4204 487 3619 4199 4205 487 4201 4202 4204 3892 4206 4199 4209 487 4199 3619 3841 494 4199 487 4199 4208 3593 3842 1654 3687 3681 3687 2163 3593 4200 3901 4201 600 1581 487 4206 4205 4199 487 4199 4204 3892 4205 4199 4200 3841 2744 487 3122 3238 1263 4206 4205 4199 3901 4201 4202 4199 4204 3842 1654 3687 3681 2394 3841 3901 4201 489 2593 3899 4207 4204 4205 4206 4210 3892 4202 3619 4209 4199 4209 4204 4204 4208 3593 3842 1654 3687 3681 3687 2394 487 4200 3892 4210 4206 487 3619 4205 4210 4199 4199 487 4204 3892 4202 4198 4207 4205 4200 3901 4208 1654 3841 4201 4206 487 4199 4200 3841 2744 3901 3899 487 4205 3231 4206 487 4199 4200 3901 4201 3841 894 4201 4202 4206 4207 4199 487 3619 3238 4208 3593 3842 1654 3687 3681 2394 4205 4206 4199 487 4198 4207 4200 3899 4206 4204 2229 3900 3900 2605 3619 4211 4206 4199 487 4207 4198 3619 4211 4199 4210 4204 4206 4199 487 4207 3619 4211 4205 4209 4204 4200 3901 802 4198 211 460 777 211 4207 3619 3892 4202 3894 3122 3111 4199 487 3841 4201 3901 491 4202 4205 3122 4204 487 667 494 2636 3842 1135 489 4200 3238 4206 4199 487 4201 3901 4210 3892 3901 4201 4198 3892 4207 4206 3111 4199 4207 4199 487 4209 3238 4200 4202 3892 4201 3401 3899 4206 4199 3894 3619 4211 4206 4207 487 4202 4204 4199 4210 2605 4200 3111 487 4199 487 3619 4211 4207 259 4206 4205 4200 3901 3894 4201 4202 4204 4199 487 3619 4211 4207 4206 3238 3899 4200 3892 4210 4199 3894 428 2229 3900 3900 4199 487 4206 4204 487 2177 4202 4200 3901 4201 3034 4199 2229 4208 3593 1654 3687 2394 487 4199 4199 3892 4204 4200 3901 3901 4201 4202 4204 4206 4209 4199 487 4209 3034 3892 4201 4202 4204 3619 4211 4199 3892 505 487 3619 4211 4207 4205 4204 487 4200 3901 4201 3619 4211 4208 3892 4206 3034 4199 4198 4206 4208 1654 3687 2394 2163 4205 4199 4198 4207 4210 3619 4211 4206 4199 4198 4207 4204 3619 4211 3034 3892 3034 4199 4207 3619 4211 3892 3034 4199 4207 3619 4211 487 487 3892 4204 4202 4199 487 3619 4206 4199 487 487 3619 2605 3111 4204 4206 4205 4199 487 4211 4207 4206 4199 4198 4207 3901 4201 4208 1654 3687 3681 487 487 3841 4200 3892 4205 4206 4199 4198 4204 1201 4208 2322 4207 4206 4199 4198 4207 3901 4206 4199 4204 3892 1200 1201 4201 4202 4205 4199 487 487 4198 1654 3687 4198 1195 4198 3111 504 3111 4199 2229 3900 1654 3687 894 3892 1654 3681 4198 504 4203 4198 4199 4203 1135 4199 4203 4198 1654 4203 1654 3687 4203 4199 4203 4198 4203 4199 2229 3892 4199 3892 4199 4203 4203 4203 504 4199 3892 4199 894 4203 4198 1654 4199 4203 4203 4203 3892 4203 4203 47 1915 365 4203 2229 4203 4198 4203 240 4199 4203 4203 4203 4203 4203 4203 4198 428 4203 4203 4198 3892 3894 428 3892 4203 4198 3892 47 4203 4203 4203
768 4213 2079 1365 4213 4213 1025 4213 1735 2079 1025 4213 4213 1389 4213 4213 4213 4213 819 4213 1389 4213 4213 4213 4213 4213 4213 212 4213 4213 4213 4213 1025 1389 4213 1025 4213 4213 4213 4213 2571 4213 4213 4213 4213 4213 683 4213 4213 4213 4213 4213 4213 819 4213 4213 4213 4213 4213 4213 4213 819 4213 4213 4213 4213 4213 4213 4213 366 4213 4213 4213 4213 4213 4213 4213 992 575 4213 4213
769 4215 4215 777 4215 4214 621 4215 4215 2663 621 67 4215 4215 4215 4215 621 4215 2587 621 4214 4215 621 1216 2754 4214 621 4215 621 4215 4215 2663 4215 4215 621 4215 4215 2663 621 4214 621 1216 621 1216 621 4214 4215 621 4215 2663 1216 2587 621 4215 4215 4215 2663 4214 4215 2663 621 4215 2663 621 4214 4215 4215 2663 4214 2754 4215 621 777 4215 1216 2756 621 2756 2663 4214 777 4215 4214 4215 2663 1216 2587 47 4214 4215 2756 4215 4215 47 621 621 2663 2754 1216 2587 4214 4215 4215 1216 621 4214 2663 1216 2587 47 621
770 2043 2043 2512 2043 3339 697 2043 3339 727 321 325 712 3339 2192 2192 2192 2192 2192 329 2608 2278 2512 2192 2192 2512 2192 1084 712 2192 452 2512 2192 2512 2192 712 1479 2192 2608 325 1631 1826 470 712 2192 712 388 727 2512 1387 2608 3339 3339 712 865 1212 2608 2512 3339 957 336
771 1074 239 2596 2570 542 809 312 11 11 2485 392 1644 392 3339 2596 391 2485 1517 3336 312 67 1439 2485 2206 1753 2485 312 2485 256 3339 1493 242 333 2485 2277 1581 1674 1858 2485 2210 727 3339 2485 1 1 3339 2485 986 2485 962 511 11 2485 362 2485 542 11 2121 11 3502 1010 11
772 429 163 1904 1901 4219 1621 2421 429 4220 163 1904 2421 1901 4221 4219 2421 1901 163 1107 211 1230 2421 2421 832 1621 2421 312 2421 1901 4221 4219 1901 2421 429 4220 1332 3452 1332 2421 4220 163 2421 4219 2421 429 4220 1901 2421 4222 4221 4219 1901 1621 337 1610 338 344 1621 163 2126 211 429 4220 2126 2421 1901 4219 832 2776 3660 4221 1901 4221 4219 2421 1901 3991 1621 832 2709 832 1621 3811 2421 1901 4221 429 4220 163 2421 429 4220 2126 163 2421 1904 163 429 4220 2421 4219 2421 429 2126 4219 2421 2421 429 4220 2126 4221 2421 2421 429 4220 4221 4219 2421 163 429 163 429 4220 4221 4219 1901 2421 1901 2421 1 892 2421 1901 4219 2421 2421 4221 4219 2421 429 4219 2421 429 429 429 163 4221 2421 2421 1901 2421 4221 1621 4221 4219 2421 1901 2421 3991 1901 4221 2709 1621 4219 429 429 2421 1904 163 429 1332 4219 2421 429 2421 4219 429 429 2126 163 429 4221 429 1332 1210 2126 163 2421 2421 429 1332 1210 1610 1245 338 429 2126 338 4217 429 2126 2421 429 163 338 1258 4217 429 429 2126 429 1332 2126 338 4216 338 338 338 2126 163 1904 1258 338 726 338 429 4221 338 1258 347 429 2126 338 1258 358 347 2126 4217 2421 338 4216 338 4217 4216 338 4216 4217 1258 4216 4217 4216 2126 163 338 1332 4216 4217 163 338 4216 4217 4216 4217 4217 4218 4216 4218 4218 4217 1332 3122 4216 4218 4217 4216 4217 4217 338 4217 338 4218 4216 338 4217 4217 338 338 4218 163 4217 4218 4217 4216 163 338 4218 4217 2421 4217 643 163 429 163 1904 2421 4218 2126 4217 4217 2421 4217 163 1904 2421 4217 4218 4216 4217 4218 338 2421 4217 171 338 2421 2126 338 4217 4217 4217 4218 4217 338 347 4217 4218 2126 163 2421 4217 4218
773 4223 4223 211 4223 163 4223 398 1365 4223 4223 163 211 4223 163 163 600 211 4223 163 211 163 163 163 600 600 4223 163 600 4223 163 4223 417 232 417 4223 163 600 148 163 600 4223 211 163 4223 163 600 163 4223 4223 163 4223 163 600 4223 4223 163 1219 148 4223 4223 163 163 211 4223 211
774 4224 1084 4224 2864 2947 163 1488 4224 4224 4224 2076 2076 4224 2093 4224 2864 1488 2864 3199 4224 2947 4224 4224 4224 2864 2947 1436 2864 957 766 1436 4224 3199 4224 766 4224 2947 2947 2947 3199 766 4224 2864 1488 163 2864 2947 2947 764 3199 3199 4224 2947 1488 28 2864 1488 1488 764 3199 766 1488 764 3199 3199 3199 1488 2947 766 1488 3199 766 2864 1488 1488 766 2597 3199 3199 3199 1436 766 2864
775 40 4225 37 4225 4225 1230 1090 2023 37 4225 1090 3514 4225 40 31 1291 31 4225 40 1230 40 1151 4225 3514 4225 40 40 4225 4225 49 4225 4225 40 4225 40 40 4225 31 40 40 40 40 40 4225 459 2906 40 1291 31 4225 40 40 4225 3514 40 40 40 4225 40 40 40 40 40 4225 40 4225 3514 904 1230 40 40 4225 40 3514 1291
776 3800 3800 3800 3800 3800 3800 3800 3800 3800 3800 3800 3800 3801 3800 3800 1095 3800 1784 2364 3800 3800 3800 3800 3800 3800 3800 3800 3800 2028 3800 3800 3800 3800 2028 3800 3800 3800 3800 3800 3800 3800 3800 3800 3800 3800 3800 3801 870 1310 3800 3800 3800 3800 3800 3800 3800 1474 3800 397 3800 3800 3800 397 397 3800 3800 1490 3800 3800 3800 3800
777 3306 3306 1743 169 3306 3306 3306 713 3306 351 3366 859 3 3366 863 100 1923 3306 2216 3306 3306 3366 1480 3366 863 3306 3306 3306 859 3306 3 3306 2165 3306 3306 1804 3306 3366 1480 2734 863 221 2274 1065 258 3306 3306 1804 3306 3366 1480 2216 3366 863 3 3306 3306 3 3306 3306 863 3366 1480 3306 328 3 3306 863 328 3306 3366 1804 322 3306 3306 3306 2165 3306 863 3366 713 3306 3306 328 3306 3306 169 3306 3 3306 3306 3306 1479 713 3306 2165 169 1060 3306 2193 3 863 385 357 3366 3366 863 999 3306 3 169 3306 3306 1804 3306 3366 541 2165 863 1041 2767 3306 3306
778 4226 4228 583 1049 4228 4227 4227 4226 1049 4227 4227 4228 2684 4228 17 4226 1049 4228 4226 4228 4226 4228 1049 4226 1049 4226 4227 2408 4228 4226 4226 4227 1049 4228 329 4227 1049 4227 4227 1049 4227 4227 4226 4228 4228 4226 1049 1049 4226 4227 921 4227 921 4226 4227 4228 4226 47 431
779 201 972 460 586 4229 305 268 3233 61 3293 582 1545 710 2188 2018 953 1132 351 3233 352 2188 1060 1689 3233 4229 2018 3233 3233 6 2113 252 3233 4229 3233 61 4229 3233 875 1167 3233 305 4229 4229 2046 1380 1003 563 3233 2018 3293 3233 4229 474 4229 794 4229 122 586 3233 268 3233 707 586 3233 3233 4229 4229 2018 3233 2188 4229 3233 251 2018 3293 2222 476 2927 4229 2927 4229 362 1540 474 321 4229 2927 2046 1 4229 4229 4229 2618 4229 1858 2188 336 4229 4229 2864 61 1858 4229 4229 1545 4229 1212 4229 1895 4229 218 92 389
780 2636 4230 2312 486 2744 2978 2316 2312 4212 4230 494 2636 2978 4212 494 4230 2312 4212 494 2312 3842 496 496 2231 2636 4212 494 2744 494 640 2312 494 2557 494 2316 494 4230 494 4230 106 230 106 496 2636 4212 4212 4230 2978 2312 2978 494 2312 2636 2636 4230 2312 494 1961 2312 3842 496 450 136 1435 260 3050 710 176 2167 450 2312 4212 4036 310 4230 496 1330 138 1006 135 138 1330 2978 4212 430 2978 1413 2978 4212 2978 4230 3281 2312 2978 2312 2978 664 494 4230 494 4230 2978 1965 4230 494 2978 2978 1742 2312 1119 2636 4230 4230 4230 2312 4212 489 2312 2309 1776 211 1206 2309 4230 2312
781 4231 1682 1395 4231 1430 1516 283 2094 4231 1430 4231 4231 1430 1251 4231 1430 4231 4231 4231 4231 1516 1430 2235 4231 1430 1251 4231 2608 1430 4231 4231 1430 4231 1516 4231 670 1516 2862 4231 4231 1430 1516 1430 4231 1516 11 11 4231 2608 1430 4231 1516 4231 312 4231 2255 312 1430 4231 1430 4231 1430 4231 1430 4231 3421 1430 4231 1516 283 4231 1390 1 1430 1516 4231 1430 4231 1516 1430 4231 4231 1430 1516 4231 262 4231 1516 4231 1430 1430 4231 1430 4231 727 4231 312 4231 1430 4231 1516 4231 3421 4231 312 4231 1430 83 4231 1430 1430 4231 4231 883 2423 4231 4231 840 4231 1430 1516 4231
782 631 631 2120 60 631 4232 450 4232 1729 631 595 60 54 4232 2154 60 247 969 391 853 1029 60 595 631 4232 60 1597 397 1921 853 1129 60 60 381 631 1579 127 631 595 4232 60 1019 2465 631 2475 631 60 4232 450 450 721 4232 60 631 1039 384 631 631 969 4232 631 631 60 60 631 4232 853 391 631 1029 60 60 631 595 4232 4232 101 631 4232 631 1029 4232 169 631 60 1011 60 4232 4232 60 631 631 1929 631 721 2154 721 384 60 631 4232 1130 721 631 60 600 595 60 4232 91 1929 4232 721 52 595 4232 11 631 4232 721 56 4232 631 631 384 2070 60 2197 60 391 2475 11 60 4232 308 631 595 381 934 60 969 631 595
783 682 4234 4234 682 4234 682 4233 4234 700 682 514 568 4233 4234 4233 514 682 4234 682 4234 568 682 4234 4234 4233 4233 568 682 4234 568 682 4233 4234 568 568 512 4233 4234 4233 512 682 4233 4234 512 682 4234 4233 4234 568 682 4234 514 4233 3963 4234 3674 514 4234 3963 4234 568 4233 4233 4234 4233 568 4233 54 2618 947 303 1600 1856 474 514 4233 17 4233 4234 568 4233 4234 682 568 568 4234 682 514 4233 568 568 4233 512 4234 2462 682 4234 512 568 4233 512 512 682 4233 682 353 4234 512 682 3674 512 568 512 4233 682 568 4233 3963 4234 4233 682 568 4233 4234 512 682 568 4233 4234 3963 4234 499 4234 4234 4234 4233 682 682 4234 700 568 682 568 682 353 3963 4234 682 3963 4234 4233 1207 682 682 700 4233 514 4234 682 4234 682 568 568 1212 275 1873 568 4233 3963 4234 568 4233 568 682 4234 514 3963 4233 682 514 4233 3674 568 682 353 682 682 568 4233 4234 4234 700 362 779 50 4233 50 54 2361 4233 4233 54 54 54 568 3674 3678 568 366 568 2361
784 1170 1993 786 336 391 786 24 218 786 1013 787 789 262 967 619 284 477 558 786 2195 673 787 737 558 787 558 1094 787 786 1008 464 737 963 422 790 392 2195 748 1008 1810
785 3888 3888 3888 3888 3888 981 3888 2793 2191 4141 4141 3888 4141 4141 1165 4141 4141 2793 309 2793 4141 2793 4141 2793 2438 4141 1085 2793 3888 4141 3888 2793 114 2793 4141 626 45 4141 3888 1085 1948 2793 2793 4141 4141 4141 2793 4141 2793 4141 3888 4141 3888 2793 3888 4141 2793 2793 1011 2473 3888 2793 4141 3888 2793 1378 2793 3888 305 2793 1695 2793 2793 55 4141 3888 4141 6 67 1365 4141 4141 2793 981 2793 3888 67 2793 4141 2793 67 4141 3888 122 118 4141 3888 4141 2793 3888 4141 4141 4141 4141 4141 4141 4141
786 4019 4236 1145 360 4235 4236 552 3161 1304 4236 4236 3018 4236 4236 4236 4235 4236 534 4236 4235 698 4019 4235 4019 4236 4235 4236 1145 1145 4236 4235 534 52 4236 4236 4236 4019 4236 4236 4019 4236 2516 4236 534 4236 1145 2516 4236 4236 4019 4236 1145 4235 4235 1145 4236 1145 4236 4236 534 4236 534 4236 4019 4236 1145 4019 4236 4236 534 4236 256 4236 4236 4236 4235 4235 4236 4235 4236 534 4236 2482 552 368 4236 4236 534 4236 4236 552 2086 4236 1876 534 4019 4236 4019 4235 4236 4236 4236 4236 4236 4019 4236 4235 4235 534 534 4236 3018 4236 4236 2564 4235 2514 4236 534 552 4236 1581 534 4235 4235 4235 4236 780 368 1286 4236 1876 534 4236 256 1286 4236 4236 2516 4236 4236 4236 780 4236 534 4236 780 1286 4236 2351 2351 4236 3018 1286 1876 4236 402 4236 4236 534 1876 4236 534 4236 455 2689 184 4236 1882 4236 1876 3018 4236 3018 4236 3018 151 151 4236 4236 3018 4236 145 1245 4236 3018 3018 1129 73 4236 3018 4236 534 3018 2516 4236 3018 780 145 780 1286 534 402 4236 534 3018 4236
787 1797 1797 2124 4237 4237 4237 4237 792 4237 460 4237 352 4237 4237 4237 460 1485 4237 1797 2618 4237 4237 788 460 4237 4237 4237 1469 1797 1088 1797 1797 1797 4237 1797 1797 290 2124 1797 321 4237 4237 558 4237 558 460 4237 515 1498 1797 4237 1797 533 2592 2124 4237 460 4237 3186 1797 362 1979 357 1833 4237 2124 4237 4237 4237 4237 2124 4237 2124 4237 4237 4237 4237 2124 4237 4237 4237 4237 4237
788 3028 3028 1710 4182 1710 211 3499 211 2943 3028 4238 3232 2943 460 2943 2943 4238 2943 4182 326 1710 4238 4238 3028 1709 3028 1470 3028 2323 3028 11 3028 4182 4238 4238 4238 3028 4238 2943 3028 2943 3028 4238 4238 4238 106 4238 4238 4238 4238 4238 3028 4238 4238
789 701 1014 704 1014 1544 1068 1014 1499 1530 18 2092 505 268 310 275 463 1006 2589 517 52 701 962 1292 31 542 240 701
790 1249 119 3078 418 579 3078 983 3078 983 983 3078 595 983 3078 875 3078 983 3078 983 549 1734 983 70 983 3078 983 579 1307 983 549 3078 983 983 983 3078 875 579 983 3078 495 983 875 983 983 3078 549 540 983 1372 217 17 3078 581 983 3078 983 1516 3078 983 3078 549 418 983 540 858 983 3078 3078 1948 983 1 1
791 2553 3895 1654 1657 2553 2553 1657 494 2557 2317 2163 2557 2553 2552 2553 2553 211 683 683 683 683 683 2553 683 2553 683 2553 2553 2556 2553 2553 1654 1642 2556 2308 2554 2556 2556 2556 2556 2553 672 1657 1654 2308 2553 2553 2553 2553 2554 1657 2553 310 2557 1657 494 2554 2554 2450 2554 2553 2553 2554 2553 642 2308 2554 2553 2553 2554 2554 211 182 672 211 2554 2554 2554 2553 3882 3404 1708 2554 3404 2553 2554 2554 3404 3404 3882 2553 3404 2553 2409 2163 3404 3882 2553 2553 2557 2553 2409 2553 2553 2557 2553 2553 3882 3882 2557 3882 1050
792 470 4240 4239 1907 470 4240 4239 2536 4239 4241 470 4240 4239 1907 4239 470 4240 4239 4240 1976 4239 470 4240 1554 4239 1270 220 221 587 4240 470 4240 470 4240 4239 470 470 4240 2045 470 4240 1907 470 4240 1907 1907 1907 470 4240 176 2051 2536 1907 1907 470 4239 1907 1907 4239 470 4240 2045 2051 470 4240 470 4239 4240 470 4240 4239 4241 2045 4241 6 470 4240 2051 470 4240 2051 470 4240 4241 609 3224 4241 470 4240 101 2051 4241 125 470 4240 4241 470 4240 1365 4241 470 4240 2051 4241 470 4240 4241 377 325 4241 1307 4241 2051 1287 2051 4241 4241 2051 274 470 4240 2051 2051
793 4242 923 895 923 923 923 1755 4242 4242 4242 4242 923 402 923 4242 923 923 455 4242 923 4242 923 4242 923 923 4242 923 4242 923 4242 923 923 4242 923
794 2136 190 1837 1837 1837 4243 2136 190 1837 4243 2136 1837 4243 4243 4243 1837 4243 1837 4243 4243 4243 4243 67 4243 4243 2136 4243 2334 32 2138 512 2138 4243 679 353 649 574 47 360 512 326 1837 2794 1095 1833 828 391
795 4244 619 557 4244 1571 1571 557 4244 1571 259 505 4244 4244 4245 4246 1143 1571 557 1571 4245 4245 460 362 362 1226 4244 4245 4245 557 4246 4245 4246 557 4246 557 4246 3712 4246 4245 4246 4246 4246 557 4244 557 1571 557 1571 4246 4245 4246 4245 4246 557 1571 4244 4245 4246 4246 557 4246 4244 1571 557 4244 557 4244 557 557 4246 4246 557 1571 4246 846 4245 1571 4246 4245 572 557 4244 1571 4246 4246 4245 4246 4245 4244 557 4244 557 4244 557 4245 4246 557 4246
796 324 305 1552 45 2073 2568 4248 4248 4248 22 305 4248 4248 4247 4248 4247 4247 4248 1105 3197 7 1624 4247 4247 377 2486 4248 18 4248 377 1721 1721 1556 4247 305 4248 4247 4247 4247 45 2073 4247 4247 2486 4247 4247 2492 1294 2164 4248 4247 4248 2492 231 17 4248 4248 1034 4248 4247 4247 4247 305 4247 296 3197 4248 4248 4247 2009 4247 2486 4248 4247 2501 615 4247 4247 4247 4248 267 258 1294 413 4248 4247 4248
797 1117 4250 4085 3708 2101 1700 1700 672 1827 4250 3623 4249 3623 3096 4249 3772 4085 4249 4250 4251 4250 4249 3623 4250 3623 3623 4249 4250 3096 672 4249 4250 1462 1618 147 52 499 4250 3623 1827 1827 1 4249 4249 4250 4085 4249 3623 4249 2728 1462 2728 1911 418 3623 1462 672 206 672 2728 3096 4085 1463 4250 3623 2170 3096 4249 2728 3096 4085 4249 4250 4250 4249 3096 4085 1462 545 4085 3096 1 1827 4249 3623 4085 581 1911 3096 3096 1827 4249 3096 3096 3096 4085
798 3804 3804 2473 1549 955 1831 99 11 11 727 1004 1006 3804 3804 169 3804 262 3804 2473 3804 793 3804 3804 262 122 321 3804 3804 3804 3804 3804 3804 3804 2373 4044 1365 3804 3804 3804 4044 3804 3804 3804 1721 3804 3804 208 3804 3804 3804 2373 4 444 3804 1600 126 1977 3804 689 1704 3804 3804 3804 3804 1857 11
799 326 1733 1483 1679 548 109 1733 1129 109 1733 1733 818 527 1733 818 2086 67 1479 122 1733 96 215 1809 215 1772 122 1733 915 52 30 499 1977 1694 1733 80 581 1733 224 671 124 1735 818 122 224 818 30 30 3560 1401 818 80 818 80 818 818 818 80 1733 122 122 1733 1350 527 109 215 100 2086 47 109 122 1060 671 1060 548 2086 1674 1060 1479 207 2086 1809 122 122 1733 1733 30 30 548 1483 122 122 828 1733 1733 1733 818 818 1733 2086 2086 2069 1733 321
800 334 101 338 672 108 1389 169 211 1279 108 3162 2020 1019 1734 1596 1 2651 334 1734 316 3132 2277 597 3132 11 52 1548 674 1389 3132 169 1462 3132 2651 67 3465 1131 1154 665 3132 2651 1462 2651 1462 2651 1462 125 883 67 169 2651 163 1 2728
801 514 4252 4253 1829 4253 4252 1829 4253 4252 4253 4252 1829 4253 4252 4252 1829 4253 4252 4253 4253 4252 4253 363 4252 4253 4252 4253 4252 4253 851 184 1393 4252 900 4253 900 1829 4252 900 4253 4252 1829 1829 4252 4252 4253 1865 1881 4252 4252 353 353 4253 1829 4253 1829 4253 1829 1829 4253 1829 364 4253 4253 1829 694 353 1828 1829
802 1053 4255 2934 1054 1053 67 4255 1054 1053 4254 4254 4255 1054 1053 4254 67 4255 4254 1053 1054 1053 4254 4255 1053 1054 1054 1053 4254 4255 1054 1054 1053 4254 4255 1054 817 4254 4255 817 1054 4254 4255 11 11 1054 817 4254 470 4255 1053 1054 1054 817 4254 4255 817 1054 1153 1054 817 4254 4255 817 1054 1054 817 1054 1054 817 4254 4255 817 817 1054 1054 817 4254 4255 1054 1054 817 4254 4255 817 1054 1054 817 4254 4255 4254 817 1054 1054 817 4254 4255 817 1054 1054 817 4254 4255 817 1054 1054 817 4254 4255 817 1054 1054 817 4254 4255 1054 817 4254 4255 817 1054 1054 817 4254 67 817 4254 817 1054 817 1054 817 1054 1054 817 817 1054 817 1054 817 4254 817 1054 1054 817 817 1054 1054 817 817 1054 1054 817 817 1054 1054 1054 817 1054 817 1054 1054 817 817 1054 817 817 1054 817 1054 1054 817 817 1054 126 817 817 1054 817 817 817 3789 817 1054 817 817 1054 817 1054 817 1054 817 1054 817 817 1054 817 1054 1054 817 817 1054 817 1054 817 817 1054 1054 817 1054 817 1054 1054 817 817 1054 817 817 1054 1053 817
803 468 284 1760 1212 1095 1 1074 223 229 558 477 298 2255 18 1 1890 1778 408 558 420 787 206 697 391 1680 558 471 949 197 1895 321 558 776 11 1 11 2802 115 4256 106 11 1890 830 269 1018 67 223 670 321 1895 1977 1898 2971 971 30 229 130 229 1479 696 697 1218 229 251 2971 1 115 2213 2222 1142 2356
804 2349 1002 1062 462 321 1739 246 788 169 1980 1994 2607 696 2607 2165 1009 452 1002 2565 289 1003 452 1937 462 1719 1 279 1012 1051 1051 2494 1051 3481 962 716 1066 258 1735 1925 1051 2191 1497 1802 1051 247 38 1051 2238 1084 130 1896 1051 462 11 462 106 1 106 1953 452 408 2281 1 1 2539 628 452 452 38 366 1 1 1051 2539 1145 2539 1937 1055 1055 1055 452 1168 716 1145
805 1081 1081 261 948 22 1081 4257 2154 1492 1547 391 1547 1911 1081 1912 290 853 853 1081 540 1081 853 1109 853 1 583 1 1492 1397 1492 1547 1492 1911 1081 853 850 1906 612 2085 1774 618 4257 1397 1492 101 1397 1492 1547 1982 956 389 2154 1155 2438 261 581 1163 1752 1492 1397 1547 1397 1547 1492 1397 2461 1397 352 1397 1492 680 1397 1492 446 955 851 1492 1397 1911 1397 1492 261 1492 1911 1397 1397 1492 1492 1035 1795 4257 320 948 1922 1397 1492 1547 1397 1254 391 1397 1492 1492 446 1010 4257 1547 1492 1081 1492 402 1857 448 612 614 1397 1547 1492 1547 1078 1492 1492 1397 883 1849 1067 595 688 1513 4257 618 883 612 1547 3030 30 4257 1492 1 892 4257 948 4257 844 4257 1397 1081 1856 618 101 2609 1492 1081 1397 1492 1492 1212 1524 205 1397 233 1547 3477 1705 853 2120 1078 2735 853 1898 1979 1081 233 1397 1060 1052 4257 1081 955 11 1397 999 1492 1178 630 1906 618 844 616 1774 1111 1111 1078 2125 245 948 1774 883 948 1078 1774 616 853 1492 618 948 4257 2737 656 1547 365 1067 183 1538 1982 1492 169 169 612 618 208 1770 101 1492 750 81 2102 948 1536 1774 618 618 1437 598 2028 853 850 948 1745 1745 3408 618 616 1774 598 853 598 2195 391 948 598 948 1536 1167 1167 1161 598
806 924 1143 2790 1143 914 3793 4258 1220 2790 2790 3793 914 1220 4258 4258 4258 4258 4258 4258 4258 4258 4258 4258 4258 4258 4258 4258 4258 4258 4258 4258 4258 1298 2790 914 4258 4258 3793 2792 913 4258 3793 2790 3793 914 3712 4258 2790 914 3793 914 1220 1220 2790 1220 3790 4258 2790 2792 4258 3793 1220 3790 2792 4258 2790
807 339 326 665 206 777 1435 4259 2134 777 1845 2134 664 2134 455 2134 4259 1876 3179 1322 1435 552 1876 32 4259 664 3158 4259 777 552 455 1131 32 3018 1845 1131 3018 4259 4259 1876 3018 455 2421 665 1845 32 4259 3527 3018 455 339 455 3018 2134 664 455 777 4259 665 4259 1876 2515 1876 4259 32 3993 1311 1876 3018 455 3018 1311 455 186 4259 455 701 185 1876 1435 1131 1435 518 334 455 1853 664
808 268 1072 379 1072 626 452 73 34 67 1072 1729 1977 1983 11 11 67 321 1005 279 1072 1072 122 267 552 2542 1072 1072 2634 1197 1479 1856 1856 1856 1734 1929 169 697 288 1926 1072 783 2539 122 1856 1061 1072 1689 1736 626 2539 2542 1072 1925 1072 697 288 1005 882 258 1072 362 198 41 258 2635 2635 2635 11
809 2415 2415 4260 2415 2415 2415 2415 4260 2415 2308 2415 2415 4260 4260 2415 2415 4260 4260 2415 2308 3924 2415 3924 2415 2308 2415 3924 4260 2415 4260 2415 2415 2415 4260 3924 1654 4260 4260 2415 4260 2415 3924 4260 2415 4260 2415 2415 2308 640 2415 2415 2415 4260 2415 1654 2415 4260 2415 2308 2415 2415 3924 2556 2415 3922 3681 4260 3923 2415 2415 4260 2415 3923 2415 2415 4260 2415 4260 2415 2415 2415 2415 2415 2415 4260 2415 2415 4260 2415 2415 2308 2415 2415 2415
810 894 140 4261 1195 140 2727 894 125 499 377 125 1255 1245 2446 894 1967 661 894 1967 1967 661 1415 894 42 2144 230 140 894 4263 1195 2309 894 4262 139
811 833 321 103 2010 169 169 321 697 697 299 169 321 659 662 499 67 2791 47 134 662 2791 581 169 587 165 169 103 684 833 45 321 89 4264 4264 4264 4264 4264 4264 4264 4264 4264 4264 836 4264 321 1079 697 1079 89 459 1079 697 587 362 122 1079 1079 122 122 2010 585 122 697 127
812 4265 4265 545 4265 4265 1636 675 4265 4266 4265 4267 1214 2753 2791 2753 2791 1636 4265 1211 1273 915 4096 4265 2753 2791 4265 1792 2753 2791 4266 2791 4265 4096 4265 4266 4265 4266 2791 4266 4096 4265 2083 4265 4266 2791 4265 4266 2791 1636 4265 2791 1636 4096 4265 1775 2791 1636 4265 2753 2791 4265 1636 4265 1214 2753 4265 2753 1636 4265 4266 2791 4265 4266 2791 4265 4096 4265 4265 4265 4265 4096 1211 4265 4266 1636 4265 2791 4265 1636 4265 4265 788 4265 1636 2791 4265 2753 4265 2753 2791 4265 2753 2791 4265 4265 915 2753 2791 4266 4265 2753 4266 2791 2791 2753 4266 2791 597 854 2753 2791 161 2791 2753 161
813 1 4268 4268 169 4269 4268 4269 4268 4268 3366 4268 4268 4269 169 4268 526 4268 2068 4269 1978 122 583 2723 663 4269 4268 4269 4269 2068 4268 4269 256 1889 4268 4268 4268 2889 1682 47 4269 4269 4268 4269 328 4269 4268 169 106 1859 4269 1078 4268 4269 3714 1774 1774 4268 4268 1993 4268 4269 1734 4268 1021 4268 4269 697 4269 4269 1815 279 4269 4268 499 541 540 670 4268 4268 4269 4268 4269 4268 169 169 1073 2106 4269 581 52 2358 4269 3854 4268 581 2796 4269 2594 4269 122 1098 62 122 4268 4268 4269 2796 169 4269 4269 1098 106 1098 45 4269 1098 1098 4269 852 1098 362 576 106 1154 882 4269 4269 4269 56 2191 4269
814 4271 1850 1850 1850 4271 1850 4271 1850 1850 2669 1498 4271 2559 4271 519 4271 1850 181 1850 4271 1850 2559 2470 4271 1850 1850 4271 1850 4271 1850 4271 1850 550 1872 181 1850 2669 1850 4271 1850 1850 1850 2669 1850 1850 4270 4271 997 1498 4271 1850 4271 1850 2669 4271 1850 1850 2559 1850 4271 1850 1850 4271 1850 4271 181 4271 1850 4271 1850 2669 4271 181 1850 511 1850 181 1850 1853 181 1850 1850 4271 364 1850 1850 4271 1850 4271 4271 1850 4271 4271 3529 4271 181 1850 4272 4271 2669 181 1850 4271 181 1850
815 4274 432 3896 3895 4273 4274 432 3896 3895 4274 432 3882 3897 4273 4182 4274 1708 3897 1710 432 3882 4273 4274 4274 4274 4273 1662 432 3896 3404 1708 3882 4274 432 3896 3404 1708 4274 3896 3882 3897 4273 4274 4273 4274 432 494 4274 4273 4275 4274 4274 4274 432 3896 3895 3896 4273 4274 432 3896 3895 494 4274 4273 4274 1662 4273 4182 432 3895 3404 1708 4273 4274 4274 516 4274 432 3896 3895 1708 3404 4274 3882 4273 432 3896 3895 432 3896 3895 4274 4274 432 3896 3882 4274 432 3896 3404 4273 4274 4274 4274 4273 4275 4274 4274 1660 2323 4274 4274 4274 4273 4274 2323 4274 4273 4273 4275 4274 433 4274 1662 4273 4274 1662 4182 4274 4273 4275 1662 1662 494 2636 4274 4274 4274 4273 4274 4273 4274 4273 4274 4273 4273 4275 4274 4274 2323 4274 4274 494 4274 428 428 4274 1662 4274 4274 1662 1710 4274 4273 4274 4273 4274 4274 4273 4274 4182 4274 433 4274 4182 4273 4182 4274 4273 4275 4274 4274 4274 4182 4274 11 4273 4273 4275 4274 1662 4274 4273 432 3896 4274 4273 4275 494 2636 494 4274 432 3896 3896 3895 3897 3882 4274 4273 4275 4274 1662 4274 3896 4274 4273 4273 4274 432 3896 3895 4273 432 3896 3895 4273 4274 4274 4273 4274 4274 4273 432 3404 1708 4274 3896 432 3882 4274 4273 4273 1662 4274 3896 432 432 4275 4274 1662 4274 432 3896 3404 4273 4274 4274 428 428 4274 4273 3896 3404 4273 4273 3404 1708 4274 4273 3896 432 4274 3404 2323 4274 4273 1708 3404 1963 4274 4273 432 3882 4273 3897 1708 4273 311 4274 4273 4274 4274 643 4274 4274 4273 432 1708 4274 4273 3896 3897 3404 3882 4274 4274 4275 4274 516 1662 4273 4274 432 3895 3882 4274 4273 432 3895 3404 4274 3896 432 3404 3895 4273 4273 4275 4274 2229 4274 4273 643 430 4273 4274 4274 2636 4274 4274 4274 4273 4274 4274 1662 1662 4273 4273 3897 3404 4274 4274 2636 4274 1662 4274 4273 4273 4274 2323 4274
816 2979 2979 1195 2974 4276 3431 2974 2974 4276 3431 1888 3431 2975 1119 2974 1263 3431 17 1195 2974 2975 4276 4276 4276 1888 1195 2100 4276 329 2975 4276 1195 431 2974 4276 2979 2974 1195 2979 4276 3431 460 2979 3431 2974 4276 2979 2974 2979 3100 2979 2974 2979 2979 1 1119 3431 4276 2974 4276 157 157 1200 978 2974 3431 4276 2974 431 4276 3431 1200 4276 2979 2979 3431 2974 431 4276 4276 2974 2979 2979 2979 4276 4276 2979 4276 1813 4276 2979 4276 2974 4276 2979 4276 2979 2979 1195 2974 4276 770 4276 4276
817 4277 1600 4277 655 4277 4277 4277 4277 738 4277 4277 1600 1144 4277 4277 4277 500 4277 4277 4277 4277 4277 4277 2205 852 4277 4277 4277 651 1826 1350 4277 4277 4277 2477 4277 1350 2942 2450 979 1350 4277 2450 1827 2942 500 2252 500 500 500 500 500 500 500 4277 4277 4277 581 500 1193 500 4277 1600 4277 2450 4277 1056 1398 362 2252 4277 500 697 4277 500 4277 4277 122 4277 4277 4277 4277 4277 4277
818 4281 4278 4282 4279 4280 2332 4286 40 43 4284 4285 4278 4279 4280 4281 4282 2332 4286 664 31 40 43 4284 4278 4279 4280 4281 4285 4283 40 4278 4279 4282 4285 4284 31 2332 4286 992 40 46 4284 4285 4278 4279 4280 4281 4282 4283 31 3384 664 2332 2023 31 664 664 31 43 40 4284 4278 4279 4280 40 43 46 4283 4285 4278 4279 4280 2332 4286 664 31 40 43 4283 46 4285 4278 4279 4280 4281 4282 4284 40 2023 4279 4280 2332 4286 4285 4283 4278 2332 4286 992 664 31 40 43 46 4283 4285 4278 4279 4280 4281 4281 4282 4285 4284 4286 992 40 43 46 4285 4284 4278 4279 4280 4281 4280 4283 4278 4279 4280 4282 4284 4285 4284 2332 4286 664 31 4283 46 4278 4279 4280 4278 4279 4280 36 4281 40 43 4283 46 4285 4278 4279 4280 4282 321 321 4282 4285 4283 40 3384 46 4283 4278 4279 4280 4282 4281 4283 4281 4278 4279 4280 4278 4279 4280 4285 4284 4286 4282 4285 4283 40 3753 31 664 46 4285 4284 4278 4279 4280 4285 4283 2332 4286 664 31 40 43 4285 4284 46 4278 4279 4280 2332 4286 992 4286 40 43 4285 4284 4282 4285 1262 31 664 4285 4283 4282 4285 4283 40 2332 4286 992 664 31 40 43 4285 4283 4278 4279 4280 3384 31 664 46 43 4283 4285 2023 4278 4279 4280 4282 4283 2332 4286 664 43 46 4285 4283 4278 4279 4280 4278 4279 4280 4283 2332 4286 992 4281 4278 4280 46 4282 4285 4283 2332 4286 992 4285 2332 4286 992 664 46 4281 4278 4279 4280 40 2332 4286 992 46 43 4284 4278 3027 664 31 4285 31 4282 2023 4281 4278 4279 4280 4282 992 2332 4286 46 4284 4285 4279 4280 992 43 4284 4285 4281 3384 664 31 4278 4279 4280 4283 43 46 4278 2332 4286 46 43 4278 4280 4285 2332 992 46 4283 4285 4279 4280 4282 4283 2332 4286 992 664 31 43 46 4281 664 43 40 4283 4285 4281 4278 4279 4280 2332 40 43 4284 4285 4278 4279 4280 4282 4285 43 4285 4278 4279 4280 4280 4284 4285 2332 4286 992 40 4285 4278 4279 4280 4282 992 4286 2332 360 4285 2332 4286 992 664 31 43 4283 4278 4279 4280 3384 4281 4279 4280 3384 1460 4278 4279 4283 4285 2332 43 40 4283 4285 2332 4286 992 4283 4285 4278 4279 4280 4281 4282 4283 4285 40 4283 4281 4286 3384 43 4285 4286 4285 4278 4279 4280 4286 4282 2332 4278 4280 4278 4279 4280 2023 2332 4286 4286 4285 4284 4278 4279 4280 31 664 4285 4278 4279 4280 4284 4285 4285 4278 4279 4286 664 31 3384 4278 4279 4280 4281 43 4285 4284 4278 4279 4280 4282 40 992 4285 4284 4286 4286 4285 4286 4285 3384 4278 4279 4278 4279 4280
819 4289 4291 3298 1601 2560 2652 4287 4196 480 3298 2560 2652 4287 1601 4196 480 4196 480 4288 4291 4290 4289 4287 1601 4196 480 4287 125 480 480 4288 4289 4291 4287 1601 3341 2560 480 4288 4289 4290 4291 3298 4287 1601 2560 3767 480 4288 4291 4288 4289 4291 1601 4290 4289 4291 4287 1601 1601 4288 4290 4291 4287 1601 4288 4289 4287 1601 2560 3767 1978 4288 4290 4291 4287 1601 3341 125 4196 659 2277 4288 4291 4290 2652 2560 4287 1601 3298 1601 2652 4287 1985 3298 3298 2652 4287 3767 1601 4291 4288 4290 4291 4289 3298 1978 1601 4287 125 4288 4291 4289 2652 3298 1601 4287 1978 4287 1601 3341 3298 1978 480 4287 1601 3341 2652 3767 4196 480 4288 4291 4290 4289 1601 2652 4287 3341 1601 4287 4277 480 4290 2652 4287 1601 3341 1978 4288 831 2652 4287 1601 3341 125 3767 1601 3298 4287 3767 1978 4287 1601 2560 3767 125 480 4287 1601 3341 2652 3767 4287 122 2572 1601 480 480 2652 2560 4287 1601 4287 4287 2652 1601 3298 3341 4288 4287 1601 3298 2560 4196 4287 1601 2652 3341 3298 4288 4290 2652 4287 1601 3341 3298 2652 4287 1601 3341 3767 4288 4290 4291 4289 4288 4291 4277 1601 4287 3845 4277 4287 1601 2652 3767 480 4196 4287 3341 4277 1601 4196 4196 480 4289 4288 4291 4287 2652 1601 3298 1978 3845 1601 4287 4287 1601 3341 3298 3767 480 4287 1601 3767 3298 1978 4287 1601 2652 3298 3767 1978 480 1250 3767 4287 3341 3767 4287 1978 2560 1985 480 4287 1601 3341 3767 4288 4287 3767 1601 1978 2560 480 1601 2652 4291 1601 942 489 1250 1256 1601 480 600 1742 600 4277 4291 1601 480 1601 4287 1601 4287 839 839 4288 839 1601 125 839 839 4287 125 839 1601 564 1398 4287 125 4287 125 839 839 4277 480 4287 125 480 125 4196 1166
820 4292 4292 4292 4292 4292 4292 1321 122 4292 4292 93 4292 4292 4292 4292 4292 4292 4292 4292 4292 4292 4292 4292 4292 4292 4292 4292 655 1596 4292 4292 460 2251 4292 4292 4292 4292 4292 933 4292 4292 4292 1900 4292 4292 4292 828 4292 1166 768 4292 4292 4292 4292 4292 125 1166 321 4292 4292 581 851 4292 4292 4292 4292 4292 4292 4292 4292 4292 1124 1 4292 4292 4292 4292 4292 1758
821 1436 1355 1812 2490 2608 1089 2047 960 789 750 29 862 713 1083 656 1939 1143 750 651 658 648 750 2053 695 1152 310 970 29 2239 4293 970 29 363 533 11 658 1939 2262 747 2114 2053 2349 4071 4071 713 2767 2047 651 691 713
822 829 321 1848 122 829 210 325 2929 844 2450 67 623 1152 1008 1304 1089 210 390 45 409 2929 267 267 1953 829 224 3040 2459 295 687 47 878 220 210 1304 2670 1389 67 527 623 310 807 219 1775 527 2689 1689 47 1947 1060 362 691 879 1678 570 1775 389 895 1 2358 1947 357 708 389 325 1311 1 1103 101 3038 1747 1311 1197 18 1689 560 1252 1816 101 801
823 4182 4294 4294 2450 4294 4294 494 4294 494 4294 430 4294 288 4294 4295 4294 1916 2322 2309 634 4074 4294 4294 2745 802 4294 1710 1210 4294 1398 494 2557 23 4294 2557 2556 4294 2743 4294 4294 1916 4294 4294 1581 4294 2446 4294 637 4294 494 642 4294 2450 2557 4294 4294 4294 4294 4294 428 23 329 637 2315 894 1709 1741 2450 4074 2557 494 2745 1022 2317
824 701 4296 4297 4296 4296 4296 4296 4296 4296 4296 4296 4296 4297 4296 132 4296 4296 4297 3406 4095 4296 4296 4296 4296 4296 4296 4297 4297 4296 4296 4296 4297 4296 4296 4095 4296 4296 4297 4296 4296 4296 4296 4297 4296 2130 4296 4296 4296 4297 4296 4297 4296 4296 4296 4296 4296 4297 4296 67 4296 952 4298 4298 4298 4297 4298 4297 4298 4298 4297 4298 4298 4298 4298 4298 4297 4298 4297 4298 4298 4298 4298 440 4298 4298 4298 4297 4095 4298
825 1795 3586 144 1795 1324 351 1795 3019 4299 3586 4299 528 2147 4299 4299 1795 956 2147 4299 4299 2147 4299 547 4299 1795 2147 1795 241 1 1 164 4299 2147 4299 241 2148 3586 2147 4299 4299 2147 630 2813 87 2274 1795 2147 2148 1984 2147 241 2148 699 2147 2147 4299 2147 2147 4299 2148 30 3586 4299 1414 2147 2147 4299 2147 4299 3505 2147 4299 122 2147 1759 291 2147 4299 1795 4299 860 321 3505 2147 1795 4299 598 2147 2147 2043 2148 1941 2147 2147 3505 2186 827 630 598 1130 598 2030 2256 3586 3505 124 329 2147 1795 1983 1827 630 1923
826 4300 4304 4300 4301 4300 4300 4301 22 4300 4301 3217 872 4300 4300 4302 899 4301 4300 4301 4300 899 4301 4300 4300 3217 4301 4301 4300 4302 4300 4300 4302 4300 4300 4301 4300 4300 4302 4301 4300 4300 4300 1092 4300 4300 4301 4300 4305 4301 4305 460 84 4300 4301 4300 4305 4301 4300 4305 4301 4300 4300 4300 4300 4300 4302 4301 4300 4300 4305 468 4300 4302 460 4302 4300 4302 4301 4302 4300 4305 4304 747 750 750 468 392 515 1346 4302 4301 4300 4305 3217 4302 4304 4301 4300 4302 899 4301 3217 4300 4302 4305 4300 4302 4305 4301 4300 4300 4302 4300 263 460 4300 3217 11 4300 3217 4302 4300 4305 4301 4300 3217 4303 4305 4301 952 4303 4300 4302 4300 259 550 3217 4305 4300 4303 4301 4300 4302 259 550 413 1582 807 4305 4301 4300 4302 3217 4300 4305 4301 4300 4300 4300 4302 4300 4302 3217 1385 4300 4300 3217 4302 4304 4302 4304 4301 4300 4302 4303 4300 4302 3217 4301 4300 4300 4302 4304 4301 4303 4300 3217 4304 4301 4300 4300 4305 4301 4300 550 4301 4300 4303 3217 872 4300 4302 4303 4300 4300 4302 4303 3217 4304 4300 3217 4300 4303 3217 4302 4304 4300 4302 4305 4300 310 4301 4303 3217 4303 3217 4300 4304 4300 4302 899 4303 1536 4300 3217 4301 4300 4303 4300 4302 4303 4302 4300 4300 4302 4303 3217 4300 4302 3217 4303 4300 4302 3217 4300 4300 4301 4302 4303 3217 4300 4302 4300 4300 899 4303 4302 4305 4304 4300 4301 4302 3711 4302 3217 4303 4300 4300 4305 4300 4304 4302 3215 1138 4305 899 4303 3217 4301 4300 4303 4300 4300 4304 4301 4301 4300 4300 1226 1226 641 4302 1000 4301 4303 4300 3217 4300 3201 4300 4301 4300 4300 3217 4301 4300 3217 4301 4300 4300 3217 4300 4300 3217 4301 4302 2710 3217 4301 4303 305 3217 4301 4300 4303 4300 1155 305 3217 4301 4300 3217 4300 4302 3217 4300 2278
827 22 3955 4307 3024 4307 3024 4307 3024 4307 4307 4307 4307 4307 3024 4307 3024 310 4307 1570 358 4307 4307 4306 4306 1043 4307 3955 4307 4307 4307 4307 4307 4307 4306 4306 4306 4307 760 4306 4307 4307 760 4306 4307 4307 4306 4306 4307 4306 4307 4306 4307 4306 4307 760 4307 4307 4307
828 345 2137 4251 2087 2137 2137 4308 908 2137 354 4309 2137 2137 4308 354 2137 908
829 4310 4311 125 22 4312 4310 4311 4312 4311 4311 540 4312 4310 540 788 4312 4310 4311 4312 4310 4311 4312 1982 4312 4310 4311 4312 4310 4312 4310 4311 4312 4310 4312 4312 4312 2062 600 4312 4312 612 4312 4310 4311 4310 4312 4310 4311 4312 1982 1111 4312 4312 4310 4311 4312 4310 4311 4312 4310 4311 4312 4311 4312 4310 4311 4312 4310 4311 4312 4310 4311 4312 4310 4311 4311 4312 4310 4311 476 883 4312 1507 787 1101 4312 1221 4312 804 4312 1513 618 4312 612 831 4312 600 600 4312 4312 1910 804 4312 4312 883 4312 1988 4 4312 4312 4312 612 4312 4312 4312 4312 2473 4310 4312 883 4312 4312 597 4312 4310 4310 4312 4310 4310 4311 4310 4311 4310 4312 1982 4312 1516 4312 4312 4310 4310 4312 4310
830 432 1332 1332 460 460 1332 1037 1206 1332 1332 494 1332 1654 1332 1332 1332 460 1332 1654 4023 1332 1332 1332 1332 432 1332 432 1332 1332 1332 4023 1332 675 1095 1037 4023 1332 1332 1654 2532 1332 432 1332 1654 3103 1332 4023 1332 3882 3882 3882 1332 1332 3882 1209 1654 4023 2552 1666 494 1654 1654 1654 1050 957
831 379 768 34 2835 1128 2927 2835 2692 45 2927 2835 2692 336 2692 2927 2835 1539 2093 2927 2927 336 2692 2835 2695 2835 2692 2835 2692 892 1212 1539 945 2692 2835 1581 2686 2835 2692 2695 2692 169 2835 2692 169 18 2835 2835 2835 225 1925 169 2692 379 2597 2835 2692 2597 64 2597 460 2858 1541 1541 2835 1541 1541 2858 1541 1541 1541 1541 2835 2835 2835 2858 2835 389
832 1043 2726 58 1821 783 419 2726 1496 140 3542 2726 385 377 2726 2726 3542 388 250 2726 58 1583 250 1415 211 286 296 688 2726 1824 2726 1824 309 1736 21 783 87 2726 2726 385 309 239 100 1178 69 179 224 746 1896 776 776 232
833 3308 3302 4313 3304 3305 3304 3305 3304 3305 3065 3304 3305 3305 2744 3308 3302 4313 4313 3302 3304 3305 3302 4313 3305 3304 3304 3305 3302 4313 1964 4314 3304 3305 3308 3308 3302 3304 3305 3308 3308 2744 3302 4313 3304 3305 3065 4313 3304 3305 4313 3304 491 600 3299 600 125 883 3304 3305 4313 3065 3304 3305 2744 3308 3308 3302 4313 3304 3305 2744 3308 3302 3304 3305 3304 1964 3305 3304 3305 3065 3304 3305 3304 3305 3300 3305 3304 2744 600 3299 600 619 125 3302 4313 3300 3302 4313 3305 3300 3301 1956 4314 1964 3304 3305 3301 3300 3305 2744 3304 3305 3300 3301 3302 4313 3301 1960 3300 3301 3302 4313 3302 4313 3300 3301 1956 1665 3302 3300 3301 3302 4313 3302 4313 1966 3300 3301 3300 4314 1964 3302 4313 3302 3301 3300 4313 3300 3301 3300 3301 3300 3301 3302 4314 3302 4314 3302 4313 3300 3301 3300 3302 4313 3300 3301 1964 3300 3300 3301 3655 4314 3302 4313 3300 1048 3300 3301 3301 3300 3300 3301 3301 3301 3300 3301 3301 3301 3300 3301 2652 293 820 3299 3301 3065 3301 3300 3301 3301 612 883 3301 3301 3300 3301 3302 4314 3300 3301 4314 3302 3300 4314 3302 3301 3301 3301 4314 3302 4313 3300 3301 4314 3302 3302 3301 3300 3301 3301 3301 1956 1209 3302 3301 3301 3300 3299 125 3300 3065 3300 600 3301 3302 3065 3300 3301 1955 3300 3300 3300 3301 3300 491 491 3300 3300 3302 3300 3302 4313 3300 1968 3301 3300 620 3301 3301 3301 3302 1665 3301 3302 4313 3301 3300 3301 3301 3302 4313 620 3299 3302 491 3299 3300 3299 125 3301 125 3301 125 620 3299 600 3301 3300 3301
834 2585 2006 2990 1042 2006 176 2887 2006 1301 1298 701 2006 2006 176 2167 1999 169 326 1889 1560 1783 45 1161 1230 2652 2006 1267 2006 2755 73 1362 1060 1856 1062 2635 169 1584
835 4316 392 2030 2135 601 601 2135 1105 4315 4315 601 601 2135 4315 4315 4315 4316 4316 4315 4315 4316 4315 1314 601 601 601 601 601 2135 601 601 601 2135 4315 4316 4315 4315 601 2135 601 2135 4316 4315 4316 4315 601 2135 812 601 2135 801 4316 4315 4316 4315 2053 4315 4315 4316 4315 2135 601 801 601 2613 2135 1346 601 2135 601 2135 2135 601 2135 96 2135 601 2135 801 601 2135 601 2135 2135 2135 601 2135 2135 2135 2135 601 2135 601 2135 601 2135 2135 697 601 2135 4315 601 2135 801 4316 4315 2135 801 4316 601 2772 601 4316 4315 2135 801 2135 2135 4315 4316 601 2135 4315 2135 2772 2135 952 4316 4315 4315 100 4316 801 601 2135 2135 2772 2135 801 801 601 601 2135 601 2135 801 2281 74 4315 1983 678 678 4315 4315 4315 4316
836 1825 1825 1828 1825 1829 1825 346 1825 1684 579 549 1825 1828 1825 353 1825 1825 1825 1825 1825 1825 1829 1825 1224 308 1570 1828 11 514 685 353 1825 562 1825 693 962 267 949 1825 267 2861 2861 346 353 1825 3798 1825 3798 1825 1828 1825 1131 2251 1245 338 511 687 3798 362 333 326 3798 1742 3798 333 2041 3798 3798 2138 1570 3798 3798 3798 338 687 3798 1398 3798 353 3798 2138 47 3798 1829 3798 1738 1825 709 352 3798 3798 346 1854 3798 1825 3798 3798
837 1827 863 67 1367 67 1478 191 3845 3073 67 783 17 164 170 72 1421 377 258 2344 3142 3073 191 162 184 184 1867 3142 67 1250 2277 62 330 1481 2011 169 162 72 67 3073 191 1362 1515 169 2011 169 1867 129 1827 1827 2015 67 3106 129 1867 3142 664 1501 72 67 1151 164 1390 1 417 1 85 691 293 2276 1616 2276 129 1867 2276 2331 2138 512 962 67 85 2276 377 2276 72 67 2276 1507 67 67 1481 1421 67 1867 527 1867 587 170 1641
838 52 4317 1791 52 326 675 1188 1791 4317 4317 494 1791 494 326 1855 4317 326 2570 2152 2075 675 683 4317 101 3367 52 1654 1349 1791 1135 494 557 1791 494 1791 47 73 494 494 1791 494 494 3170 2572 1791 494 4317 1855 73 1791 1791 571 494 494 571 801 1791 1375 854 227 4317 494 4317 402 990 2772 4317 571 380 1654 494 494 1791 1846 4317 73 2035 326 274 571 571 4317 1855 571 70 1855 1855
839 381 1200 3900 1244 894 1244 211 1200 3081 494 1200 381 1200 1 1520 3081 1244 6 600 3081 3081 3081 3081 1244 3081 3081 3081 3081 3081 3081 4318 4318 381 597 4318 4318 106 106 4318 4318 4318 1520 2958 4318 4318 1244 4318 4318 106 4318 4318 4318 4318 4318 4318 4318 1244 597 4318 4318 894 4318 675 597 4318 1244 381 4318 1244 381 4318 4318 4318 106 1516 600 595 402 1244 597 504 106 1 11
840 3038 1857 1306 1560 1528 1576 556 1582 1390 1122 1011 1581 552 1395 1889 1011 560 1698 712 991 1122 712 2206 2887 621 2613 420 422 47 1889 1245 2449 67 1584 101 268 1583 47 2423 1945 2449 548 1401 397 470 1487 1372 84 2071 18 1395 581 293 581 73 99 2691 305
841 4320 4319 4319 3811 62 4319 4320 4320 4320 4319 1145 4319 4320 4319 4320 727 4320 4319 1350 697 2058 727 4320 4320 4319 4320 4319 4320 4319 4319 4319 4320 217 1308 4321 4320 4319 4320 4319 3747 4321 4320 4319 4320 4319 839 4320 4319 727 4319 4320 4321 4320 3811 4321 519 4319 101 4320 4319 4320 839 4320 4319 4320 4320 4319 4319 4321 4320 2794 4319 4320 4319 839 4319 2801 4320 2035 67 4320 4320 259 4319 4319 727 4320 4320 4319 1145 4319 4319 1145 4320 4319 4319 4320 4321 4320 4319 4320 4319 4320 1308 2502 217 18 4320 1145 2794 122 4319 4320 4319 4320 723 4319 4320 4320 4319 1145 4320 4319 499 4319 1145 4319 188 4321 305 4319 3811 4320 4319 4320 4319 4319 4320 4320 4320 4320 4319 1145 4321 4320 4320 4321 4320 4321 4319 4320 4320 720 4319 4320 767 2801 723 4320 4319 4320 4319 4319 4319 1145 4319 4320 4319 4319 2801 725 4320 773 4320 2093 4319 4320 4319 4319 1399 4320 4320 4319 779 2423 1704 4320 1145 4319 188 4320 4320 4320 1145 1399 1145 2801 1145 697 4321 4320 4321 4320 4319 4319 4320 1145 4319 4320 1600 4320 4320 4320 4321 4320 4319 1145 4320 4319 720 1145 4320 1212 1091 725 4319 4319 28 4319 4320 4319 4320 4319 1416 3421 188 4320 188 188 4319 4321 2794 402 4320 723 4320 501 4320 4319 4321 4320 1308 4319 4320 723 4320 4320 4319 4320 4319 4320 4319 725 4320 4319 4319 4319 4319 1145 4319 4320 773 4319 2801 4320 4319 4319 4320 4319 4320 4320 4320 4319 4320
842 4322 4322 4322 623 4322 4322 4322 1526 4322 3094 4322 4322 4322 4322 1526 291 4322 4322 4322 4322 1187 4322 4322 4322 4322 73 4322 3093 4322 4322 3093 3093 1526 3093 3093 3093 3505 4322 3093 3093 3093 2305 3093 2305 3093 4322 2305 3093 4322 4322 3093 4322 2305 3093 4322 2305 3093 4322 3093 4322 2305 3093 4322 4322 3093 4322 3093 4322 2305 4322 2305 4322 2689 3093 4322 2305 3093 3093 4322 2305 4322 2305 3093 1026 3094 3093 2305 3093 4322 2305 3093 326 3093 4322 4322 3093 3093 4322 4322 2305 3093 2305 3093 3094 2305 4322 2305 3093 4322 3093 2305 4322 2305 3093 3093 3093 4322 2305 3093 3093 4322 2305 3093 4322 2305 4322 1389 3093 2305 3093 2305 2305 4322 3093 2305 3093 2305 4322 2305 2305 4322 3093 4322 2305 3093 4322 2305 4322 73 4322 2305 3093 3093 3093 4322 4322 3093 2305 4322 4322 2305 2305 2305 3093 3094 2305 3093 4322 3093 2305 4322 2305 2305 4322 3093 4322 3093 2305 2305 3093
843 4324 4323 1219 1107 3787 2081 4324 3787 4323 1219 4323 4324 577 1524 460 4323 4323 4323 1107 460 2791 272 4323 3195 4324 4323 4324 4323 4324 4323 4324 4324 211 4323 4324 4324 4324 4324 4324 4324 989 2806 4324 4324 211 4324 4324 365 54 3941 4324 4324 4324 4324 4324 4324
844 4325 667 3373 637 4326 3452 4325 667 3842 3452 4326 4325 667 3452 4326 4325 667 3860 4326 3452 4325 2162 3860 4326 2162 3860 3452 667 2162 3860 3452 4326 667 2162 3860 3452 4326 667 2162 3860 637 4326 3452 667 3860 4326 3452 4325 667 2162 4326 2162 2162 4326 3452 3452 3452 3452 4326 3452 4325 3369 3860 1916 3452 4326 4325 2162 4326 3452 3860 4326 3452 3369 3373 4326 3452 4326 3860 3452 2162 1916 2162 4325 3452 3452 4325 3452 3452 4326 637 3452 4326 2162 1256 2224 2224 3452 4325 2162 3860 637 3452 4326 4326
845 4329 172 3397 305 697 59 172 2333 4327 4328 4327 4327 1349 4327 158 1846 4327 4328 4327 1846 4327 4329 2333 4327 4327 4327 1846 4328 4328 4328 4328 4327 4328 4328 4328 4328 4327 4327 4328 4328 1135 4328 1846 4327 4328 2333 4328 1846 4327 4328 4328 1135 4327 11 4085 1846 4328 4328 4328 4328 4328 4328 1846 4328 4328 4328 1846 4327 4328 4328 1846 4328 4327 4327 4327 4327 1461 4327 4327
846 4330 4330 4330 4330 951 943 1060 4330 1593 1593 4330 954 678 4330 951 943 1593 4330 951 4330 802 4330 951 4330 951 900 4330 1593 4330 951 2208 951 1593 943 4330 1593 4330 951 4330 4330 4330 460 4330 165 4330 951 336 4330 1351 4330 951 4330 336 4330 320 951 4330 951 951 951 951 4330 2652 125 951 951 951 4330 11 4330 900 4330 951 4330 4330 4330 4330 951 4330 951
847 1095 2712 2819 853 1 2712 1357 853 256 2047 1395 746 853 853 2712 94 853 853 2204 280 2712 2712 853 2712 1937 321 1 853 853 853 2712 2712 290 2712 2712 1 2712 1060 2712 1003 1357 785 853 1357 1941 853 853 2712 97 2712 2712 853 853 2712 2712 2209 321 2712 2712 2712 2712 2712 2712 785 2712 2712 391 853 2712 1696 853 2712 853 2712
848 1435 924 125 125 1435 339 4331 47 125 125 1435 339 679 59 305 47 1435 4331 4331 1377 485 1209 485 339 4331 485 1486 4331 33 293 3333 4331 52 499 293 1435 339 4331 339 4331 47 1435 2277 687 33 1190 33 1308 45 4331 775 2545 941 1486 96 1295 339 1230 339 4331 47 1230 339 4331 1230 339 2277 339 3910 67 1486 1486 47 339 1230 1601 1230 1435 4331 621 62 4331 47 1601 1435 1230 4331 470 2277 738 1601 1230 4331 47 169 1230 1435 3660 1493 1230 717 377 2686 1601 4044 47
849 918 1086 196 101 96 2138 18 18 326 2016 18 18 18 18 18 18 18 18 326 18 567 1059 3583 1581 18 2735 4311 565 287 449 557 285 330 1813 570 1859 1128 90 549 2772 2507 1236 460
850 2249 2249 2249 1209 2249 4332 460 2011 3656 465 2249 4332 2249 2249 3656 1964 1209 4332 2249 3843 1968 2249 478 2249 933 3656 478 3656 169 465 2249 933 2249 1209 478 2249 3656 4332 478 2249 2249 933 2249 4332 478 4332 933 1236 4332 2249 532 3656 4332 2249 4332 4332 4332 478 2249 4332 2249 2249 2249 2249 1330 2249 3656 3843 2249 4332 532 1062 4332 1330 933 4332 2249 4332 1330 2249 2249 460 2249 2479 600 2479 4332 2249 4332 2249 2249 4332 2249 1330 2249 1593 2249 2249 2249 465 1330 497 948 2249 2249 1330 1593
851 853 4333 104 4333 4333 4333 853 4333 853 4333 460 440 1975 169 853 1121 326 4333 1824 351 4333 1821 75 631 853 1719 11 67 4333 1824 631 4333 853 4333 631 4333 853 4333 853 4333 1824 631 4333 1937 853 1824 707 1795 268 1144 1 1940 2688 853 4333 75 853 4333 4333 351 421 4333 1824 853 4333 2800 379 853 4333
852 1472 4334 1472 2092 1472 2092 2092 659 659 1472 1472 2092 293 2092 1472 52 2092 1186 293 2092 293 3811 1472 1472 3811 2092 1472 2092 832 1472 1472 1472 3811 1472 1472 4334 2092 293 293 2092 870 1472 1472 609 1472 2092 1594 1472 2092 1294 3811 4334 2092 2092 1472 2092 293 2092 1472 4334 1472 2092 3493 2092 2092 2092 832 1472 3811 832 889 4334 2092 3811 4334 870 4334 1472 2092 4334 293 1472 870 1472 4334 4334 1518 2092 4334 2092 2092 2092 2092 2092 1250 659 4334 2092 4334 1472 2092 293 3428 3811 1472 2092 147 4334 1472 4334 1472 4334 1472 2092 1472 1186 1472 1472 2092 293 1472 2092 4334 2092 3428 4334 2092 4334 1472 1472 659 1472
853 4335 4337 4335 4336 4335 22 4337 4335 42 397 398 258 176 4335 4335 4335 4335 4337 4335 4337 4335 4335 4335 42 254 176 4335 4335 4335 4335 4335 1415 4335 1263 4337 2572 655 4337 4335 4337 4336 4335 4335 4335 4336 4335 4335 519 4337 4335 4337 4337 4337 4335 4337 4335 4337 4335 4335 4336 4336 3847 4336 4337 4337 4335 4336 4337 176 4337 4336 4336 4336 4336 4336 4337 4336 4336 4335 4336 4337 4336 4335 42 254 2199 87 1051 4336 4336 4335 397 4336
854 3971 1968 3971 1968 3068 1968 3971 1968 3971 1968 3971 1968 3971 1968 3971 1968 1968 3971 1968 1968 3971 1968 3971 1968 1968 1968 3971 1968 3971 1968 3971 1968 3971 1968 1968 3971 1968 3971 1968 3971 1968 1968 1968 3971 1968 3971 1968 3971 1968 1968 1968 3971 1968 3971 1968 3971 1968 3971 1968 1968 3971 3971 1968 1968 1968 1968 3971 3971 1968 1968 1968 1968 1968 3656 1968 1968 1166 1968
855 67 22 527 308 2191 280 383 1599 1 392 1793 1793 1793 1793 1110 336 1302 472 1793 1793 1793 224 11 11 1793 1793 294 1793 224 321 250 1 376 991 1793 376 526 1793 1935 281 1793 1 310 1793 269 24 1793 1 1793 309 1793 947 1793 279 280 1793 383 1479 1544 1977 1793 321 336 280 1793 383 1599 99 3551 1793 1793 99 106 526 1793 1793 1793 1808 1793 1948 1324 747 1793 526 83 309 114 1793 1808 2632 23 1 240 501 280 383 1793 1793 1793 1 1793 1051 114 2139 1793 1793
856 4338 6 6 506 22 6 4338 4338 6 6 1390 417 4338 6 6 2045 6 6 6 1152 6 4338 2100 6 6 6 3325 4338 1467 6 6 4338 6 2202 6 3570 4338 1467 300 4338 506 209 1805 3197 6 6 6 4338 6 4338 4338 1026 4338 300 4338 6 6 6 4338 6 6 6 3325 6 6 6 2928 2031 4338 106 106 4338 169 6 3325 4338 962 4338 6 1467 3505 6 4339 6 4338 1759 4339 4339 6 4338 6 4338 4339 6 4339 6 6 6 515 6 6 807 6 1467 4338 6 807 6 4338 219 1378 3325 4338 6 4338 6 4338 268 4338 515 73 6 2186 6 73 6 2557 6 6 4338 4338 4338 1467 362 6 1467 4339 1026 6 6 4338 6 4338 1467 779 6 6 4339 4339 6 4338 6 4339 315 4339 6 456 4338 4338 4338 4339 515 4339 1390 4339 6 4339 6 4338 6 4338 6 4338 3197 4338 6 6 1091 282 6 4338 6 3325 4338 4339 6 3325 6 4338 6 795 4339 291 11 807 4339 1548 4339 6 6
857 4340 1925 1941 4340 1165 3225 321 417 14 4340 4340 4340 3225 4340 2255 4340 4 2723 2197 38 1941 4340 4340 2465 963 4340 1806 3225 748 4340 1805 1228 394 3168 220 3168 61 462 4340 289 4340 4340 3168 4340 3168 218 3168 3168 3168 1675 3168
858 1868 1868 2193 1868 1868 2193 2193 1868 2193 1868 2193 1868 2193 1868 2193 1868 2193 2193 1868 2193 2193 2193 1868 2193 2193 1868 1868 2193 2193 1868 2193 1868 2193 2193 1868 2193 2193 1868 2193 1868 2193 1868 2193 1868 2193 1868 1868 2193 2193 1868 2193 1868 2193 1868 2193 1868 2193 1868 2193 1868 2193 1868 2193 1868 2193 1868 2193 2193 2193 2193 694 2193 2193 1868 2193 1868 1868 2193 2193 2193 694 1868 1868 2193 2193 1868 2193 2193 1868 1868 1868 2193 1868 2193 1868 1868 1868 2193 1868 2193 1868 2193 1868 2193 2193 1868 1868 2193 1868 2193 2193 2193 1868 2193 1868 2193 2193
859 2140 110 110 2075 176 418 83 1221 794 316 2076 133 121 793 2254 110 1938 956 110 110 1846 2076 110 1188 329 675 133 2075 2737 2121 11 258 2076 564 828 110 1846 117 2076 110 110 110 830 116 110 110 2737 366 133 1878 240 110 1011 110 110 127 110 169 169 169 110 110 619 110 110 110 110 110 110
860 4341 1964 4341 4341 22 4341 677 4341 494 1202 677 659 87 3006 1202 449 4341 4341 4341 4341 677 4341 4342 4341 4341 659 2443 87 3006 4342 3917 659 3006 677 4341 4342 4341 677 4341 4342 4341 3917 677 659 3006 659 1771 4341 3892 2448 4341 4342 4341 3917 4341 4341 4341 4342 3721 3917 4341 4342 4341 4341 4342 4341 4341 4342 921 2744 4341 4342 1771 2448 4341 2446 4341 4342 4341 4341 4342 3917 925 2744 3400 4342 4341 4342 4341 4341 4342 4341 3917 2744 4341 2448 4342 3400 3400 2744
861 4343 4343 4344 4343 4344 4343 1507 4343 4344 4343 1507 4343 1507 4343 4343 1507 4344 2889 321 4343 4344 2344 1507 4343 499 1507 4343 1507 4343 4343 205 4343 1507 499 2889 4343 4344 4343 4343 4343 4343 4344 4343 1507 4344 4343 1499 4343 1499 4344 4343 4343 1499 1507 4343 4343 4343 4343 1507 4344 4344 4344 1068 1507 4343 4344 4343 4343 4344 4343 4344 4343 1507 4344 4343 1507 1507 1507 4344 4343 1507 1507 1507 4343 4344 4344 1507 4344 4343 1507 1507 4343 4344 31 1643 1166 1507 4344 4343 1499 4344 4344 4343 4343 1507 4343 4344 4343 4343 4344 513 1507 607 1507 169 1618 1507 4344 4344 4343 513 4343 513 4343 1507 513 2330 164 4343 1507 4343 1507 4343 232
862 1953 1582 550 526 258 1029 1029 1029 1029 2120 1926 351 1029 1029 1029 1029 351 1029 1029 2723 1029 1051 1970 1051 1029 1051 351 1051 1029 1051 1051 1051 1051 4345 1051 351 1037 4345 1051 4345 1051 1051 4345 4345 1051 561 1051 4345 4345 4345 1029 4345 4345 4345 4345 4345 709 262 4345 351 4345 4345 4345 351 4345 4345 980
863 4346 2828 2024 4346 4346 3524 4346 31 3524 552 4346 65 4346 3524 4346 875 129 4346 31 4346 789 789 4346 4346 2828 3524 552 4346 2828 2335 4346 4346 31 2828 4346 4346 31 2828 4346 4346 3524 4346 2828 3524 4346 4346 2828 31 4346 3151 2828 2828 4346 31 2828 701 148 2939 4346 4346 31 31 4346 877 4346 4346 3524 2828 4346 2828 31 3151 2828 31 4346 31 4346 4346 2828 3524 2828 4346 4346 2828 2828 4346 4346 4346 4346 3524 4346 4346 45 2828 3524 3524 3524 31 2828 893 3524 54 11 3524 2828 2828 2828 31 2828 2828 2828 2828 2828
864 1301 1301 1881 1995 1995 1995 2565 1301 2670 1881 1301 2670 1301 1881 773 1881 1301 1301 499 1858 1057 1881 1301 1 232 1881 267 1881 1995 45 994 1881 1301 530 205 1152 1881 1881 125 125 125 1865 1301 446 45 349 991 1881 1301 772 1992 1881 125 125 1881 125 125 224 45 349 1871 1532 125 125 2591 1881 1987 125 125 125 205 397 45 783 994 1860 999 2670 266 1969 707 208 349 349 2670 352 1062 208 2670 1995 1579 2670 2583 2670 859 208 2670 2670 1821 45 2748 45 994 205 1091 1579 1995 1301 2670 52 2722 2705 472 67 1995 279 787 456 67 1301 11 1301 472 1995 1301 1301 1301
865 2773 3137 1100 3137 907 3137 1510 295 3137 515 169 3136 862 704 67 515 1497 1078 91 1102 3137 3137 3137 3137 362 1510 3137 3137 515 170 3137 3137 79 3137 3137 2773 2773 3137 1157 2156 3137 2502 3137 3137 3137 44 79 2217 3137 883 2214 862 3137 597 1982 3137 2773 2773 3137 2643 3137 2081 3137 163 3137 3137 3137 2502 3137
866 4053 4156 661 4347 1243 1 1243 4053 4156 2446 1243 4053 4053 1243 4156 2446 4156 2446 140 4156 4156 4053 4156 2446 1243 4053 4347 4053 4156 2446 1243 4053 4053 4347 4053 1243 4156 2446 2446 2446 4347 4156 2446 2446 4156 2446 4347 4053 2446 2446 1415 2446 2446 4156 2446 4347 4053 2446 4347 4347 4347 4347 4347 4347 67 4053 2446 1195 4347 431
867 3170 1144 268 51 402 1542 1746 30 1096 2300 3958 243 2590 1922 3958 2300 956 2300 3958 1493 2300 3958 1007 1358 1018 1910 1746 789 87 614 2510 1642 748 1910 549 2802 1922 4348 4348 651 4348 1910 1279 4348 2300 4348 4348 1101 1279 4348 788 1006 3038 3958 1910 89 421 1906 614 612 1910 45 74 3958 3958 1396 1910 1976 1922 1111 3958 1906 1093 614 1111 1096 3958 74 2590 2590 2590 2590 45 279 2300 3958 3958 1096 2590 1111 1922 2590 691 1990 2503 3958 2503 3958 1910 2503 1348 2300 2300 3958 3958 1096 3958 3958 1111 1922 1778 1982 1111 3958 2590 1910 1856 3958 2590 1279 4348 456 1906 2590 2591 4348 293 3958 1910 3958 362 3958 1598 3958 1982 1018 2590 648 3958 1096 3958 65 1579 1596
868 11 11 326 1647 326 2045 2101 11 1 326 11 1 11 1 106 169 1 1 2238 11 106 813 1 979 1 1 169 11 1557 1 2238 2046 1 678 1 1330 329 169 2045 11 1 11 1 326 326 1 329 2105 1974 1031 11 2205 2572 11 2105 11 11 11 11
869 925 4349 4349 4349 920 513 4349 4349 3250 4349 4349 4349 4349 4349 3250 920 4349 4349 4349 3250 4349 3250 3250 920 4350 920 4350 4350 4349 4350 4349 1391 777 777 381 552 4350 4350 3250 4350 4350 4350 4350 3250 552 455 450 920 4349 920 4349 924 381 4349 920 924 3250 920 4350 4350 4350 4350 4350 4350 4350
870 1295 2081 4351 4351 3280 4351 4351 4351 862 2081 4351 4351 4352 4351 2014 4352 1522 2081 4351 4351 1295 4352 4352 4351 4351 2081 4351 3280 4351 4351 4352 2210 2081 4351 4351 4351 3280 1523 4351 3280 4351 4352 4351 4351 4351 4351 4351 4351 4352 4351 4351 3280 3280 4351 4351 4351 3280 4351 1295 4352 4351 4351 3280 4351 4352 4351 1295 2081 4351 4351 3280 4351 4351 4351 2081 4352 4351 3280 4351 4352 4352 4351 4351 846 4351 3280 4351 4352 4351 4352 4351 3280 4351 3280 4352 4351 1172 4351 4351 4352 4352 3280 4352 4351 4352 4351 4351 4351 4351 4351 4352 4351 4351 4351 4351 4352 4351 4352 1295 4351 1295 1522 1295 4351 2081 4352 4351 41 4351 4351 3280 4351 1295 4352
871 2115 2115 2115 2115 3499 4359 4359 4358 590 2115 4272 2115 3381 590 2115 2115 4358 590 2115 293 2115 4272 2115 2115 2115 1122 391 172 4272 2298 114 293 4272 590 2115 4272 3381 2115 4272 2115 4272 4353 4272 2115 2492 4272 2115 4272 2115 4003 4272 4003 4272 590 2115 30 596 4272 4272 4272 4272 3436 4003 4358 2115 4272 2115 4272 3499 2115 4003 4272 4359 4272 4003 2115 4353 4272 4272 4003 4272 4272 4003 2115 4272 4003 590 2115 4272 4003 2115 4272 4003 4272 4272 4003 4272 4272 4272 4272 2115 4003 4272 4272 4353 4003 4272 2115 4270 4003 4003 590 2115 2115 4003 4270 4353 4359 4003 2115 4003 4272 4003 4359 4359 4272 2115 4272 4003 4272 4028 4003 4028 4003 2115 4003 4003 4272 4003 4028 4272 4272 4272 4003 4028 4358 590 4003 4272 4003 4272 4028 4358 2923 4272 4270 2115 4355 4358 3436 131 590 2115 4272 4003 2923 4270 4272 4003 4353 4353 4270 4003 4270 590 4356 3436 4270 2115 4355 4356 4003 4355 4358 4028 4359 4360 131 3436 2923 4359 3499 4357 4355 4355 4272 4272 297 4356 2923 4272 4028 2115 4355 4270 4357 2923 3436 4270 4358 2115 4355 4359 4356 2923 4356 4357 4003 4028 2115 2115 590 4356 4357 2923 4270 4272 4359 4356 4357 2923 4003 4272 4270 590 4356 4357 2923 4272 4270 4353 2923 4270 2115 3499 4356 4357 4270 4358 4003 590 4358 4359 4356 4270 4003 3436 3499 4357 4003 4272 4272 4003 4355 4028 3381 2923 4272 4356 2923 4272 4003 1286 4356 2923 114 821 4272 4003 4355 453 2115 4270 3436 4359 4356 453 2592 4356 4357 297 4272 4272 4003 4028 4359 2923 2115 4356 3436 297 2923 4003 4353 4354 4270 114 2923 4355 4357 4354 2923 4270 4354 3436 4359 4354 2923 4356 4357 2923 4270 4272 157 4356 4357 4272 4003 4354 4359 4355 4356 4357 4272 4270 1680 4354 3381 2592 2115 4355 3436 4354 2923 4003 4359 3499 172 4354 4355 4357 4270 4028 590 2923 4359 4003 4360 4354 4356 4357 4272 4003 4270 4272 2115 4357 4356 4270 3436 4003 4354 172 4359 4354 3436 4357 2923 3436 4003 4359 2115 4355 4357 2923 4003 4270 3436 4353 4357 4356 4272 4272 4003 297 30 4354 4272 4356 4357 4028 4003 2115 4354 4356 4357 3436 4003 4272 4354 2923 4355 4356 4357 4272 4003 4028 115 2115 2923 4003 590 4359 4354 2115 4272 4356 178 4355 4354 3436 4353 4359 4356 4357 4272 4270 4028 4353 590 4355 4356 4003 2115 4355 4354 3499 4356 4357 2923 590 2115 3436 4360 4354 4353 4359 4356 2923 178 2923 4272 4003 4028 4358 3436 4353 2115 4270 47 695 59 4355 4356 4360 2923 4358 3381 178 4359 4357 4356 2923 4272 4354 4354 4354 2923 4003 4358 2115 4354 590 4355 4356 4360 4357 2923 4272 114 2115 4355 4356 2923 4272 4003 3436 4354
872 3581 3581 3581 3581 3581 3581 3581 42 3941 3581 3581 3581 3581 812 3581 3581 3581 3581 3581 3581 3581 3581 3581 3581 3581 2168 3581 3581 3581 3581 1786 176 3581 3581 3581 3581 3581 47 176 613 3647 975 2887 975 975 1131 71 1738 42 176 975 975 3577 541 541 42 42 2887 3581 3581 1583
873 4362 4362 4309 4362 4308 4309 4308 4309 4362 4361 1565 4309 4308 2671 4309 4309 4362 4361 4361 4362 4308 4309 4362 4361 4361 4362 4308 4362 4308 4308 4308 4308 4308 4309 4362 4308 4308 4362 4308 4309 4361 4308 4308 4309 4361 4361 4361 4361 4361 4362 2960 4361 4361
874 1630 1437 1437 3551 319 538 123 30 1437 1630 1437 1630 1437 1437 1630 247 1630 4363 1437 4363 1630 1437 4363 1437 4363 1437 99 99 1437 1437 1437 1437 99 1437 4363 99 1437 4363 1437 1437 1437 3551 1437 1092 1437 1437 1437 244 1437 1437 1437 986 1437 1437 1437 1437 1437 4363 1437 4363 99 1437 1437 1437 1437 1437 1110 1437 1437 1437 1437 1437 1228 1437 3551 1110 409 986 1362 1437 1228 1437 1437 1228 1437 1184
875 2814 169 2116 4366 2308 2312 169 1728 4366 465 986 87 465 169 2814 125 465 4366 465 4366 2814 169 2557 4365 4366 4365 4366 1657 4366 4365 4366 4365 4366 4365 4365 4366 293 4366 4366 4366 362 494 726 4366 4365 4364 4364 620 4364 4365 4365 4364 4365 4364 4364 4365 4364 4364 1209 4365 4365 211 211 4364 4364 4364 4364 465 4365 4364 4364 4365 4365 4006 4364 4364 4364 4365 4365 4364 726 4365 3065 4364 4365 4365 4364 4365 4364 1119 4364 4364 4364 4364 4364 4364 4364 4364 4365 4364 4006
876 4367 356 4368 356 4368 356 356 4367 4368 356 4368 356 356 4368 356 4368 356 4367 4367 4368 4367 4368 356 4367 4368 4368 4368 356 4367 4368 356 4367 4368 4368 4368 4367 4368 900 900 4367 4367 4368 4367 381 4367 4103 4368 4367 186 4368 4367 4367 4368 4368 4367 4368 4367 4368 4367 4368 4367 4368 4367 4367 353 4367 4367 1570 4368 4367 4368
877 1041 100 1178 2277 3190 2491 215 2691 1171 2691 1178 609 2691 1732 958 958 1041 289 1041 2691 2025 1700 1171 958 1732 1041 875 958 1732 1732 326 1153 1088 1007 1000 748 748 958 2691 2691 1 1700 1732 271 1171 469 1894 1696 1732 958 2691 1178 1160 1171 958 958 958 1732 1171 958 1178 1173 1169 3477 1169 581 1160 1169 1169 1401 748 357 958 958 1169 169 1173 1013 1169 958 958 958 958 1169 748 958 783 958 1169 1169 1013 1169 958 1169 1169 958 1894
878 3190 4369 1179 2337 4369 2631 739 274 2241 4369 274 3190 4369 1579 3190 4369 169 1320 3190 2351 1266 558 3190 1179 4369 2241 3190 4369 274 558 4369 1320 3190 4369 274 1179 3190 4369 274 2202 1179 739 4369 336 1179 4369 1307 3190 4369 4369 1179 4369 4369 1728 3197 17 3190 4369 1179 1179 4369 169 164 519 1179 4369 4369 1179 3571 739 4369 3571 1266 4369 739 4369 3571 176 169 3190 4369 1888 739 4369 1307 739 4369 377 1579 4369 3195 169 1940 1368 4369 739 4369 99 4369 739 47 3190 4369 739 4369 451 169 1320 1266 1179 4369 3190 4369 4369 1179 739 2302 3190 862 1368 3190 4369 739 4369 2241 3190 4369 739 2686 1179 169 164 2351 4369 739 1179 901 1 4369 1179 3190 4369 2241
879 4373 4371 4373 4371 4370 3191 4371 3428 2100 2100 4374 3428 3191 3191 4372 4371 3191 3428 2100 4374 4371 3191 2100 4374 3191 4370 3191 4371 4371 4374 2507 2436 4370 3191 984 47 3191 4371 3189 3191 3191 4372 3189 984 2100 4374 3428 3191 833 4371 4371 2100 2100 4373 3189 4370 3191 4370 3189 460 4371 3189 4370 3428 2100 3191 4372 3191 4373 4371 4370 3189 3498 4373 3191 3191 984 4371 3191 4372 3191 4371 4373 4371 3191 4371 1295 2100 2100 2100 4374 3191 4371 3189 3191 47 125 4373 4370 4371 3189 4373 2100 2100 4374 3428 3191 2066 3191 4372 4370 4371 3191 3189 4371 4373 3189 2100 2100 4374 1296 3191 4373 4371 3191 4371 3189 3191 108 665 4371 3191 3189 4372 3191 4370 3189 4371 3191 1568 1398 2100 2100 4374 293 1282 3191 4373 4370 1296 2100 2100 4374 2100 4371 3191 4372 3189 4373 3191 4371 3191 3189 4370 3191 3191 4372 4371 17 3189 3191 3191 4373 4370 4371 2100 4374 3189 4370 4371 3191 4373 3189 4371 984 3428 2100 2100 2100 4373 4371 4371 984 3191 4372 4371 4373 4373 3191 3189 4373 4371 4373 3191 4372 984 2100 2100 622 647 4317 1855 1296 3191 4372 4370 4373 3191 2100 4373 4370 3191 3189 4370 3191 4372 391 4371 3191 4370 2112 3189 4373 4373 984 2100 2100 2100 4370 4372 3191 4371 833 2886
880 4379 2114 3622 149 3622 3685 3035 149 4375 4379 2114 4376 4379 4375 3797 4375 3035 149 4379 4376 149 3035 4376 167 149 3622 3622 2114 3035 3622 149 149 2114 4376 3622 149 3035 4377 167 3685 3035 4376 167 2114 149 3772 3797 2114 4376 4375 3035 3035 149 575 3035 3622 2114 149 4376 4375 3035 3035 4376 149 2114 4376 149 149 2114 149 3622 118 2114 3685 3035 3685 3035 4376 149 3035 4376 149 3035 149 167 4376 149 2114 4376 3622 2114 4375 4376 149 3035 4375 149 149 3622 149 3685 3035 153 149 2114 3622 4375 149 3797 149 3797 3622 149 3035 4376 3035 4375 1468 2114 4375 2114 167 4376 2114 4379 4376 4379 167 3622 3035 4376 149 4375 2114 4376 149 149 149 4379 2114 3797 4377 2114 149 2114 3035 149 3035 2114 4375 167 149 1078 1078 149 149 4379 3622 2114 3035 2114 4375 149 4375 4376 149 2114 1239 149 3622 149 4377 4377 149 3035 166 2114 1239 1069 149 665 3035 166 153 2114 4376 4378 4379 3622 3035 166 4378 153 4378 149 4378 2114 149 149 3797 167 4378 11 149 3622 3035 4377 153 4378 3035 166 167 4376 4378 149 4375 4378 3035 149 3622 3035 166 4378 4379 4378 2114 4378 4378 2114 166 149 4375 166 4378 3797 1239 153 4378 4378 149 4378 4377 166 4378 2114 1239 2114 665 166 2114 1239 2114 2114 1239 2114 4378 4377 4375 166 149 4377 166 166 149 1889 4378 149 4379 3622 4378 166 3685 166 175 3035 149 3035 4377 166 149 3685 3035 3035 4375 4376 149 4378 149 3797 4379 149 175 3035 3035 4377 4375 166 149 149 3035 4375 166 149 4379 4375 166 4379 149 4379 166 4378 175 3035 4377 4378 149 4377 4378 4377 166 3685 3035 3035 4379 149 4378 175 149 3797 3622 175 3035 175 3035 4375 166 4378 175 4378 3797 4375 166 149 2114 3622 149 175 4378 4377 3035 4377 153 166 149 4379 4378 175 3035 166 4378 3685 4378 4378 3685 4377 149 206 4378 149 3685 153 166 175 3035 4378 175 166 3035 166 149 3035 4378 3622 3035 4377 4378 3035 166 3035 2114 4378 166 3035 3035 153 166 166 175 4378 175 4375 166 4378 149 2114 166 167 3622 4378 3035 4378 167 167 4376 149 4379 4378 4377 153 4378 166 3622 3622 4376 3797 4378 166 153 3622 4378 3035 4377 166 3035 149 4376 4378 149 167 175 3685 3035 4377 4375 166 149 2114 149 149 175 3685 166 4377 3035 4379 4378 166 4378 4378 149 149 3685 3035 3035 131 4375 149 149 3035
881 3340 1852 962 2197 583 2596 461 461 1535 3477 720 840 409 2470 2301 196 1060 1000 326 2171 1110 2841 2833 1051 828 449 449 569
882 802 1502 802 4381 4381 11 4380 4381 663 1502 4381 1292 548 4380 4381 4380 4381 4380 4381 701 4380 4380 4380 4381 290 4380 3135 4381 4380 4381 4380 1308 4381 4380 4381 4380 4381 4380 4380 1406 1408 345 4380
883 1031 4382 748 4382 4382 4382 4382 1 295 1218 748 4382 4382 4382 4382 4382 748 87 1033 1033 4382 748 1696 4382 1033 4382 4382 392 748 1033 4382 263 4382 4382 1033 1827 1688 4382 4382 744 4382 4382 383 320 1095 1094 2107 511 271 469 4382 960 1031 748 4382 569 960 4382 1787 1688 770 4382 971 4382 569
884 2247 2145 2247 2145 185 2791 4385 2247 2145 2145 2247 2104 1616 2791 4385 2145 2247 2247 2145 2791 2247 2145 2791 4385 3154 2791 4384 3154 4387 2247 2145 2145 2247 2791 4385 4385 1616 2247 2145 2247 2791 2145 2247 2791 3154 4387 185 1616 2247 2145 2145 2247 2247 2145 2145 2247 1616 2791 2145 2247 2791 4385 4387 2791 2145 2247 2104 1616 2791 4385 2145 2145 2247 2791 2247 2145 2145 2247 1616 2791 4388 2145 2145 2247 2791 4387 4385 2791 4385 2791 2145 2247 2247 2145 2145 2247 1616 2791 4385 4385 2145 2247 2791 4385 2791 4388 2247 2145 1304 2145 2247 2145 2247 3154 4387 3154 2145 2247 1304 2104 1616 2791 4385 3154 4387 2791 4385 2247 2145 1304 1304 2145 2247 2791 4385 2791 1616 4387 4386 2791 2247 2145 172 1616 2247 2145 2145 2247 1304 1616 2791 4388 1304 1304 2145 2247 1616 2791 4385 2791 2247 2145 2247 2791 4385 4383 2791 2145 2247 1616 2791 4383 2568 4385 4383 2247 2145 2145 2247 1304 1616 2791 4383 4385 2145 1304 2247 1616 4383 4385 2247 1304 2145 2247 2791 4383 4385 2791 1616 1304 2145 1616 2791 4383 4385 2247 1304 2145 2247 1616 2791 4383 1303 1304 2145 2247 1616 2791 1304 2145 2791 4383 4385 1304 2145 2247 1616 2791 4383 4385 2247 1616 4385 185 2247 2145 1304 2145 2791 4383 4385 1616 2247 2145 2247 2145 2791 4383 4385 2791 1616 2247 1304 2145 2145 2247 1304 1616 2791 4383 4385 1359 1616 2247 1304 2791 4383 4385 2791 1303 2104 2247 2145 2791 4383 4385 1304 2145 2247 1616 2145 1304 2104 2145 2247 2791 4383 2145 2247 1616 2247 2247 1616 1616 2145 2247 1616 2145 2247 1616 185 2791 1616 2791 1616 2791 4383 1616 2247 2145 2247 1616 2791 4383 4385 4383 4385 2791 1616 2247 2145 4385 4383 1616 2145 2145 2247 2886 3697 4383 2247 1616 4383 2791 1616 2247 2247 2145 2791 4383 4385 2791 2145 2247 1616 4383 4385 4387 2791 2145 2247 2791 4383 1616 2247 2145 2247 1616 2791 4383 2791 4383 4385 2247 2145 2145 2247 1616 2482 2791 4385 2791 4383 2791 4384 4383 4387 2924 1359 3154 2145 2247 4384 2791 4383 4385 4387 3154 1616 1616 4384 2791 2145 2247 1616 4384 2791 2791 4383 1616 2247 362 2145 2791 4385 2145 2247 4384 2791 1616 2247 2145 2247 2791 184 4385 4383 1616 2145 2145 2247 2791 4383 2145 4384 2791 4383 1359 2924 1616 2247 2145 185 3154 4384 2791 1616 2145 1616 2791 4384 4384 2791 4383 2791 4387 2145 2247 4384 2791 3154 3154 1616 2247 2791 4384 2791 4384 2145 4384 4383 4387 3154 4384 2791 4383 3154 2145 2247 2791 4383 3154 4387 2670 2247 2145 4384 4383 1359 2247 4384 2791 1616 3154 1616 4384 3154 4384 4384 4385 2247 2145 4385 4383 2791 4384 1616 2247 2145 4385 4383 2791 4384 1616 2145 3154 4387 2247 2145 4384 2791 4385 2247 2145 2247 4384 4383 4385 4387 4383 1522 4383 4385 2145 4384 4384 1616 4385 2791 4384 1616 4384 2791 4383 1616 2145 2145 2247 1616 4384 2791 4383 1616 2145 2247 4384 2791 4383 4385 2145 1616 2791 2145 4385 4383 2791 1616 2247 2791 4383 1616 2247 2791 2247 4384 2791 2145 4384 2791 4385 1616 2247 2247 4383 4385 1616 2145 2247 2145 2791 4384 4384 4383 1616 2145 1616 4384 2145 2247 4383 4385 2145 4383 1616 2145 1296 4385 4383 4384 2145 4385 4388 2145 2247 1616 2791 4385 2924 759 2247 2145 4384 4383 2145 2247 1616 4384 2791 4385 3154 2924 2247 2145 4384 4383 4385 2247 2145 4384 4383 171 1616 2145 4384 171 2145 2247 1616 4384 2791 4384 4385 2247 1616 4385 3154 2924 2247 1616 4384 4383 3154 2924 4387 2247 4383 4384 4388 2145 3154 2924 4387 2247 2145 2145 2247 1616 2791 1304 4384 2791 4383 3154 2924 2247 2145 2247
885 4389 2538 4389 3170 279 2539 4389 2538 4389 67 100 1111 4389 4389 279 1527 4389 1072 92 1527 1527 1527 92 45 92 92 2538 1982 1072 92 203 92 1430 92 1072 1111 1 1685 92 279 1096 2538 1072 2043 4389 2538 1072 92 1111 2043 1072 2538 92 2043 2045 1 2075 92 4389 92 125 67 92 2538 2538 4389 92 2043 1596 92 268 92 2196 4389 92 1072 2196 1072 1111 92 2117 1072 1495 1072 92 2538 92 2538 1396 92 92 2043 2538
886 2593 651 651 1624 169 651 2593 1256 768 478 1256 799 1256 290 1256 2593 2252 1256 2593 218 3925 1256 1256 581 1256 243 2252 581 1983 138 397 1343 2536 135 1256 1256 2252 2226 106 3925 138 895 2501
887 1923 631 1045 239 1891 1696 1041 631 2883 69 0 1003 2462 1795 1793 2182 2861 1022 1795 631 268 994 1012 1736 413 1795 631 631 1011 1011 1497 25 968 1795 392 631 1790 631 462 2182 994 268 2182 169 392 1795 2182 631 2182 980 2182 2182 748 2182 1012 631 1631 285 218 24 218 548 631 716 379 466 949 2167 949 279 392 1557 631 631 1631 2501 1008 1109 218 1060 2182 69 631 1360 1896 14 1095 2539 631 631 1795 1980 309 1550 1038 738 631 717 2178 1027 379 2462 2861 1011 1893 309 258 2161 415 2182 279 947 631 517 631 631 69 97 631 69 2861 631 1041 631 1739 1095 631 631 2117 1185
888 2322 1210 4263 4390 2322 1210 4263 4391 1332 3950 2394 432 3404 3897 1210 2322 4182 1210 4222 4263 1332 3950 1210 1332 3950 1210 4390 3950 1210 2322 1656 2322 2322 1210 4222 4263 1332 3950 1210 4391 1332 1332 3950 1210 4390 1332 3950 1210 4391 2322 1210 4222 4263 1332 3950 2322 1710 1210 4222 4263 1332 3950 1210 1332 1210 4391 2322 1210 4222 4263 1332 3950 1210 4390 3950 1210 1210 4222 4263 1332 1210 4391 1332 1210 4390 2322 1710 1210 4222 1332 3950 1210 4391 2322 1210 4222 4263 1332 3950 1210 4390 3950 2322 2636 2322 1888 2322 1210 1332 3950 1210 4391 3950 1210 4390 1332 3950 2322 2394 1660 2603 642 494 2636 432 3404 1210 4222 4263 1332 3950 1210 1332 3950 4390 4391 4222 1210 4222 4263 1332 3950 1210 4390 211 211 777 952 4263 1210 2322 494 2636 2322 1210 4222 4263 4390 1332 3950 1210 4391 2322 2322 17 1210 4222 4263 4391 1332 3950 4390 2322 2394 2394 432 3897 494 2636 1710 2322 1210 4222 4263 3950 1210 2322 2322 2322 1210 4263 1332 3950 1210 2322 4263 3950 2322 1710 2322 2743 2322 2322 1210 4222 4263 1332 3950 2309 2322 1210 4263 1332 3950 4390 4391 2322 2322 1656 2322 4222 4263 1332 3950 4390 4391 1210 4222 4263 1332 3950 4390 2322 1210 4222 4263 3950 1210 4390 2322 1710 1210 4222 4263 1332 3950 1210 4390 4391 2322 1210 4222 1332 3950 1210 4222 1332 3950 1210 2322 1210 4222 4263 1332 3950 1332 2322 1210 4222 4263 1332 3950 1210 4390 2322 1210 4222 4263 1332 3950 1710 310 1210 4222 4263 1332 3950 2322 1210 4222 4263 3950 1210 505 1710 1210 4222 4263 1332 3950 2743 2322 1210 4222 4263 1210 1332 3950 1210 4222 4263 1332 3950 2743 3950 2322 1210 4222 4263 1332 3950 1210 2322 1210 4222 4263 1332 3950 1210 4391 4263 1210 4390
889 4392 4293 4293 4293 1554 460 4293 4392 4392 4392 4392 4392 4293 4392 4293 4392 4392 1013 262 4392 4392 1022 4392 4392 42 1970 1013 4392 4392 4293 4293 4392 4392 397 397 460 243 1095 4392 4392 4392 4293 4392 4392 919 4392 550 2063 1543 2063 2063 2063 1543 2063 2063 4293 2063 1034 1183 2063 2063 362 2063 2063 4293 2063 1032 751 3234 2063 2063 1543 4293 2063 1091 2063 4293 4293 2063 11 11 4293 2063 477 2063 521 2063 2063 2063 1079 2011 1079
890 634 4393 4394 4393 4394 634 634 3654 4393 4394 4393 4394 2229 4394 2557 4393 4394 4393 4394 4393 4394 4393 4394 4393 4393 4394 634 505 4393 4394 634 4393 634 4393 4394 634 4393 4394 634 1314 634 634 4393 4394 4393 802 4393 4394 4393 4394 4394 634 634 4393 4393 4394 634 4393 4394 634 634 4393 4394 4393 4394 4394 634 634 4394 4394 1888 634 634 634 634 4393 4394 4393 4394 4393 4394 634 634 4393 4394 4393 4394 4393 4394 634 634 4393 4394 4393 4394 436 4393 4394 4394 577 4393 4394 4393 4394 634 634 4393 4393 4393 4394 634 634 4393 4394 4393 4394 634 4393 4394 4393 4394 634 4393 4394 634 4393 4394 436 634 634 4393 4394 126 4393 4394 643 430 4393 4394 634 634 4393 4394 634 634 329 259 634 4393 1654 4394 634 4393 4394 634 4393 4394 47 4393 634 634 634 634 634 4393 4394 634 4393 4394 329 4393 4394 4393 4394 634 634 4393 4394 634 634 4393 634 2229 4394 4393 4394 4393 4394 634 4393 4394 4393 4394 634 634 4393 634 3654 4393 4394 634 4393 4394 4393 4394 634 4393 4394 4393 4394 4393 310 4394 634 634 4393 4394 634 4393 4394 4393 4394 634 634 4394 634 634 634 4393 4394 634 4393 4394 4393 4394 4394 4393 4394 4393 4393 4394 3654 4393 4394 634 634 4393
891 22 4395 4395 4395 211 4395 4395 460 634 600 4395 4395 169 4395 4395 211 4395 4395 211 641 600 3074 696 4395 600 326 50 1662 600 211 211 641 53 600 978 1148 211 211 600 4395 4395 4395 1210 4395 1241 211 600 4395 3074 600 600 211 1294 600 211 211 148 211 3128 1634 1791 2557 600 3128
892 853 2349 1159 474 246 1753 86 853 106 853 91 853 2203 853 401 794 853 10 1980 853 853 853 853 474 853 420 11 1074 853 1185 853 2484 11 11 2484 853 246 853 853 853 2484 853 853 2484 1980 321 853 2 2484 853 2484 2484 853 853 10 853 853 853 853 1185 853 853 1980 853 1980 853 853 853 853 853 97 853 853 853 106 853 1 1
893 1915 2005 2006 832 916 916 338 916 1915 2005 2006 2005 2005 2006 2005 1 2087 2005 2006 47 1283 1915 2344 2005 2006 2275 172 1915 1867 2005 2005 2006 47 1849 1093 1915 883 597 1915 2006 2005 1999 2005 2006 1093 59 129 1867 2006 2005 1093 1915 165 165 1723 883 1166 1093 47 3572 47 293 2473 165 609 613 1093 844 2275 844 1246 254 844 1723 1910 1723 2473 1516 618 1849 3497 1093
894 2787 4396 4401 4397 2787 4396 4401 4397 4398 4396 4401 22 2787 4397 2787 4396 4399 4398 4400 2787 4396 4401 4397 4398 4396 4399 4397 4398 4400 2787 4396 4397 4398 4400 2787 4396 4401 4399 2787 4396 4401 4398 4397 2787 4396 4401 4397 2787 4396 4398 2787 4396 4399 4398 4400 2787 4396 4401 4399 2787 4396 4399 2787 4396 4401 4399 4396 4401 4399 4397 2787 4396 4401 4399 4398 4396 4401 4399 4397 4398 4398 2787 4396 4401 4399 4398 4400 2787 4396 4401 4399 4398 2787 4396 4401 4397 4398 4398 2787 4396 4401 4399 4398 2787 4396 4401 4399 4397 4398 2787 4396 4401 2787 4396 4401 2787 4396 4401 4398 2787 4401 4398 4397 2787 4396 4401 4399 2787 4396 4401 4399 4397 4401 4399 4396 4401 4399 2787 4396 4401 4399 4398 4397 2787 2787 4396 4401 4399 4398 2787 4396 4401 4399 4398 4396 4401 2787 4396 4401 4399 4397 4398 2787 2787 4396 4401 4399 4398 4400 2787 4396 4401 4399 4398 2787 4396 4401 4399 4400 2787 4396 4401 4399 2787 4396 4401 4399 2787 4396 4401 4399 4397 2787 4400 4398 2787 4396 4401 4399 2787 4398 4397 4396 4399 4398 4398 2787 4396 4401 4397 4398 2787 4399 4398 2787 4396 4401 4399 4397 4398 4396 4401 4398 2787 4401 4399 4398 4398 4397 2787 4396 4401 4399 4398 2787 4401 4399 4398 2787 4399 4396 4399 4397 4398 4400 2787 4396 4401 4399 4398 2787 4396 4401 4399 2787 4399 4397 4399 4398 4396 4398 4396 4399 4400 4398 2787 4396 4401 4399 4400 2787 4396 4401 4399 4400 4401 4399 4398 2787 4396 4398 4396 4401 4399 4397 4398 4400 2787 4396 4401 4399 2787 4396 4399 4400 4396 4401 4399 4398 2787 2787 4396 4401 4399 2787 4401 4399 4397 4396 4401 4399 4400 4398 2787 4401 4399 4397 4400 4399 2787 4396 4399 4398 4400 2787 4396 4401 4399 4397 4398 2787 4396 211 211 2787 4396 4401 4397 4396 4400 2787 4396 4401 4398 4396 4401 4399 4397 4400 2787
895 4402 4402 4402 4402 3494 4402 4402 4402 4402 4402 4402 1233 4402 3494 4402 3494 4402 3494 4402 4402 1234 4402 4403 4403 4403 4403 4403 4403 4403 4403 4403 4403 4402 4403 4403 4403 4403 4403 4403 4403 4403 4403 4403 4403 4402 4403 4403 4403 4402 4403 4403 4403
896 11 11 2773 5 220 787 1101 1170 963 787 2546 1536 466 1857 100 1736 363 696 1924 1924 2773 2773 2773 2773 2199 440 84 555 1538 1538 2710 305 284 2200 803 11 948 284 1583 67 2178 2178 2222 1181
897 1536 4175 4090 1920 1133 265 84 1357 122 96 1920 2600 1796 3528 647 463 2167 176 2600 1726 652 581 1726 4363 2278 1726 1726 4363 804 1554 4363 1726 993 935 2217 101 1799 18 353 240 555 1799 1799 1726 1726 1678 555 956 2278 2546 2278 555 2278 714 555 612 844 555 277 555
898 2262 2512 2641 2641 2064 2262 2512 2641 2642 455 2641 2509 2509 2641 455 842 2512 2641 2509 2064 2064 455 2641 2641 2262 2509 2512 2064 2641 2512 2641 2509 2509 2509 2642 2641 2509 455 2509 2064 2641 2509 2512 2641 2641 2509 2064 2509 2512 2641 2509 2509 455 2641 2064 2512 2509 2641 2262 2509 2064 2064 2641 2641 2641 2641 2262 2064 2509 2641 2509 2262 2641 2512 2512 2641 2509 2509 2262 2509 2512 2509 2262 2642 2509 2641 2512 2642 2512 2641 2641 2262 2064 2262 2641 455 2642 2641 2509 2509 2064 2064 2512 2642 455 2641 2061 2509 2509 2064 455 2641
899 11 773 4404 795 1526 4404 839 724 1505 1929 4404 773 2247 3095 837 2247 134 1619 4404 45 1971 2883 2031 237 11 4404 112 45 2767 851 4277 4404 1802 210 807 2564 3119 3683 689 3119 2510 3683 419 3683 3119 4404 1990 4404 966 48 2507 1527 70 217 3119 1505 421 541 3683 4404 618 3119 4404 3119 1225 1990 3683 1225 4404 1990 4404 3683 1225 2465 1738 1225 4404 808 947 126 679 48 42 837 4404 1225 1225 4404 2274 1031 1225 4404 1225 1765 2796 1033 1225 2883 268 3683 701 2187 1225 4404 3683 697 47 2514 3683 1990 685 772 2025 4404 3683 1990 392 2025 4404 2025 4404 3119 1816 2025 2025 134 1619 4404 1765 1816 4404 2025 134 1619 4404 1971 11 237 1816 1053 4404 4405 4404 2142 3119 2478 1250 135 1990 3119 4404 135 1250 135 798 3119 798 4404 1053 3683 798 4404 1053 3119 1250 3119 1990 169 169 3683 1250 135 798 4404 1250 135 798 1990 3683 2056 1091 686 1619 3119 1619 4404 3119 4044 305 3119 2142 2025 1619 4404 1197 3119 2025 4404 2234 134 1619 2958 134 4404 2958 1746 2958 1816 3119 1985 708 1178 2958 2958 2025 134 4404 4404 126 1816 844 614 1465 614 1765 4404 2958 1619 134 2958 686 3119 1619 4404 1619 1816 2025 4404 366 1619 1390 1379 1990 2142 686 1765 1289 134 2958 1619 134 3935 2025 134 4404 4404 1619 686 1816 1856 52 3119 134 1619 2025 1619 4404 2025 3683 4404 2958 134 3119 4404 1619 3119 336 3294 3119 527 2025 134 1619 4404 1619 134 169 1816 134 1619 1619 699 217 1465 2025 134 1619 4404 2025 134 134 1619 4404 2958 1990 1816 2883 1816 686 3119 2025 1619 1619 2958 1619 2025 1619 4404 2025 1619 4404 125 1619 4404 3119 1990 3119 3119 134 1619 3119 2025 134 1619 4404 2958 1619 134 2025 2958 3119 2025 134 3119 1619 3119 1619 4404 2958 1619 1990 2025 134 1619 1619 2142 3119
900 1827 1827 4406 4406 4412 4407 417 1827 1484 1888 1484 4407 4219 2809 1827 1827 417 1827 4413 4408 1827 1827 4409 4408 4406 232 4413 4413 4413 1484 911 4407 4406 4408 1484 1484 1484 1827 4408 3509 4413 641 777 1484 1484 4412 4406 4408 4408 4411 4413 4410 1827 4410 259 4413 4410 4406 1484 4407 4408 919 550 1484 4408 4410 1566 4406 4408 4410 4406 1888 1827 4410 4410 4408 1827 188 4412 4407 4407 4406 4408 4407 4410 4408 1827 3042 4413 1827 1827 4406 4410 4406 1827 4406 777 460 11 4406 4413 4410 641 211 2938 329 163 654 4408 1827 4411 1752 742 967 4410 1572 862 329 362 4406 4406 878 2040 4413 4413 4410 4413 4411 4406 4407 4411 4406 2720 2041 4406 4407 4406 4408 4406 170 3201 4412 4407 1827 3201 4408 4407 4412 4411 240 240 4410 3042 4410 4413 4411 4408 4407 4412 2087 334 4412 4410 1572 4408 4411 4406 4408 4408 572 770 572 4412 4411 4408 1 1 334 4406 4407 1827 4406 4408 4413 4410 4413 1572 4406 170 3398 4411 4412 4407 4411 4410 4412 4411 4406 4408 1827 4412 1827 1 4406 4408 169 2333 4250
901 4415 4415 4415 4414 4415 423 4414 4415 4414 4415 4415 4415 4415 4414 4415 4415 4414 4414 1774 4415 4414 4415 3654 4415 4415 4415 4415 1049 4414 4414 1049 4415 4415 4415 4414 4414 1049 1049 4415 4415 1049 4415 4415 4075 4415 4414 4415 4415 4415 1049 4415 4415 4415 4415 4415 4415 4415 4415 4415 4415 4415 1049 4415 4415 4414 4415 1049 4415 4415 4415 1049 423 4415 4415 1049 4415 504 1049 3654 2533 4414 4415 4415 1049 4415 4415 4415 4415 1049 1049 4414 4415 1049 4415 4415 4415 4415 4415 4415 1049 4415 4415 1049 1049 4415 4415 4415 1049 4415 4415 2229 4415 4415 4415 4415 4415 4414 4414 3654 4415 1049 496 2449 3842 3842 4415 1049 3842 4415 4416 883 1774 3842 4415 4416 3842 3842 3842 4415 1049 4416 4416 1049 4416 667 3842 3842 3842 4415 1195 3654 3842 4415 3842 4415 3842 4415 3842 4416 3842 4415 4416 4415 3842 3842 3842 4415 3842 4415 3842 1712 3842 4415 4416 3842 3842 3842 1049 3842 4416 3842 3842 4415 3842 4416 3842 3842 4415 3842 4416 3842 3842 3842 4415 4414 4416 667 4416 2603 3842 3842 3842 4415 3842 1049 4415 4415 3842 1049 3842 4415 1049 3842 3842 4415 3842 3842 4415 3842 4415 1049 4416 3842 4075 4415 4414 3842 4416 3842 4415 1049 3842 3842 4415 3842 4415 4416 4416 3842 4416 3842 3842 4415 4416 667 3842 4415 667 1049 4415 3842 3842 667 1049 3842 667 4415 1049 4416 667 667 667 4416 4415 1049 667 4415 3842 1049 667 3842 3842 4415 1049 4416 4415 667 1049 667 3842 4415 4415 3842 4415 4415 4416 423 1135 595 394 4416 3842 4415 3842 4415 3842 4415 3842 4415 4416 1049 4416 4415 4416 2394 3842 4415 1049 4416 3654 3654 667 4415 3842 667 3842 4415 1049 3842 4415 3842 3593 4415 618 4415 3842 1049 4416 4415 4416 4415 3842 4415
902 319 3052 3052 3052 304 3052 3052 304 3052 3052 304 3052 3052 304 304 3052 304 304 319 304 304 304 304 1541 3046 3052 304 3052 1056 304 3052 2144 1579 304 2748 304 3052 588 3046 3052 3052 1094 304 3046 949 3052 2480 96 3046 307 304 263 106 47 304 304 3935 319 1 1 1 3052 304 307 3227 2196 3052 3046 1978
903 1717 409 2964 1717 1717 2254 1717 147 771 2964 2345 2345 2964 2964 1717 835 1717 2964 2345 1717 2964 2964 1717 823 2964 2345 1717 2345 2964 752 752 2345 1717 2964 2964 2345 1717 293 2345 2964 2345 2964 2345 1343 1207 122 679 2345 1717 47 2964 1207 1525 1114 2345 2345 1717 2964 2345 2345 2964 2345 1717 2964 2345 1717 293 18 1717 83 2964 2345 1717 2345 2964 1717 2345 2964 2345 752 752 2964 2345 752 1343 385 377 673 499 47 402 2178 18 217 2345 837 1717 101 2964 752 664 2964 2964 2964 1717 2964 1717 2964 2964 563 752 2964 1717 2964 2345 2964 2345 1717 2964 1717 2964 357 1717 837 1717 1717 2964 2964 1642 1717 2963 1717 2011 326 2964 752 2963 691 2964 1717 1789 1742 1095 1717 330
904 298 64 336 169 169 1178 752 1126 1176 1172 2212 1927 2212 783 1168 591 1168 1022 1176 783 1176 1015 1178 2212 169 2212 1889 1176 2212 1176 477 558 2212 64 462 351 64 1128 1921 1762 87 1176 1557 1176 967 169 169 1178 74 1814 1176 14 287 1176 1178 1176 744 2212 1128 1176 2255 2113 1176 336 1780 1176 2212 1978 362 2212 1013 2212 2212 517 169 3190 2212 464 56 528 2212 1262 2212 248 748 2212 994 336 891 783
905 2842 2065 2209 52 1930 2088 256 69 22 4044 684 684 684 1977 1497 4044 377 258 684 684 932 684 684 684 1734 4044 1056 583 65 1496 1888 684 684 546 684 684 684 321 1559 286 17 17 4044 67 684 1052 169 1559 392 256 250 684 684 250 3138 65 250 256 394 684 684 391 684 64 2209 321 3019 4044 1052 684 684 1122 392 684 684 684 1056
906 4417 2810 4417 926 2810 4417 4417 4417 3815 4417 4417 2810 4417 4417 2414 2414 2810 4417 3815 2810 2810 2810 4417 2414 4417 2414 2810 2810 4417 2810 2414 2414 2810 2810 4417 2810 4417 2810 2414 2414 4417 2810 2810 4417 2810 4417 2414 4417 2414 3815 2414 4417 2810 2810 2810 2810 299 550 4417 2414 4417 4417 2414 4417 4417 2810 4417 2414 2810 3815 2810 4417 4417 4417 2810 2414 4417 2414 4417 2414 2810 4417 2414
907 1723 2811 1723 2811 1723 597 597 2811 542 1775 4418 1667 1667 597 597 3381 4418 4418 3381 1667 2811 1723 2811 159 2811 2811 2336 1723 2336 1520 1520 1520 2336 2592 2811 2811 2336 1578 1090 1090 2811 2811 2336 2748 2336 2336 55 1104 1104 2811 2592 159 420 2336 2336 2811 159 2811 159 44 159 597 597 159 55 159 55 55 67 159 2592 159 159 2592 2811 3381 159 4418 2811 2811 2592 159 1723 55 55 4418 55 2592 1304 4418 159 159 159 159 3381 4418 1516 159 4418 2811 3381 2861 159 2811 2811 2811 2811 159 159 2592 4418 159 1520 159 3381 159 597 597 159 3381 3381 1520 1520 4418 4418 159 3381 4418 159 3381 159 3381 159 3381
908 4419 894 4419 4419 4419 1956 4419 4419 4419 4419 661 4419 4419 4419 4419 4419 4419 4419 6 1956 1333 4419 2576 4419 1964 4419 894 1956 4419 1333 1333 461 1964 4419 1956 4419 726 607 2103 449
909 3867 3867 3867 3867 3867 3867 3867 106 3867 3867 3867 3867 3867 3867 106 106 3867 3867 55 3867 55 3867 3540 3867 3867 117 3867 3867 3867 3867 3867 3867 3867 3867 3867 3867 3867 3867 3867 3867 3867 3867 3867
910 3639 3640 3636 4053 3640 3640 4421 3641 4053 4421 1208 3480 1204 1243 1627 3480 3639 4420 3639 3640 3641 3636 4053 4420 366 4053 3641 4421 3640 3636 3640 3640 4053 4420 4422 3641 3640 4421 4422 3636 4421 3639 143 3480 3639 3639 3639 1627 4421 3641 3636 4420 496 3479 1627 486 1627 3639 3640 501 3641 4422 4422 3639 4420 492 3640 3639 3640 4053 3636 3640 3640 4421 3636 4053 4053 3641 4421 3641 4053 4422 3640 3480 3639 3639 3640 3641 4053 3639 3639 4422 3641 4421 3636 4053 3641 143 3480 3479 1627 1243 140 142 1627 3639 3639 3640 3641 3636 3639 4422 492 4053 3639 3640 3641 4053 4420 4422 3640 3639 3639 3640 4421 3641 3636 4053 4420 3639 3640 4053 496 3640 4421 4053 4420 4422 3636 3641 496 4421 3640 3639 4421 3641 3636 4053 4053 4422 4053 3641 4421 3640 3640 3636 4420 1627 3639 3640 3641 3636 4053 4420 3640 4421 4053 3639 4421 4422 4420 4422
911 4423 383 4423 1230 648 4423 768 970 4423 45 3138 4423 1751 67 9 4423 45 2292 4423 1490 2204 1003 4423 4423 2204 412 45 2702 2858 4423 377 250 99 9 9 970 1939 2500 952 2836 2858 1230 392 1230 2205 986 4423 47 1490 1490 1490 2836 4423 1490 1904 45 257 2836 1002 1490 1490 1490 749 1400 1490 4423 1490 1490 2836 4423 1490 1490 4424 4424 2706 2167 2836 1230 409 4424 1490 1490 18 1490 1490 2047 4423 1490 4424 749 1490 163 4423 1230 4424 1490 163 1490 9 4424 1490 1490 4424 2836 4424 2836 1230 4424 1230 4423 1490 1230 1490 1490 67 11 1490 266 1490 1624 4424 4424 409 1490 4424 1490 4424 1490 4424 1002 1490 1490 4424 656 1490 1490 1490 1904 1490 1490 258 1490
912 164 4425 4425 169 4425 169 4425 3072 3224 4426 2906 4425 3072 4426 3224 481 4425 3072 3224 4426 4425 3072 179 1365 52 4425 3072 4426 3224 169 1307 4425 3072 4425 169 579 4425 3072 4426 3224 4425 3072 4425 3072 4425 3072 4425 3072 4426 1560 3685 4426 2431 2898 3072 4425 4425 3072 4426 3224 4425 3072 4426 2898 4425 3072 3224 4426 1465 4425 3072 4426 169 976 4425 3072 151 2930 169 2898 2906 4425 3072 4426 3224 1579 368 936 1509 773 727 2090 129 357 4425 3072 4426 4425 3072 3224 4426 2898 4425 3072 1356 169 1307 2898 3072 4425 169 2898 4425 3072 3224 600 3072 4425 4426 3224 2898 4425 3072 4426 2906 4425 3072 1224 1308 1546 1560 67 2906 3072 4425 2431 4426 169 4425 3072 3224 4426 4425 3072 4426 151 2898 4425 3072 4425 3072 3224 4426 664 4425 3072 169 1307 4425 3072 4426 52 169 968 552 1180 357 1874 4425 3072 1560 2898 4425 3072 169 664 4425 3072 664 2898 3072 4425 4425 3072 664 2898 4425 3072 1307 2898 4425 3072
913 4429 4428 4429 914 3494 4429 4429 4428 3712 4428 4427 4428 4427 4429 4428 4427 4428 4428 4427 4428 4427 4429 4428 4427 3494 4429 4428 2785 4427 4428 4428 4427 3494 4429 4427 4427 4429 4428 4428 3494 4427 4429 4428 4428 2785 4427 4428 3494 4429 4428 4427 4428 4427 3494 3494 4429 4428 4428 4429 4427 3494 4428 3712 4427 4427 4428 362 4427 4428 4427 4428 4429 4428 4429 4428 4427 4428 4427 4427 4428 4428 4429 4427 4427 4427 4428 4429 4428 914 4427 3494 4427 4429 4428 4427 4427 4429 4427 4427 4428 4427 4429 3712 4427 4427 3494 3494 4427 4427 4427 4427 2785 4427 3712 3494 4428 4427 914 3494 4427 914 4427
914 1 1827 1827 4409 1 232 1827 1827 4431 3150 4430 4430 1 1827 4431 2015 4409 1 1827 4432 1 1827 4431 3150 4430 4430 1 4431 1827 2015 4409 1 1827 4409 1 1827 1827 4409 4432 4432 11 11 1719 11 1 1827 1827 4432 4432 1 232 3150 1 4431 1827 2015 4409 4431 3150 4430 1827 2015 4432 4409 3150 4430 1 4431 1827 2015 1 1827 4409 1 1827 4432 1827 4432 4409 1 1827 232 4431 1 1827 2015 4409 1 1827 4431 3150 4430 4430 1 1827 4431 1827 2015 4432 4409 1 1827 4409 4431 3150 4430 3150 1 1827 4432 1 1827 4409 4431 3150 4430 4430 1 4431 1827 4432 4409 1 1827 4431 3150 4430 106 311 106 311 3150 4430 4430 1 1827 4431 2015 311 1 1827 4430 106 311 1 4409 4431 3150 4430 1 1827 1827 4431 2015 4409
915 1627 1243 4433 134 2924 140 4434 4053 1619 134 4434 3154 140 4053 4433 2231 3641 1413 4433 4053 3641 3641 4433 4053 135 3641 1579 4053 4433 4053 3641 2231 4433 3641 4053 134 1627 4053 4053 4053 134 2924 140 1243 1619 4053 4433 4053 4434 4053 4434 3154 2231 4433 4053 4433 2447 4332 138 4433 2924 1619 1627 4433 134 3154 4434 3154 134 1619 1627 4053 4053 3154 4434 3154 1250 135 1243 4053 4433 492 4433 4053 3154 4434 134 3154 4434 3154 134 140 4053 1243 492 4433 4053 492 4053 3641 2231 4053 4053 1627 1619 1619 1627 4053 4433 4053 2231 4053 4053 4053 1627 4053 4433 4433 4053 2924 4434 1619 4433 2231 4053 4053 3154 4434 1243 798 492 4433 4433 4433 4053 134 2924 1627 4053 134 4434 1627 2231 3641 4433 2231 4433 4053 1619 1627 4053 4053 4434 3154 135 1243 4053 4433 4053 4053 1627 2924 1243 4053 4434 45 135 1243 4053 4053 4434 3154 135 1243 4053 4434 3154 1627 4053 2231 4053 4053 4433 492 4053 4433 4053 478 4433 4053 2231 4433 4433 4053 4053 4053 4433 4053 4053 1243 140 4053 2231 4433 138 1728 1243 4053 1243 135 1728 699 691 4053 18 138 2440 1243 135 1728 293 699 135 1243 4053 1728 293 1370 691 138 2440 4053 4433 4053 4053 1243 135 1728 293 691 135 4053 1243 135 691 138 4053 4433 4433 4053 135 1728 293 699 1370 691 4053 4053 1250 293 1728 1370 691 135 4053 1627 1619 808 1619 4053 1728 293 691 1370 135 4053 659 1581 4433 4053 3641 2231 4053 2231 4053 1243 135 1370 293 691 135 4053 4053 1728 1370 691 138 2440 1627 808 1052
916 1684 2642 122 2642 2642 3989 1686 2641 3989 822 1811 308 962 1324 1686 3989 2512 1686 3989 1686 3989 2512 2641 3989 3989 1686 2641 3989 2512 3989 4435 4435 1686 384 1686 4435 3222 4435 3222 2641 1686 4435 3222 394 4435 1686 1735 1686 2512 352 3222 1686 321 2512 4435 3222 3222 45 3222 3989 2512 3222 3989 3989 2512 2641 1051 246 321 2641 3222 3222 3222 868 4435 3989 2641 1686 1686 4435 2641 2512 4435 3989 3989 2144 2641 2512
917 678 736 3040 1858 1037 3054 56 368 2009 1161 3054 1583 783 678 1161 368 678 678 4405 51 678 956 736 66 678 678 1037 678 1581 1037 336 530 319 801 73 678 2009 96 1852 1037 678 678 2609 2467 623 678 736 1037 678 783 51 321 678 678 994 1858 956 736 389 3054 566 678 2068 2068 736 1858 316 1037 1970 2068 736 678 678 531 2068 1389 783 1858 2068 2613 678 678 66 45 1091 321 1037 566 368 530 678 2068 736 678 96 2068 1858 2068 566 678 1579 1091 678 530 678 243 368 1579 678 1821 368 2068 994 1037 1091 736 1579 1596 389 1037 580 368 783 2068 2161 1579 994 678 2068 678 1970
918 4436 4436 3195 3195 3195 4436 3195 3195 3195 4439 3195 4437 4440 4438 4439 4439 4438 4439 4439 4438 4437 4440 4438 4439 4439 3195 4437 4440 4438 4439 3195 4437 4440 3195 4440 4439 3195 4437 4438 4437 4440 4438 4439 4437 4438 4437 4440 4437 4440 4438 4439 3195 4437 4440 4438 4439 4438 4439 4439 4437 4440 4438 3195 4437 4440 4438 4439 3195 4438 4437 4440 4438 3195 4437 4440 4438 4439 4439 3195 4438 4437 4440 4438 4437 4440 3195 4438 3195 4438 4437 4440 4438 4437 4438 3195 4438 4437 4440 4440 3195 4438 4437 4438 3195 4438 4438 4437 4440 4438 4436 3195 4437 4439 4436 4438 3195 4436 4438 4440 4436 4438 4437 4438 4436 4438 4437 4440 3195 4436 4437 4439 4436 4438 4437 4438 3195 4440 3195 4438 3195 4438 4437 4440 4438 4436 4438 4440 4437 3195 4436 4438 4437 4440
919 4441 4442 4441 3931 4441 4443 4441 4441 4443 4441 4443 4441 4441 3931 4442 3931 4443 3931 3931 4444 4442 4445 4442 3931 3931 4443 4441 4443 3931 3931 4444 4445 4441 4443 3931 3931 4444 4442 4445 4443 3931 4444 4442 4445 4441 4443 3931 3931 4444 4445 4443 4444 4443 4444 4442 4445 4443 3931 4444 4442 4443 4444 4442 4443 3931 3931 4444 4443 3931 4443 4443 4444 4442 4443 3931 4443 4443 3931 4445 4443 3931 4442 4442 4445 4445 4443 3931 4444 4442 4445 3931 4441 3931 4444 4441 3931 4445 188 4441 4443 3931 4443 4441 4443 3931 3931 4442 4445 4441 3931 3931 910 4441 4441 1742 188 4442 939 4442 4445 4442 4441 4441 3931 3931 4445 3931 3931 4441 4445 4444 3931 3931 4443 188 4441
920 583 163 163 380 664 321 259 148 2076 259 389 163 907 380 665 380 163 310 581 380 163 2671 380 1 1295 907 588 1 380 163 380 163 380 1 1827 1 362 362 362 362 1226 163 380 999 779 1 1827 366 501 501 3240 1858 50 1734 163 163
921 18 67 18 67 1155 45 247 287 701 591 1374 460 2714 1635 1040 2222 746 341 583 477 558 24 460 341 1029 3185 1310 263 52 460 460 2174 1389 602 3185 3185 217 460 701 377 45 321 558 3185 259 602 1635 460 2946 4446 377 991 477 864 4446 1647 2861 2014 602 786 391 45 45 336 531 962 1013 2191 3171 1817 1762 4446 558 2946 1895 629 2369 4446 1390 1 232 1 1 892 4446 1288 263 55 829 415 1979 460 455 1635 460 561 2369 2191 2369 61 2542 262 780 4446 1635 602 2174 558 558 744 744 263 4446 1173 2570 45 368 558 415 906 157 341 1785 2946 4446 477 3185 744 558 2895 321 1635 561 47 266 602 67 1635 1938 93 2946 3185 415 1 748 1013 477 602 4446 2628 561 1635 341 169
922 4087 4447 4447 4447 4447 4447 4087 4447 4447 4447 3641 3640 3639 3480 1627 1089 4447 4053 1627 1089 1574 1089 1627 4087 4447 4087 4087 4447 4447 3636 3641 4087 4447 4087 4447 4447 513 701 450 4447 4447 4447 4053 3636 3641 4447 4087 1201 142 4447 4447 4087 4447 4087 4447 492 4447
923 4030 2499 4256 3397 4030 2499 4256 169 299 2577 2577 169 915 4030 3397 4256 3397 169 169 915 169 915 4256 169 915 2499 4030 4256 4030 4256 915 2577 2577 2577 4256 4030 2499 4256 299 2577 2577 299 915 4030 4256 3397 169 915 3397 4030 2499 1415 2577 926 299 4030 4256 4030 4256 3397 2577 2577 4256 4030 4256 3397 915 299 4256 169 2577 4256 2577 661 2577 4030 4256 299 299 169 915 4256 2577 169 915 4030 4256 169 4030 4256 3397 3397 169 915 4030 2499 4030 4256 4030 169 299 915 169
924 4448 4448 4448 4449 4448 1513 4448 1504 670 4449 2234 4449 4448 4448 4448 2885 2234 4449 4448 4448 4449 2234 4449 4449 4449 406 597 1505 555 1505 4449 1906 4448 4449 4448 2234 4449 4448 4448 4449 4448 4449 688 2234 4448 4449 4448 804 1516 4448 1705 4449 4448 4448 4448 804 2234 4449 1505 4448 78 1516 2234 4448 2234 2234 2234 2234 2234 4448 4449 1982 804 2234 1123 1505 4448 1516 4448 4449 4449 4449 4449 4449 169 4449 4448 1516 4448 4449 2234 1516 1774 1516 2234 2234 1516 1516 4448 1774 2234 618 616 597 169 1516 597 1123 1095 2234 4448 2234 1769 4448 169 1123 2234 4448 1516 4449 788 4448 4448 1 4449 4448 4448
925 2168 357 4450 4450 885 740 863 740 4450 2885 4450 2011 230 1414 1976 932 885 4450 4450 4450 885 4450 942 1913 2511 885 2168 740 740 740 336 238 238 238 238 4450 4450 238 740 357 1917 1084 238 885 1913 2168 2168 740 1786 238 740 238 262 3054 885 2511 1084 740 740 885 4450 1825 740 885 2510 1747 885 1914 740 2168 885 2168 2168 331 788 540 1799
926 458 565 1158 11 749 1095 2711 1809 560 2199 565 468 458 287 1095 45 263 1810 1007 1013 2172 1158 1822 1937 25 786 1810 1032 1740 1163 458 962 969 2085 1 3307 458 460 508 267 79 2711 1809 2173 471 287 560 2120 2173 11 25 1810 552 456 2637 315 18 792 1351 455 1926 263 737 585 1984 2734 2124 14 94
927 3288 4451 3288 2020 4451 1146 4451 838 163 4454 1349 1275 3288 4454 1146 1146 4451 1581 4451 4454 1146 1275 3048 163 1146 4451 1275 1146 4451 4451 1275 3288 3978 1146 4451 4454 1146 4451 1275 3288 1798 1846 4454 519 4455 1146 4451 1275 4454 1146 4451 1275 3288 1146 4451 4454 1146 4451 1275 4454 4455 1146 4451 1275 2689 2790 1146 4451 1275 2164 2020 4451 1275 3288 4451 4454 658 552 89 259 211 4454 1146 4451 1025 1275 1399 4451 1146 1275 4451 41 4452 4452 4454 2020 4451 4454 1146 4451 2020 4451 1275 2092 1275 4454 1146 4451 4451 1275 2962 1146 4451 47 4454 4006 4455 4454 1146 4451 1146 4451 4453 4454 1389 1275 4453 4452 4452 1146 4451 41 4453 1037 701 2173 552 4454 1146 4451 4451 600 600 1275 4452 4319 2020 4453 4452 4454 1146 4451 1275 4453 4455 1146 2020 4451 2020 824 2020 4454 1146 4451 4352 1146 4451 1216 4451 4451 4453 4454 4454 4453 4006 4455 4453 4452 163 1107 1226 1146 4453 2020 4451 1146 4451 4454 4451 999 1150 4454 779 1146 4453 4454 4452 4454 4454 1146 4352 61 4352 2014 4455 163 4452 163 4454 1150 4454 1146 1393 1146 4451 4452 2932 579 697 2020 4454 157 585 4454 4453 4454 1128 4455 4455 4454 4454 4453 609 4453 4453 4452 4454 440 1146 4453 4454 1146 4453 1146 4451 4453 4451 1275 4453 4451 4453 1146 4451 4453 365 1275 4453 28 4454 1146 1146 4451 4452 163 1107 1107 803 667 4454 1146 1150 4451 4453 4454 1146 4451 4451 1275 4453 1146 4453 163 4454 4454 4454 163 4454 501 4453 4454 1146 1393 4454 4454 1275 4454 3593 4455 4455 4454 4451 1275 1732 1296 1146 4451 185 4454 1275 4454 1146 1275 4454 788 1146 1275 1275 1146 4451 4453 4454 4451 4455 4454 1146 4451 2020 2515 4454 4451 4453 4451 4453 1146 1275 4454 4451 4451 4454 1146 1275 1118 4454 1949 4451 4454 4453 2020 1146 4451 4454 2295 1146 1275 3288 1107 2939 4454 1146 4453
928 230 2153 937 9 2153 1385 825 2153 3082 638 2153 206 206 3082 114 3082 3082 67 48 206 206 9 1319 206 206 206 2153 9 2153 206 2035 20 2153 2153 2942 2800 3708 3708 2153 206 67 16 3082 206 2153 651 169 2153 206 206 2153 2153 2186 567 2153 2153 206 206 206 206 2566 2566 2566 968 2153 2566 28 2566 2566 2566 2566 183 1064 3932 2566 2566 2153 2200 1858 1858 2566 9 2566 2153 1384 2566 2566 2566 2566 2566 2566 2566 1142 2153
929 4457 4456 962 839 4456 839 4456 4456 4456 3455 4457 769 4456 839 4456 3455 4456 4456 4456 3455 4457 4456 156 4457 4456 3455 4456 3455 4456 4456 188 4456 3455 4457 4456 147 2769 156 4034 4457 4456 156 3455 4457 188 4456 4456 3455 4456 839 147 4456 4456 4456 4456 4034 4457 3455 4034 4456 156 3455 4457 3455 4034 4457 188 4456 4456 4456 1258 154 4456 769 4456 156 4457 4457 552 326 337 4456 156 3455 4457 4457 188 4456 1415 4456 4456 4457 4456 4456 4457 4456 4457 4457 4456 4457 4457 4457
930 4458 4458 4002 169 4458 910 1390 1 4002 829 354 4458 1116 460 67 1618 2671 4002 2032 169 910 4002 4459 2034 4458 4459 4002 4458 169 4002 4459 1735 83 169 2016 169 4459 4459 4459 4458 2344 4458 2344 4002 4459 4458 4459 4459 4458 1598 829 4459 169 4459 4458 169 337 67 1116 67 4002 4459 2344 4002 4459 4459 4002 4459 4458
931 299 169 4460 4460 118 4460 2604 4460 11 11 4360 4460 4460 4460 4359 4460 4460 4360 131 4460 4460 4460 4460 4460 206 4460 4460 206 4460 4460 4460 3343 4460 4460 4359 4460 4460 4460 4460 1389 4460 4460 1025 1389 4460 4460 4460 4460 3343 4460 4460 321 4460 980 3343 131 4360 3343 3343 4460 3343 4359 4360 3343 1393 4460 3343 4360 3343 1 3343 4360 131 1238 3343 4360 2923 4460 118 4460 119 1307 67 3343 4460 4360 131 4360 3343 4460 4460 4460 4460 169 164 4360 4460 1526 3343 4460 4359 3343 3697 206 3343 4460 4460 67 119 4460 3343 499 3259 3343 3343 4270 1 1390 169 3343 4360 4460 4460 4360 4460 3343 206 4460 3343 4460 3343 131 96 697 4460 67 4360 131 1025 4360 4359 3343 4360 3343 1238 3343 118 118 131 4360 45 4460 4460 4360 131 3343 1238 4460 3343 4360 4460 3343 4359 1389 1025 3343 4460 4460 4460 679
932 1108 18 169 1972 861 303 266 2206 581 577 2277 47 2028 19 470 402 581 1132 2704 310 260 2075 962 1132 231 2944 768 1789 1350 18 114 1 362 1226 999 73 1362 47 195 1091 2135 1813 803 970 803 1538 1
933 4461 4461 4461 4465 4465 624 1890 624 4461 624 624 4463 4461 4465 4461 4461 624 1890 4463 3309 4461 624 4463 624 624 4463 4464 4463 4461 4464 4461 4465 259 4465 624 594 4463 4461 4461 624 4463 4465 4461 436 4464 4461 624 624 4463 4463 2603 3309 3309 3309 4465 4461 4465 624 4461 4464 4461 624 624 4463 4461 4461 4462 624 4465 4463 4464 4462 4462 4464 4461 460 1117 4461 4462 624 3309 4461 4462 3106 624 594 4463 4464 4461 4461 362 4464 4465 957 4462 624 4463 4464 4465 3106 624 4463 4464 4462 2603 4464 3911 624 594 4464 624 4462 4461 624 3911 4466 4461 624 4463 624 2571 434 2571 4464 3911 434 624 4462 3106 624 1904 624 4462 3106 624 624 4461 4462 3106 624 624 4463 672 3309 624 4461 624 4461 624 624 672 2571 1391 624 3106 1295 1118 4464 3911 594 672 4461 672 3309 4462 4463 672 4461 624 4464 4461 4462 624 624 3911 4462 3106 672 4461 624 4462 594 624 4463 672 3309 3309 4461 1890 624 4463 4462 624 495 3106 624 4461 4463 4461 434 4461 4464 434 4461 4463 672 4461 4462 624 4463 672 434 4461 594 494 495 672 4464 1054 1054 831 126 4461 624 4463 672 672 624 594 4465 4463 4461 434 4461 434 594 4461 434 594 4464 4461 624 4464 4461 4464 672 624 594 624 594 624 4465 211 624 1435 654 4463 672 4464 4461 434 1388 4464 4462 624 4464 594 624 4462 594 624 594 624 594 182 4461 339 1772 460 672 594 3106 2275 594 4464 3106 624 594 4463 672 4461 624 2425 434 4464 434 594 624 594 3309 624 594 182 4463 4461 434 624 624 4463 182 672 4462 3911 594
934 188 339 4467 339 4467 763 4467 4467 4467 769 4467 4331 73 188 339 4467 4331 4467 4331 4467 4331 4467 188 1914 4467 4331 4331 4467 4331 4467 4331 710 550 2500 962 587 4467 4467 4467 2827 935 73 609 4467 2010 574 1245 1 552 4467 2671 4467 4467
935 3599 3599 4468 3599 518 3599 4468 4471 4470 3930 3599 3930 4468 2422 518 4471 4469 4470 4468 4470 518 121 3930 3599 4468 2422 4468 2268 4468 4469 4470 4471 3930 4468 697 3599 4468 518 4468 3599 4471 4468 518 2422 3930 4470 4468 4468 4471 4470 3599 4468 4471 518 4469 3930 4470 518 3599 4469 4468 3930 4469 4471 518 351 4468 3930 4471 4469 4468 4469 3930 518 4471 4470 4468 4470 4469 3930 518 101 4471 4470 3930 518 4471 4470 4468 3930 4470 4471 4468 3930 941 941 3599 4471 4469 3930 518 3930 4470 4471 4469 4468 4468 4470 4468 4469 4471 3930 4468 4470 4471 3930 518 4470 4469 1999 4470 4468 4471 4469 3930 518 1086 3892 2422 4470 4471 4468 3929 4470 4468 4471 3929 518 3929 4470 4471 4468 3929 518 3929 2422 518 3929 4471 4470 4468 2422 3599 2422 4471 3599 2422 3929 4468 3599 2422 140 4468 2422 3599 518 4470 4471 3929 4470 4468 3929 518 3599 4468 518 2422 4471 3599 3599 4471 3599
936 18 510 553 743 214 3234 3234 31 1170 268 968 1812 2198 337 553 412 1088 553 968 148 777 1 1155 261 1098 510 385 29 1266 29 397 216 968 2734 779 748 366 1308 743 792 1069 828
937 45 87 392 1131 1524 1583 3421 550 550 769 550 4141 47 3421 416 188 188 416 570 788 3421 709 275 832 268 1783 188 769 550 709 2170 2450 720 1674 47 402 188 3421 962 14 18 402 45 1826 52 891 23 596 769 188 499 1741 701 188 585 188 3991 769 1131 499 188 351 101 2769 769 188 1741 45
938 51 243 3187 813 476 2949 705 705 705 2949 125 705 2949 2245 705 1079 1678 1079 1079 550 2949 2949 2244 2949 2949 2949 476 2949 2949 2584 697 1889 276 321 2949 476 705 2949 1596 2949 476 1596 1596 530 1097 476 2949 411 476 476 813 2949 947 476 411 286 947 3187 2713 2713 647 630 2794 2713 2713 2713 2713 2713 2713 2412 67 913 323 1130 3907 1214 336 1130 1130 1130 1130 268 52 1130 52 1560 653 947 1130 476 476 1130 1130 1148 2949 3187 108 108 1307 630
939 3187 1896 257 2588 1896 258 45 1494 580 257 2588 2588 1896 2588 2588 1896 2588 268 1896 377 2588 268 2588 2588 2588 1896 268 268 531 962 2588 2588 268 321 3670 1896 268 1896 2588 1896 2588 1896 2115 45 3670 1896 2588 1591 783 2588 1896 2588 685 1080 2588 321 1977
940 2408 2408 2552 2408 1654 2408 2408 2408 2408 2408 2408 2408 2388 2408 2408 2408 2408 2745 642 2408 2408 2408 2388 2408 2408 2551 2408 2408 2408 636 122 2408 2388 2408 2408 2552 2408 2388 2408 1654 2408 494 2557 1711 2408 2552 2408 2408 3654 2408 2408 2408 2408 1654 2408 2408 894 2316 2408 1711 2408 2745 2408 2408 2533 2408 2408 2552 2408 894 2408 2408 2408 2408 2408 2408 2388 2408 2408 2408 636 494 2408 2552 2408 2408 2552 1654 2745 1202 2533 2408 2552 2408 2408 2408 1654 2408 2408 2388 2408 2408 894 2408 2552 894 2552 2408 2408 2408 2408 642 2308 1654 397
941 25 1517 475 1351 1781 26 2511 1778 2047 1750 651 2511 991 321 959 865 49 1102 743 1042 227 550 533 396 994 269 3331 18 959 1084 248 2840 828 743 1102 743 743 11 1975 743 1504
942 4473 4472 659 1578 971 659 4472 4473 4473 22 2232 4325 4473 2655 659 1544 2722 283 659 4472 2123 1713 4325 4472 1713 4472 4325 4473 4074 4472 4325 4473 4473 4472 2232 659 4472 447 1118 1713 4472 4325 4473 4472 4325 4473 2232 4472 1713 4473 4473 4475 659 4472 659 1136 971 134 4472 4475 4472 4472 4473 4473 1207 134 1713 4472 4472 4472 4475 4473 4473 4472 4472 494 4473 4472 3430 4472 4473 2232 4472 4475 1713 1200 1242 138 4472 1713 4473 4472 1713 4472 311 106 1993 808 677 4472 1713 4202 4325 4473 479 2232 4472 4473 2655 4473 4472 4472 2232 4325 4473 4475 185 460 667 659 659 4472 2232 4325 4473 2317 4473 2232 4472 4472 4473 2978 4473 4325 4472 4473 4473 2232 4472 659 1713 4472 4472 2232 4473 4473 2532 4472 4325 4475 2232 4325 4473 1888 4472 1713 4472 2232 2655 4473 4472 4472 4472 2232 4325 4473 4472 136 862 948 2544 2463 136 4472 1713 4472 2123 139 3430 3432 1713 3426 4472 443 4472 4474 259 4472 1713 4472 4325 4473 4475 4472 4474 1713 4472 4473 4325 2232 4473 4474 298 1517 4474 2232 4325 4473 4473 1713 4474 2232 4325 4473 4473 2309 4474 1713 1118 4474 4325 4473 2655 4473 1713 138 677 808 4474 4474 1713 4474 4473 4474 1713 4474 4325 4473 4474 4473 2655 2532 1713 4473 4474 447 4474 1713 3430 4474 138 1054 4474 1713 2655 4473 2123 4474 4474 1713 4473 4475 4474 4472 4473 4473 4474 1193 1135 1391 211 2662 4474 4474 2655 4474 139 1713 4474 4474 4474 1391 211 2662 4475 4474 4473 3430 4473 2317 4473 4474 2232 4473 2317 4473 1342 4474 4474 4473 4475 4473 1654 4473 2123 4473 1391 817 768 100 817 1054 4474 4473 4473 2317 4474 4474 1713 4474 4474 4473 4474 4474 4474 4473 2232 4473 4473 4475 4474 4473 140 140 4474 1713 494 1713 4473 4473 1713 4474 4473 4474 450 1789 1008 4474 1713 642 4473 2655 1713 4474 3430 1713 4473 4474 2443 298 656 1250 211 211 4474 4473 4473 1135 4474 4474 1713 4473 4474 1713 4474 4473 4474 4473 2978 447 3430 4473 2655 4473 4474 4474 139 4474 1970 479 1713 4473 447 1713 4474 1713 362 4473 479 4474 1651 479 1713 4474 4473 2655 479 4475 4473 2655 4474 4474 4473 4473 479 1195 4474 2443 45 1038 1368 1976 4474 4474 4473 4473 1713 4473 4474 479 4474 142 2177 4474 2655 4474 4473 479 4474 4474 4474 2655 142 3430 4474 1713 4474 450 4474 136 447 479 4473 4474 2123 4473 479 4474 4473 2655 479 4473 4474 4474 4474 3426 4473 4474 140 135 1250 1221 47 140 4474 4473 2123 1713 4474 365 4474 4473 268 1053 817 140 4474 4474 4474 4473 4474 4074 4473 2123 4474 479 4473 4474 4474 4473 4473 1713 3430 4474 240 1713 4474 141 479 1713 4474 4473 1713 3430 4474 4474 855 4473 141 4473 4473 479 4473 1713 4473 142 4473 136 4474 4473 4474 1713 171 139 222 298 450 4474 4474 4474 4473 4473 479 4474 106 4473 4473 1242 4473 4473 1713
943 101 319 18 1855 217 768 2583 1043 377 103 61 3 2216 389 499 1914 2056 2056 1021 420 4164 1166 978 306 326 422 1021 621 339 768 978 1914 655 2056 3038 788 1021 1739 221 2206 392 3125 179 2931 1057 499 52 326 306 695 655 1021 1306 319 2469 1388
944 2788 777 3712 2788 4476 836 481 2788 2601 2788 2788 4476 2601 2788 4477 822 4477 2601 4476 2788 4476 4477 157 2788 340 2788 2788 2601 2601 4476 2788 4477 2788 4477 2788 4477 552 4477 2601 4476 4477 2601 4476 2788 2788 2788 4477 2788 4477 4476 2601 4477 2788 4476 2788 4477 2788 4477 366 4476 2788 2601 3787 4477 836 2601 2601 2601 2601 4477 2788 2748 4477 2788 4476 2601 4476 4477 2601 4477 4477 4477 2788 4477 4476 4477 2601 4477 2788 2601 2788 2601 4476 4477 4476 836 4476 3712 4477
945 4479 4478 4478 4478 4479 4478 4478 4478 4479 4479 4478 4478 4478 4478 4479 4479 164 1104 3735 4478 4479 4479 898 3559 2828 4479 4478 4478 4478 4478 4479 4478 164 3042 4478 4478 909 4478 164 4478 4478 4478 4478 4478 4479 4478 4478 3735 4479 4479 4478 1574 1240 4478 3042 2087 4478 4479 4478 1574 164 4478 4478 4479 4478 4479 4479 1516
946 4480 1831 2932 2906 388 1938 1831 4480 4480 1831 1831 1831 165 1831 1550 411 1831 388 1550 388 165 2906 165 1831 4480 165 4480 2906 165 549 1343 1831 1831 1550 388 165 4480 165 1831 1550 388 4480 1831 4480 165 4480 67 4480 1550 388 4480 1831 1188 1538 388 388 305 1831 4480 1552 165 1831 388 4480 1831 982 388 4480 4480 1831 982 4480 4480 2906 4480 165 955 310 1831 197 1538 411 388 4480 1831 197 687 1831 1538 1831 4480
947 4481 1358 1354 1764 4481 1926 687 27 1354 687 1354 139 2107 4481 214 1354 1263 1358 1354 1354 139 4481 1354 1764 2107 4481 577 1354 2861 1354 2861 2255 2107 27 1354 1358 1354 257 967 1354 3660 321 1354 139 4481 4481 1354 4481 1764 139 4481 455 1764 27 2861 2861 1358 1354 2459 1805 1354 1764 1354 1354 455 362 817 1358 125 2446 1330 4481 1354 4481 1764 1324 27 956 205 882 2861
948 287 2043 2043 2043 2043 1351 224 1310 550 628 2043 2189 2043 45 217 2043 1310 2043 1811 19 236 1351 458 2043 86 54 471 287 458 2043 559 2043 1310 1790 559 706 1031 1310 706 2155 2189 559 559 1809 892 1 706 394 459 768 3477 1184 11 559 2043 828 457 1853 559 691
949 329 504 2494 487 504 1958 504 465 106 504 3229 3899 1195 504 2727 504 2727 1135 465 125 125 600 486 491 504 2603 125 486 662 125 620 491 504 491 504
950 59 153 160 4482 187 59 4483 2347 4482 187 4482 4482 1507 3381 1775 4329 153 59 4001 4483 2347 4388 153 4329 4482 4482 59 4485 172 153 4482 4485 4388 172 153 160 4329 4482 4329 153 59 4001 4483 2475 1507 2592 4482 4329 153 59 4483 2592 153 4482 4482 59 59 455 890 3158 3158 890 2861 153 187 187 4482 4329 153 59 4483 4483 4482 4329 153 59 4001 4483 4483 59 4388 4485 4388 153 4329 4482 4483 2166 4485 153 4329 4482 187 59 4001 4483 2166 59 2347 4485 4388 3381 2592 153 4329 4482 187 59 4483 52 4483 3381 4329 4482 4482 4482 3381 1128 336 3381 2592 4482 4482 187 59 4483 4001 2166 4388 153 4482 4482 187 59 4001 4483 2166 2347 4388 160 4482 187 59 4001 4483 4485 172 153 4329 4482 187 59 4001 4483 4482 153 2787 59 4485 3381 2609 153 4329 4482 187 4482 187 59 4001 4483 2347 4388 4329 4482 187 59 4483 4001 579 3381 153 4329 4482 4482 187 59 4483 59 2475 59 4483 2347 4485 4482 187 59 4001 4483 2347 4485 4388 153 4329 4482 187 59 4001 125 4485 153 4483 59 2347 4485 153 4482 4482 187 59 2166 4483 3381 2592 4482 122 2878 579 697 187 4482 187 1246 153 4482 4482 187 59 4483 2347 4485 2831 187 4482 187 59 2166 4483 4001 59 4485 4329 4482 187 4485 153 4329 4485 4482 187 4483 1889 187 4482 4482 187 4483 2347 4485 172 4482 187 59 2166 4483 59 4485 4388 4329 4482 2811 4482 2811 4482 187 59 4483 2166 2431 3381 2592 4482 2811 187 2609 187 2592 4482 2811 4482 187 59 2166 4483 59 2347 4485 4388 153 4482 4483 4388 4485 4482 2811 187 59 4484 1765 1816 30 1468 4482 4482 187 351 3381 4482 4482 59 4388 4329 4482 2811 187 59 4484 187 4483 4483 59 4388 4485 4388 153 4329 4482 187 4484 2431 4483 1373 768 2811 2862 59 597 351 2592 4484 4485 4482 187 59 4483 4388 4485 581 4485 4388 4329 2811 4482 187 4484 4483 581 4482 153 187 4482 187 59 4484 4483 59 4482 187 59 2166 4482 2609 187 4482 187 4484 4483 549 2475 4482 121 4482 187 4482 187 4483 2862 2862 4482 2811 122 187 4483 4388 2811 4482 4482 187 4484 4483 59 4388 4485 2811 59 4484 4483 4388 4482 4482 187 4483 4484 4482 187 1128 4482 4483 2475 4482 187 4484 4483 2475 2475 187 4482 4482 59 4483 4483 187 1270 4329 4482 187 59 4001 3381 4482 187 4483 336 3381 4482 187 4483 4485 4388 153 187 4482 4482 2811 4483 2861 172 4482 4482 2717 4329 4482 4482 4482 2811 2475 4483 187 153 4329 4482 4482 4483 67 2811 4482 2592 4329 3645 2862 172 4329 4329 2592 4483 4485 153 4329 3381 351 2811 2811 4483 4482 2811 4482 4483 109 1876 4482 1876 455 2475 4483 366 4483 4483 4483 3381 4483 2811 4482 4483 3381 4482 2475 4483 2862 336 4483 2166 4483 4483 4483 2475 4483 4483 2811 4482 4483 2862 4482 2811 2475 2811 2592 2811
951 4487 4486 4487 757 756 4486 1694 757 4486 2805 4487 392 760 4486 4486 757 756 4487 345 701 345 872 4487 4487 4487 2450 4487 872 210 330 1801 4486 4486 4486 756 4486 2615 4486 4486 4487 757 757 4486 4487 4486 757 4306 4486 756 4306 4486 757 4487 4306 2470 757 757 4306 4487 4306 305 4487 4487 755 4487 4306 4306 4487 4487 757 4306 4306 757 757 4306 4306 4306 4487 4306 4306
952 1753 1542 4488 1542 4488 1542 4488 1542 4488 1542 4488 2710 1542 4488 1542 1542 4488 1542 4488 4488 1542 4488 1921 392 416 1542 4488 1542 4488 326 1542 4488 1468 236 236 420 2199 1542 4488 4488 1542 4488 422 1542 4488 1542 4488 1542 4488 1542 4488 1542 4488 1542 4488 1542 4488 1542 4488 4488 292 1542 1542 1542 4488 1542 4488 1542 4488 1542 4488 1542 4488 1542 4488 4488 292 949 422 1542 211 1542 4488 1542 1542 1 1921 1542 4488 30 1537 1542 4488 4488 1542 4488 1542 4488 1542 293 1 1542 4488 4488 1542 4488 4488 1542 4488 236 362 362 96 4488 1542 4488 4488 1542 4488 30 1024 4488 30 157 2 4488 4488 1542 67 965 4488 4488 326 4488 223 4488 30 1542 4488 1682 1542 30 1542 1542 4488 4488 4488 1041 1542 20 1542 1542 2934 4488 1542 4488 1542 4488 4488 1542 4488 1542 4488 4488 4488 1542 1639 828 101 4488 1129 861
953 1963 4180 1916 1391 4180 1666 2323 2281 777 3919 3919 2744 428 4183 2323 2322 1959 211 334 1652 2624 1365 47 2450 2557 3919 2323 2624 1710 2624 1665 2323 1657 2742 2624 1398 2323 2624 2323 106 230 2624 3919 2323 442 428 683 4121 634 2743 643 430 2743 4121 4121 2323 2323 2323 2624 1959 3546 683 4121 4121 1050 494 2624 2624 2323 3919 3919 3919 2323 3919 2742 1654 2557 2323 2624 1210 2624 1050 4121 106 4121 1050 4121 3919 2743 3919 3919 2557 1657 2322 683 1210 3919 4121 3919 2323 3919 432 3882 494 1050
954 299 659 140 4489 4489 4489 4489 4489 4489 4490 4489 4490 4490 4489 4490 4489 4490 4490 4490 4489 4489 4489 4490 4490 4489 4490 4490 449 4489 4489 4490 4490 4490 4490 4489 4490 4490 4490 4489 4490 4489 4490 4490 4489 4490 4490 4490 3250 4490 4490 4490 4490 4490 4489 4490 4490 4489 4489 4489 661 169 299 659 843 661 661 661 4489 4489 4489 4489 47
955 838 3779 1840 863 392 165 3501 272 1687 1219 3779 3779 61 537 1687 838 942 3779 272 3779 272 3779 3779 1549 863 165 3779 272 340 1023 3779 2086 351 3779 3779 3779 3779 1070 3779 3779 3779 3779
956 4491 2944 4491 1214 4491 4491 1025 1131 1734 595 3615 612 3615 73 3615 4491 182 675 1519 697 832 1622 1621 1233 3615 3615 1 1734 55 310 275 1505 4491 1519 675 55 55 755 4492 55 1348 3615 4491 4491 1519 1229 2358 831 595 1519 1519 1128 694 363 366 4491 52 2542 1988 2164 4491 4491 2287 612 2511 614 4491
957 4494 4494 4495 4493 4494 4493 4494 4497 4494 4497 4493 4493 4494 4494 4495 4494 4495 4494 4494 4497 4494 4494 4494 4494 4494 4497 4493 4494 4494 925 1761 4495 4494 4494 4494 4494 3724 4494 4494 4497 4495 4497 4493 4494 4493 4494 3724 4494 4495 4494 4493 4494 4496 4497 4496 925 3724 4494 4494 4496 4495 4497 4494 1961 4495 4494 3724 4494 4497 4495 4494 4494 4493 4494 4493 4494 4495 4497 4495 4495 4496 4495 4495 4493 4494 4494 4495 4494 4495 4494 3899 894 4495 4496 4495 4494 4494 4495 4496 4494 4496 4494 4495 3724 4496 4495 4494 4497 4495 4494 3724 4497 4495 4495 4496 4494 4496 4494 3724 4496 4496 4495 4494 3724 4494 4495 4494 4495 4496 4496 4496 4496 4494 4495 4494 4494 3724 4494 4495 4495 4495 4496 4494 4495 4496 4494 4494 4495 4496 4494 4495 4494 4497 4495 4494 4494 3724 4495 4494 4495 4497 4495 4494 3724 4496 140 4494 1333 4495 4494 4496 4494 4496 4496 4494 4494 4494 3724 4494 4496 4496 4494 4494 4496 4496 3724 4494 4494 3724 4494 1965 4494 4494 4496 4496
958 2648 1463 2648 2648 2648 665 4498 3180 4498 2648 665 3180 4498 4499 3180 4498 3180 4499 2648 2648 1463 2648 4498 4499 3180 276 3180 4498 2648 665 4498 2648 665 2648 4498 665 3180 4498 4499 2648 3180 4498 2648 4498 665 2648 665 3180 4498 4499 665 4499 2648 3180 4498 2648 3180 4498 4499 4498 2648 1463 3180 665 3180 2648 1463 2648 4499 2648 1463 665 4499 2648 1463 2648 3180 4499 2648 1463 665 3180 4498 4499
959 305 976 1018 1977 402 1186 591 4 499 418 549 1241 805 397 397 460 1721 1116 460 805 119 148 3132 3132 211 211 691 2795 3132 211 211 329 1319 805 66 120 3601 805 552 1945 1671 293 552 1190 83 205 66 1671 3132 3132 3132 119 45 1190 1308
960 4500 4500 4500 634 4500 4500 4500 3826 4500 4500 4500 4500 4500 4500 4500 4500 4500 4500 1916 4500 4500 4500 4500 4500 1050 4500 4500 4500 4500 4500 4500
961 377 258 4502 4501 4501 333 52 344 1258 664 4502 4501 4501 4502 4502 4502 4501 1245 47 4502 4502 4501 377 4502 4501 4502 4501 4502 4501 333 1131 1596 129 1598 4502 4501 4501 4502 4501 4502 4501 4502 4501 1245 333 47 155 962 962 962 45 51 4502 4501 4502 4501 47 17 122 4502 4501 4502 4501 4502 4501 1596 349 1826 4502 4501 4502 4501 4502 4501 377 4502 4501 1245 1131 47 122 560 4502 4501 4502 4501 4502 4501 129 1598 2168 4502 4501 4502 4501 47 122 4502 4501 4502 4501 4502 4501 4502 4501 47 122 1598 4502 4501 101 2021 4502 4502 4501 4502 4501 1245 1131 3168 333 697 4502 4501 3168 4501 3168 4502 4501 1245 4502 4501 3168 4501 581 310 3168 45 1596 3168 333 2168 752 3168 2465 3168 3168 1245 4502 4501 3168 45 4502 2168 3168 351 52 3168 45 51 3168 4502
962 351 4503 2425 4503 1940 1940 1845 351 4503 1802 2014 4503 3040 300 3094 1526 232 1 3505 4503 351 4503 4503 351 300 351 4503 4503 351 4503 112 351 4503 3094 3094 4503 3094 351 4503 11 892 232 1 1414 1940 1393 3932 4503 4503 4503 1414 4503 1385 112 4503
963 4505 4504 4505 22 4505 4504 4505 550 4504 4505 4504 4505 4504 4505 4505 4504 4504 4504 4505 4504 4505 4504 550 4504 4504 4505 345 4505 4504 460 4504 4504 1268 4504 4505 4505 4504 4505 4504 4505 4504 4504 4505 4505 4504 4505 4504 4505 4504 4504 460 4504 4504 4505 4505 4504 4505 4505 4505 4505 364 4505 4505 906 4505 4505 4504 4505 4505 4504 4505 4505 4505 4504 4505 4504 4504 4505 4505 345 600 4505 4505 4505 4505 4505 4504 4505 4504 4504 4505 345 4504 4504 4505 4505 4504 4505 4505 4505 4505 4504 4504 4505 4505 4505 1170 460 4504 4505 4505 129 552 460 4504 4504 4504 4504 4504 4504 4504 4505 4504 4504 4505 3201 4504 4504 4504 1121 4504 4504 1406 305 828 4504 4504 4504
964 3679 4506 3679 4506 3679 67 3679 4506 4506 3679 4506 4506 3679 3040 4506 4506 3679 4506 3679 4506 3679 4506 4506 3679 4506 3679 4506 3679 4506 4507 663 4506 3679 4506 3679 3679 4506 4506 4506 4506 3679 4506 3679 4506 4506 3679 4506 3679 4506 3679 4506 3679 4506 4506 3679 3679 4506 3679 4506 4506 3679 3679 3040 4506 3679 4506 701 3679 4506 3679 4506 3679 4506 3679 4506 3679 4506 3679 4507 4506 3679 4506 3679 4506 3679 4506 3679 3679 4506 4506 3679 4506 3679 4506 3679 4506 3679 4506 3679 4506 4506 67 4506 4507 4506 4507 4506 3679 4506 3679 4506 4507 663 4506 3679 4506 185 4506 4506 4507 4506 4507 4506 3679 4506 185 3679 4506 3679 3679 663 4506 3679 4506 4507 663 1501 4506 3679 3679 67 67 4506 3679 4506 4506 663 4506 3679 67 4506 4507 4506 3679 3679 4506 3679 4506 3679 4506 3679 67 4506 3679 4506 3679 185 3679 3679 3679 3679 4507 67 2665 3679 2665 67 2665 2665 4507 2665 2665 3679 2665 3679 2665
965 2292 4508 2292 4508 306 2292 4508 2292 4508 543 2292 2292 4508 2292 4508 1948 4508 4508 4508 2292 4508 306 2292 4508 2292 4508 2292 4508 2292 4508 2292 4508 2292 4508 695 1694 2292 4508 2292 4508 2292 4508 2292 4508 2292 4508 2292 4508 230 2292 2292 4508 2292 4508 2292 4508 306 2292 4508 2292 4508 2292 4508 2292 4508 4508 2292 4508 2292 4508 2292 4508 2292 4508 230 311 2292 2292 2292 4508 299 2292 4508 2069 2292 4508 2292 2292 4508 2292 4508 2292 4508 2292 2292 2292 2292 4508 2292 4508 2292 4508 2292 4508 4508 2292 4508 2292 4508 2292 4508 2292 4508 2292 2292 4508
966 3307 2179 1975 1095 1624 3307 1974 3196 3196 11 503 101 1824 1953 776 2205 1061 336 3194 317 3532 2037 11 11 1538 1310 539 1319 2799 52 804 73 8 1092 828 1 1 11 3307 828 828 1 2037 2772 1 932 933 503 2179 2102 529 689 1280
967 4510 2058 4509 397 4510 4510 4510 2728 4510 4510 1888 2728 4510 4510 4510 4509 4509 122 4509 30 4511 4510 4509 4510 4510 4511 4511 4510 4511 4510 4510 4510 4509 4511 4509 4510 4510 4511 4510 4510 4509 4510 4509 4510 962 4511 4511 4511 4510 4510 4510 2728 159 4510 4510 4509 4511 4510 4510 4509 4510 4510 4510 3252 4510 697 4510 4511 417 4510 2665 4510 2665 4510 2665 4510 4509 2665 4509
968 3741 2057 1311 2099 2057 2057 2099 2057 2436 3741 613 776 377 2839 2944 2057 776 2839 2839 2057 1362 2057 2057 1719 2839 2057 2704 377 3044 2839 2057 2057 2057 2057 3741 1311 1924 2057 2057 339 339 2099 1026 300 339 339 3741 339 2839 339 2099 339 2839 1799 339 2839 339 1311 339 2099 2839 339 2099 339 339 2839 2099 339 2839 339 339 2839 2839 2099 1311 339 339 2099 339 339 339 2491 377 2839 339 339 2944 2839 2099 339 2839 1582 339 339 339 1311 2944 2944 339 339 2839 2944 339 3741 2491 339 339 1311 339 2839 339 1295 3741 339 339 339 2839 2839 2857 339 1346 2839 377 339 339 339 377 377 339 339 339 339 339 377 2839 2069 339 45 2839 2839 2857 339 339 2944 339 339 2839 377 377 2099 339 339 339 339 3741 339 339 339 2944 2839 3433 377 2839 2099 3433 3433 2839 2839 334 3433 377 2839 3433 2857 2839 3433 377 2099
969 113 113 2787 113 113 113 1742 1799 2885 113 113 113 113 113 113 29 1635 113 113 113 377 1162 2076 113 113 113 250 113 113 113 329 329 113 250 861 83 564 1170 284 113 2120 385 113 115 113 113 113 990 414 206 127 113 953 113 113 113 990 1494 2076 67 2357 2885 830 804 113 113 2141 990 2113 990 990 830 1 113 1068 2167 4359 113 296 2012 895 3021 128 3021 113 113 113 828 3021 1694 157 1852 1694 1694 113 1830 113 14 1023 113 1095 895 113 895 1742 1949 113 113 1068
970 4512 4512 4512 4513 4512 4513 4512 4512 4512 4512 4512 4512 4512 4512 4512 4512 1827 4512 4512 4512 4512 4513 4512 4512 4512 4513 4513 4512 3978 4512 4512 4512 3978 4513 4512 4512 4512 4513 4513 4513 4512 4512 3978 4513 4513 4512 4512 4512 4512 4512 4512 4512 1226 4512 4512 4512 4512 4512 4512 4512 4512 4512 169 4512 4512 2130 4512 4512 4512 4513
971 3807 2475 3807 3846 3808 3807 3807 3808 3807 3807 3807 176 176 3808 3807 42 3807 42 3808 106 106 3807 3808 3807 3807 3807 2475 176 3807 3807 3807 3807 3807 3807 3808 42 47 2478 42 3808 3807 42 176 2767 176 176 3807 326 2011 176 3808 3808 3807 3808 42 42
972 2725 740 716 1994 1974 1789 561 602 986 2542 1739 602 203 23 1038 600 230 106 602 602 687 602 947 602 1921 2459 224 268 2183 279 252 4028 4028 4028 226 986 4028 602 106 2511 687 2738 2011 106 626 3329 1221 4028 1398 1197 1936 740 969 1857 1678 687 2887 710 2542 256 2480 2486 598 1913 2480 2013 320 1678 1717 226
973 2354 2359 2354 4516 2354 148 835 907 4251 4251 4516 4521 164 4522 4514 454 2654 4159 2359 665 915 169 2016 4514 2330 164 164 170 904 907 4515 4251 4516 164 1231 1618 4514 2341 2654 2359 2354 3638 169 4514 1618 4251 4251 907 4515 4516 4515 4251 4251 4516 4159 3638 907 4251 4251 4516 4521 164 4159 2359 665 2354 2656 2354 4521 4522 3394 454 665 4159 2359 3638 2354 4159 164 4522 1231 4523 1618 4514 4159 2359 2354 4514 771 2330 2337 164 164 4521 4515 4516 4251 4251 4251 4516 665 665 3180 2654 4159 2359 2656 3638 2354 2341 169 169 2016 4514 1618 164 164 164 4521 4515 4516 907 4521 904 164 164 3398 4522 4523 454 2341 2654 4159 2359 2656 169 163 4514 164 164 164 4251 4516 4521 164 3398 164 4523 3394 454 2341 2359 3638 4251 164 164 4522 4514 169 454 2654 4159 2359 2354 169 4514 164 4251 4516 4518 4516 4518 3394 4522 3398 4523 2341 2654 4159 2359 2354 3436 591 172 915 169 4514 4518 4516 907 164 4523 2341 2654 4159 2359 2354 169 4514 1231 164 4251 4251 4516 4518 4518 4251 4521 164 4514 4159 2656 3638 4515 4516 4520 907 4521 164 4523 4514 2341 4159 2359 3638 2354 910 4521 904 164 4514 454 4514 164 164 164 4521 4515 4518 4516 4516 4518 4516 4520 4516 907 4520 4518 4516 164 3398 4523 1231 4514 169 1904 1231 164 164 164 4515 4516 4518 4520 4516 4518 4521 904 164 4523 1231 164 4514 169 915 4094 2654 2359 910 907 3150 4520 4515 4516 4518 4515 4516 4518 4516 4516 4515 4518 164 3398 4523 1231 4514 454 2341 2654 4159 2359 3638 2354 172 169 2016 4514 164 4516 4518 164 4522 3398 4523 164 4514 169 172 2654 665 4514 164 164 904 907 4516 4518 4518 907 4520 4516 4518 4516 4520 1219 665 4159 2359 3638 2656 2354 4515 4520 4518 4516 164 4514 600 2654 4159 2359 2354 4514 771 1618 2330 907 2337 4517 4520 164 4523 4514 2654 4159 2359 2354 2016 169 1904 4514 1618 2330 2337 4518 4516 164 4522 3398 4523 4515 4515 4518 2354 2656 2656 33 163 1087 3760 4516 4518 4159 2359 2354 3787 4258 919 4515 4516 4518 4516 4518 4523 1625 4516 4518 4521 4523 1231 907 4516 4518 4516 4520 4515 4516 4518 4521 164 3398 4523 1231 4514 2354 4516 4520 4521 4522 3398 4523 1618 4514 1625 4516 4518 907 3398 4523 1231 1625 2359 3638 1625 1904 2337 3150 4517 4520 4515 4516 4520 4516 4518 4516 4515 907 4520 4519 907 4520 4516 4518 4520 907 907 4517 4520 4518 4516 164 4523 1618 4514 600 454 3394 4517 4520 907 4515 164 1231 1231 1618 4514 4520 4515 4516 4518 4516 4518 1625 2656 2354 4514 1231 1618 164 170 904 4520 4518 4516 164 600 169 4514 4518 4516 164 4523 1625 592 310 4514 1618 1618 164 4515 4518 4516 4520 4517 1625 3394 454 4159 2359 2354 3638 2656 4521 4518 4517 4515 4516 4518 907 907 4516 4518 907 4516 4522 164 3398 4523 1231 3394 2359 2656 2354 2354 1231 164 907 4520 4517 4515 4516 4518 4519 4521 164 600 4159 2359 2656 3638 2354 4516 4518 907 4520 4517 4516 4518 4519 4519 4520 4517 4515 4518 4516 4519 4514 1625 454 2341 2359 3638 2354 907 2669 4517 4520 4516 4518 588 4522 170 3398 4523 4514 4520 4517 4515 4516 4518 4519 2359 2354 2656 907 4520 4515 4516 4518 4523 2654 4519 4514 4517 4515 4516 4518 4516 4518 4521 164 4523 2354 907 4520 4517 4515 4516 4516 2359 4518 2359 907 4520 4517 4515 4516 4518 4519 2359 2359 2354 2656 2654 2359 334 4520 4517 4516 4518 4519 4516 164 4523 2654 4159 2354 2654 4159 3394 4520 4518 4516 164 3398 4523 454 2654 4159 907 4520 4517 4518 4516 4522 4523 2359 4159 2341 2656 1904 2654 4159 2359 3638 4520 4517 4516 4518 2359 2354 2656 4520 4521 3398 4523 2359 2354 1435 169 164 1390 4520 4517 4515 4516 4518 4519 4523 4159 4520 4517 4515 4518 4519 164 3394 169 4514 1904 1618 164 904 4521 4520 4516 4519 4516 4520 4517 4518 157 4517 4516 4518 4519 4517 2359 3638 3394 1904 4515 4516 4518 4521 4517 2654 3638 4520 4517 4515 2341 4159 2354 3638 4520 4517 4518 2359 2354 4159 3638 4517 4515 4516 4518 4519 4524 4514 4517 4515 4516 4518 4519 2354 470 1435 1904 4524 164 4521 4520 4515 4516 4518 454 4159 169 2016 1625 4514 4524 1390 4521 4520 4515 4524 1618 1625 2654 4159 2354 4520 4517 4524 4514 2654 4159 28 169 470 2016 1625 4524 164 4517 4515 4516 4519 2359 2341 4159 2359 4518 3398 4523 4524 4514 1625 2654 4159 4524 2654 2354 4514 4524 164 4520 4517 4518 4516 4518 4519 4520 4517 4515 4518 4519 1904 4517 4515 4518 240 4520 4517 4515 4520 4517 4519 4520 4515 4518 4159 2354 2354 1435 454 2359 4524 4524 2341 4159 2359 2354 4523 4514 1625 2359 2656 2354 4517 4515 4518 4524 4514 1435 4159 2359 2656 2354 3638 4524 1625 1435 2341 2654 4520 4515 4516 4518 4522 4523 4524 1625 1435 2354 2656 2354 4515 4516 4518 4522 1435 2359 1625 4514 1618 164 1390 4515 2354 1625 1904 4514 4524 2337 4520 4515 4516 4518 2354 3638 164 2341 2354 4520 4515 4516 4518 4519 4524 2654 4520 4516 4518
974 2039 481 4525 2790 3708 4525 460 4525 788 4525 3708 4525 1124 1232 3708 4525 2039 4525 1232 4525 4525 2785 4525 4525 4525 3708 4525 2410 3708 2789 1232 4525 4525 4525 4525 812 2782 4525 4525 1 290 2032 1025 1232 4525 460 460 1037 4525 3708 3708 3708 3708 1124 3708 3708 4525 3708
975 1288 1502 4526 191 1794 2371 191 1794 4526 191 1794 22 1291 1794 586 2887 1151 191 1794 4527 3714 191 49 1794 4526 191 1794 2887 1288 1502 4527 2371 4526 185 42 3577 481 4526 326 191 1794 586 3434 1904 1502 191 1794 3434 4527 191 1794 586 3714 1512 4526 3434 37 4526 4527 191 1292 1512 1794 2887 3714 67 1546 4526 2371 4526 2371 191 1151 1291 1794 1888 3714 1888 1292 31 4526 191 1888 1794 586 1286 4526 191 1292 1794 2340 1794 4526 191 1794 2371 191 191 1794 4526 1794 4526 67 519 2371 4526 67 4528 4527 145 2371 2906 2344 1598 1794 1292 4526 191 1794 1260 1261 1259 1262 4526 4527 4526 1260 1151 1502 259 4528 2887 1794 1616 2518 155 2956 4526 2371 4527 4526 1794 1292 1151 3933 1605 185 1291 191 4526 1502 4526 4526 4528 4526 4526 4527 191 1292 176 3577 4526 1502 275 125 764 2993 4526 4528 1281 1865 4526 2134 1 232 2337 2669 1396 182 1276 3128 2410 1214 3577 50 4526 1261 4526 191 1502 1261 4526 1261 4527 588 1502 1261 1502 191 4526 1261 1502 1261 191 4526 4528 1502 191 4526 4526 4528 4526 838 1920 455 1512 663 191 889 2088 1977 1022 1578 176 1606 2134 57 2829 4526 1502 4526 4528 4526 3131 1308 655 900 4526 2136 4526 4528 1151 137 293 330 824 1131 1578 4526 4528 460 101 663 1502 4528 4526 4528 40 40 31 191 4527 4527 4526 4527 4526 4527 362 191 879 4528 1292 1512 47 1265 4527 362 4528 362 4526 4526 4526 31 2344 455 879 59 1261 1502 4526 1512 999 659 4526 4528 191 4528 4526
976 705 2242 1740 2034 829 2242 420 2242 768 446 829 328 254 2767 2242 279 224 472 394 3434 2242 699 352 709 2242 260 1542 1717 705 957 2242 705 100 1035 383 705 2767 705 1943 2242 953 705 705 705 362 339 705 1 1 2767 2242 2242 1949 829 1166
977 1898 2221 1789 2012 130 2350 963 1360 2153 1095 30 14 14 3039 1102 1095 14 14 1034 284 1360 2239 1165 2688 2062 3225 3225 1937 303 2239 2236 1034 414 1034 1752 1008 786 1008 1789 14 563 2117 2124 1758 1034 1784 963 563 1789
978 54 4529 2169 3540 455 385 268 3540 2169 3540 54 2169 3540 54 455 4529 2169 3540 455 3540 54 455 3540 54 455 4529 2169 3540 54 2169 3540 2169 3540 455 4529 3540 54 2169 455 54 3540 54 54 455 4529 2169 3540 54 4529 2169 3540 54 455 4529 3540 54 2169 3540 54 455 4529 2169 3540 54 54 3540 54 455 3540 54 2169 3540 54 4529 2169 3540 54 455 54 2169 3540 54 3540 54 455 3540 54 456 2169 3540 54 2169 3540 455 2169 3540 54 455 2169 3540 54 455 4529 2169 3540 54 455 4529 2169 3540 54 455 2169 3540 54 455 4529 2169 3540 54 2169 3540 2169 3540 54 455 3540 2169 2169 3540 54 455 4529 2568 2169 3540 54 3540 2169 3540 54 455 54 3540 54 455 2169 3540 54 2169 3540 54 2169 3540 54 455 2169 3540 2169 2169 3540 455 455 2169 3540
979 1788 1088 14 14 224 352 352 581 2364 102 321 352 30 3502 99 961 2087 1 102 3502 285 2193 169 1581 1007 1752 3039 26 15 14 3502 278 102 2819 607 26 526 15 2461 469 102 526 102 2461 102 383 1041 526 102 2364 3854 416 328 3502 102 526 469 2364 2364 526 469 3502 469 1934 1752 526 469 102 383 1784 3502 416 3854 102 336 526 469 3039 102 2364 469 469 102 469 469 1171 1788 2364 2364 526 469 248 2364 2364 526 383 2364 102 526 526 102 469 526 328 1060 3502 3502 422 1173 2087 1 3502 102 526 469 422 526 469 1788 2364 3854 102 526 336 526 271 2364 2364 1923 469 383 1788 336 2364 469 2364 526 102 102 526 469 102 102 469 383 2364 3502 569 1642 2364 469 336 248 1682 102 526 252 1894 1212
980 1448 979 2356 862 1152 979 1813 2204 2450 2373 979 2101 295 979 1545 1684 1953 1647 1827 1 460 70 1324 252 305 392 2450 402 3054 1738 70 704 1103 263 24 968 125 70 209 2721 956 1189 1040 321 1175 363 1925 768 979 406 861 256 2167 979 1556
981 2723 67 67 68 788 1693 874 2216 1080 222 58 1555 268 2723 2723 68 460 418 1496 58 1693 67 222 351 1693 169 1011 1971 1693 67 169 626 1555 1543 245 169 169 222 2723 305 2723 459 2723 859 1940 258 1 258 1970 1924 738 1044
982 733 3570 717 1857 246 246 246 246 246 326 326 246 246 461 246 246 246 96 3570 3570 1176 3570 3570 326 554 555 714 3570 3570 3570 461 3570 3570 3570 3570 121 3570 3570 3570 1180 3570 3570 3570 1166 2086 3570 3570 3570 3570 3570 3570 3570 4530 4530 3570 3570 4530 4530 3570 4530 3570 4530 3570 3570 4530 3570 4530 3570 3570 3570 4530 3570 4530 3570 4530 3570 4530 3570 4530 4530 3570 4530 4530 3570 4530 3570 4530 3570 3570 4530 3570 4530 3570 4530 3570 4530 4530 3570 3570 4530 3570 4530 3570 4530 4530 3570 4530 3570 4530 3570 397 362 326 546
983 1547 1547 1547 1547 1547 1547 1547 1547 1547 728 1547 1547 1547 526 1547 1547 1547 1547 1547 1547 1547 1547 1547 1547 1547 1547 1547 1547 1547 1547 1547 1547 1547 1547 1547 1547 1547 1547 1547 1547 1547 1547 1547 1547 1547 1547 521 1547 1547 1547 1547 1547 1547 1547 1547 1547 1547 1547 1547 1547 1547 1547 1547 630 1547 1547 1547 1547 1547 1547 1547 1547 1547 1547 1547 1547 1547 1547 1547 1547 1547 1547 1547 1547 1547 1547 1547 1547 1547 1547 1547 1547 1547 1547 1547 1547 1547 1547 1547
984 2235 2235 336 812 3227 619 421 1014 1038 223 260 385 2113 96 122 3171 550 747 1972 279 2065 2065 290 2011 1052 2704 3227 2065 3227 2065 268 2065 2235 2065 2235 2061 280 1393 2065 2704 83 1854 2065 2065 685 1981 2065 2065 1814 268 320 2065 2061 804 1052 2213 1786 2638 2235 2065 380 1577 2065 73 2065 2065 3171 564 11 1156 11
985 106 230 497 1966 1955 2414 1209 1968 929 1202 465 169 2878 169 465 1119 3068 1707 1654 106 1771 1955 1209 1968 1119 3068 1965 106 1 211 465 169 402 3068 1 106 311 768 1955
986 1902 733 4492 4531 206 665 4492 4531 67 67 1462 206 4531 4492 4492 2944 4531 4492 4531 4492 103 4531 4531 1902 4492 8 4531 2944 1581 581 4531 206 4531 1462 1241 4531 4531 206 3038 153 182 206 4531 4492 4531 206 4492 4531 67 697 67 2944 2944 1734 4492 2944 2944
987 4533 1935 87 2071 2071 4532 1440 4532 845 4532 1440 4532 1440 1451 4532 4532 4533 67 4532 1440 1605 67 4532 4532 1605 67 1605 81 1440 4533 3285 627 4534 458 455 4533 1605 2275 1 1 4532 4532 1605 67 1440 67 4534 67 627 67 1605 4534 1440 4532 1801 2071 4532 67 1440 672 4534 1605 67 1440 1605 4532 4250 4533 1440 67 4534 1605 4532 4534 4532 1349 1440 67 4534 2436 23 4533 1440 2604 67 4532 2410 1439 1440 67 4534 4532 4534 751 4532 4533 4532 1605 169 4532 4534 4532 4533 1440 1440 67 4532 67 627 3134 67 1605 4534 1440 3134 1188 4532 47 1207 4534 4532 1605 67 1440 67 4534 1605 4534 1349 293 1319 1605 67 1440 4534 4532 206 11 11 4534 4532 627 627 1440 1605 4534 2410 4532 1605 627 1440 67 4534 4532 4533 4533 845 1440 4534 4532 1605 67 627 4534 1440 4532 1035 4532 1440 4532 67 1440 1605 4533 67 1605 1440 4534 4532 67 1605 4532 2933 67 4533 1605 67 665 4532 1241 627 4532 67 4534 1440 627 4534 4532 1440 4532 1557 2199 1605 4534 4532
988 2598 1805 3096 617 680 2598 617 2598 2697 1517 263 617 238 2255 2598 2598 617 11 1 2598 2598 2598 2598 2598 238 617 238 2598 617 2858 2598 768 2598 238 617 238 100 1093 617 2598 617 2598 550 2598 617 680 2598 617 1124 2598 617 617 2598 2598 788 238 2598 1348 1734 2598 1734 2598 617 2598 617 1505 1356 238 2598 238 14 2598 617 2125 1124 2598 2598 91 1011 2598 617 1035 617 2598 2692 2598 2598 617 553 617 2598 617 617 2598 617 617 388 2598 2598 617 2598 2598 617 1912 330 2598 617 2598 2598 617 321 2598 617 617 617 1095 2598 14 617 617 2598 617 2598 948 1167 617 617 617 2598 617 1512 2598 617
989 2424 2424 1280 2424 2424 4538 2424 4537 4535 4535 4535 4535 2424 3803 2424 3803 2424 2424 3803 3803 4535 4537 3803 4538 2424 2424 2424 3803 4537 4538 4537 3803 3803 4535 2424 3803 4537 3803 2424 4538 3803 2424 3803 2424 3803 2424 2424 4538 4535 4535 4535 2424 3803 2424 4535 4536 4537 4538 1578 276 2424 3803 4536 4537 4538 4535 2424 3803 4536 4537 4535 2424 4536 3803 4538 2424 3803 4536 4537 4535 4538 2424 2424 2424 3803 4537 4538 4535 2424 3803 4536 4535 4537 4538 2424 2424 3803 4536 4535 4537 4538 2424 2424 2424 2424 4536 3803 4535 4537 4538 2424 2424 3803 4536 4535 4537 4538 2424 2424 2424 2424 2424 4536 4535 4537 4538 3803 4536 4535 4537 4538 2424 4536 3803 4535 4537 4538 2424 2424 2424 4535 4536 3803 4538 2424 4536 4535 4537 4538 4535 2424 3803 3803 4536 4535 2424 3803 4536 4537 3803 4536 2424 3803 4535 4536 4537 2424 3803 4538 4538 3803 4536 4535 4536 4536 4536 2424 3803 4539 2424 4536 4537 4539 2424 3803 3803 4539 4539 2424 4539 3803 1280 4537 2424 3803 4536 1474 4539 1474 3803 4539 1474 4536 3803 4539 4537 1474 3803 4536 4537 4537 1474 1474 4536 4539 4537 3803 4537 4537 4536 4537 3803 1474 3803 1474 4536 1474 4539 4539 1474 3803 1474 3803 4539 3803 4537 4536 1474 4539 4539 1474 3803 4537 1474 3803 1474 3803 4537 1474 3803 4536 2424 4536 4537 1474 3803 4536 4539 1474 3803 2424 4536 4537 4538 1474 4536 3803 4539 4537 4538 1474 3803 4536 4539 4537 4538 1474 3803 4536 4539 4537 4538 4536 4539 4537 4538 3803 4536 4537 4538 1474 1474 3803 4536 4539 4537 4538 1474 4536 4539 1474 1474 3803 4536 4539 4537 4538 1474 3803 4536 4539 4538 1474 1474 1474 4536 3803 4539 4538 1474 4539 3803 4537 4538 4538 1474 4536 4539 4538 1474 1474 1474 3803 4537 4538 679 3082 1474 1474 1474 3803 3803 4539 4537 4538 1474 3803 3803 4537 4538 1474 4539 4538 1474 4539 4538 4538 1474 1474 4539 4538 2424 3803 892 4536 4539 4538 4538 2424 3803 4539 4537 4538 2424 3803 4537 4538 892 2424 4537 4539 4538 1474 3803 4539 4538 2424 3803 4539 4538 2424 3803 4539 4537 4538 2424 3803 4539 4538 2424 3803 892 4537 4538 2424 4538 4539 3803 4537 4537 2424 2424 3803 3803 4535 4538 4537 4537 4538 4538 4538 4538 3803 2424 3803 3803 2424 4539 2424 3803 4539 2424 3803 4539 4538 2424 3803 4539 4538 2424 4539 4538 4538 2424 2424 3803 4538 2424 3803 2424 4535 2424 3803 4538 2424 3803 4539 4538 1474 1280 4539 4539 4538 2424 1280 4538 3803 4539 4538 4539 4538 2424 2424 3803 4539 4538 2424 3803 4539
990 377 832 385 3294 3854 832 4540 2113 2776 359 358 3854 832 4540 1882 832 385 3294 832 3294 368 3294 1478 67 832 176 2775 42 1364 2092 832 3294 832 4540 2113 45 3854 3294 45 358 3294 832 45 2068 1136 3854 2068 1344 176 3294 891 832 4540 2113 832 3294 3294 832 3294 832 3854 2068 4540 2113 1360 2543 147 832 45 1178 2068 832 2113 832 2068 1364 1178 832 176 2775 1364 147 358 321 58 3294 3294 2190 3854 178 3294 2190 2479 1218 468 2190 3294 2190 3294 832 3294
991 349 4543 361 4544 1035 349 4543 398 935 4543 35 349 2176 349 568 4542 331 349 4544 349 349 568 4542 349 4541 4542 349 4541 360 326 349 694 568 4542 4544 331 331 349 349 4542 4544 4541 349 4541 349 361 4542 353 514 2506 331 360 670 76 829 4544 4544 4541 4544 349 4541 331 331 4541 349 331 4541 353 361 568 1945 361 4542 568 4543 2830 2438 4541 520 59 2438 101 101 349 349 4542 349 349 4544 4544 349 976 169 976 169 4543 2506 4544 349 4543 562 349 893 35 349 694 349 4544 331 4541 568 331 4543 349 4541 4543 349 4542 4541 349 349 361 353 2506 349 4542 2830 2438 2438 514 4543 2830 2438 1704 2830 562 349 4544 4543 11 11 4544 4542 353 11 4544 349 4543 349 568 4544 1 4543 349 962 349 4543 1236 4542 4544 4543 568 1662 4544 2830 2438 2830 2438 568 349 1 1236 349 4544 349 349 694 4543 2830 2830 4541 4542 353 562 4543 4544 11 735 4543 4544 694 101 349 2438 349 346 562 4543 1 529 1996 349 11 568 1866 562 4544 4544 349 4542 4543 349 684 694 331 349 684 684 349 4543 1 568 4544 4543 331 349 694 4543 2176 349 349 349 4543 11 568 4544 562 4544 1 4544 4542 4543 2830 1531 349
992 3626 4545 4545 4545 4188 3060 361 4188 3626 4188 3626 1460 4545 3626 4545 4188 4545 2167 4545 668 4188 4545 1700 2006 4188 46 664 664 4545 259 4188 962 3963 4545 4545 4545 4545 4545 11 11 4545 4188 3060 512 353 310 4545 275 4545 3626 360 3626 4188 863 353 4545 4188 4545 1 4188 3626 3626 45 360 2706 4545 362 1226 4545 4188 360 999 4188 4545 4545 4545 3626 360 4188 4545 4545 4545 4545 3626 3626 4188 3626 3626 828 3735
993 4546 4546 1787 475 4546 268 1775 1505 67 4546 4546 315 475 4546 1734 1510 1600 67 67 648 4546 883 648 883 484 614 77 4546 1100 4546 759 4546 1 4546 1485 759 4546 750 4546 2 4546 4546 4546 4546 1104 11 614 1910 4546 759 125 4546 883 87 2189 4546 597 11 11 1505 2064 759 4546 971 759 96 1092 1266 544 4546 11 2085
994 3527 2711 4547 3527 3527 3527 4547 3527 3527 3527 4547 3527 3527 903 3527 4547 3527 3527 4547 3527 367 3201 3527 4547 467 3527 1888 3527 3527 4547 3527 3527 4547 3527 4547 3527 3527 4547 3527 3527 3527 3527 3527 4547 3527 3527 3527 3527 4547 3527 508 3527 3527 3527 3527 348 3527 348 3527 3527 348 3527 3527 3527 4547 3527 3527 3527 3527 3201 3527 3527 3527 3527 4547 3527 3527 348 3527 952 3527 3527 3527 3527 3527 4547 3527 3527 3527 3527 3527 3527 3527 3527 3527 3527 3527 3527 3527 3527 3527 3527 3527 3527
995 4261 1119 4262 1966 481 4262 1966 1966 3281 1966 4262 1966 4262 4262 4261 4261 1398 4262 1966 1966 4261 4262 4262 1966 3545 4261 4262 1119 4262 4262 4261 4261 497 4261 4262 1119 4261 4261 4261 4262 4261 4261 4261 4261 497 4261 259 4261 4262 1583 4261 4261 4261 4261 4261 1209 2316 4262 4262 1119 497 3281 2028 1857 1118 1398 3281 2028 3281
996 4549 1120 4549 1120 1120 449 449 4549 1120 1120 4549 1120 1120 4549 1120 4549 4549 4549 4549 4549 3251 4549 449 1777 1954 1777 4549 4549 1777 4549 1120 4549 1120 4549 1777 3251 2874 465 465 2011 293 169 2874 4549 1120 4549 1120 4549 106 3067 3251 4548 4548 3908 224 329 2011 4548 3251 4549 4548 1120 4548 106 4549 3908 3609 169 4548 4548 4549 3609 3609 4548 1948 3609 4548 4548 4548 4549 4548 3609 2874 465 2874 169 169 3908 2874 3251
997 2855 181 227 402 4550 3433 4550 665 47 402 402 4550 227 402 4550 4551 402 4550 4551 402 227 4551 1296 4550 4551 2280 4551 47 227 1295 2437 801 402 4550 4551 227 293 4550 4551 2855 2686 2857 2855 2356 4550 4551 4550 2884 402 2356 2056 4550 4551 4551 2855 238 4550 4551 402 227 2855 2356 2855 227 402 228 402 227 227 4550 402 227 47 4551 2855 4550 402 227 67 2437
998 3932 2305 476 1385 2800 3932 656 3505 2707 1385 1921 277 1974 476 3932 935 542 1319 2569 8 1104 2186 515 3505 1385 3505 2305 112 552 2604 112 3197 3505 2570 550 112 413 3505 1068 45 2305 2305 795 2734 457 1297 18 2564 1092 506 1760 2929 3834 3834 612 1104 3834 3834 3834 2800 1148 2076 1353 1099 288 3834 515 29 2767 3834 270 1026 685 3907 2305 476 84 3834 3834 3834 476
999 22 903 164 164 164 169 164 460 164 164 169 460 169 164 169 169 169 164 164 164 169 164 164 169 169 169 169 164 164 169 122 169 164 164 169 169 164 169 169 164 164 169 169 164 164 169 169 164 169 460 169 164 164 169 164 164 169 169 164 164 169 169 164 164 169 169 164 164 169 164 169 169 164 164 169 169 164 169 460 164 169 169 259 164 169 169 169 164 169 164 164 164 169 169 169 164 164 169 164 169 169 164 460 54 164 169 169 164 169 169 169 164 169 169 641 169 169 164 164 169 1618 164 3761 701 310 164 169 164 169 169 169 169 164 169 164 169 164 164 169 169 164 169 169 164 169 169 164 169 169 2939 460 641 164 169 164 164 169 164 169 169 164 164 169 164 169 164 169 164 169 164 169 164 460 460
1000 676 30 712 2088 717 503 2207 125 45 99 772 2584 783 376 2024 391 1090 2024 1597 269 587 75 1090 391 1035 256 104 99 3934 946 946 533 267 688 402 2179 336 783 1320 946 336 100 946 385 946 377 783 2642 336 729 804 1092 749 176 269 3785 321 11 1996 1044 2821 1978 1044 2821 617 1935 1022 1377 779 2694 106 1092 125 1 99 67 587 11 572 712 2144
1001 4552 4553 4553 4553 87 4553 386 4552 783 4553 4553 386 976 37 1299 115 4552 2587 4552 3615 4553 4552 336 1143 4552 4553 3542 4552 4553 407 4552 4553 4553 386 4553 4553 336 4553 4553 1003 1741 362 375 4553 157 1143 1143 4553 4552 4552 1143 3698 4552 4553 1143 1232 4552 4552 4552 114 67 4553 4553
1002 4554 4555 957 4554 3757 4554 3757 4554 3757 4554 3757 3757 4555 3757 3757 3757 3757 3757 4554 1230 4555 4554 1230 4554 3757 3757 3757 1230 3757 1230 4554 1230 4555 3757 963 3757 4555 1230 4554 3757 4554 4555 3991 3991 3991 1230 3991 3991 3757 3757 3991 997 4221 4221 4555 4555 3757 893 348 1230 3757 4554 3757 4555 1230 3991 3991 4554 1341 4554 1230 4554 4554 1230 1596 4555 4554 4554 4555 4554
1003 204 583 1291 4557 4557 4556 1509 4556 4557 4557 577 4557 4557 4557 4557 1359 4557 459 708 122 1207 1279 59 4557 4556 4556 4557 2003 1999 259 4556 4557 4556 4557 4557 4556 4557 4557 1692 4556 1999 2136 186 4557 2363 459 186 174 1 232 4556 4557 310 4556 4557 4556 4557
1004 969 1136 976 1136 391 169 169 169 2874 976 2720 1136 2479 539 169 2874 70 1732 1062 1136 1062 2874 1344 983 1344 1062 983 106 1344 1136 1311 1311 966 1062 976 52 2061 1062 106 106 927 983 1311 126 1136 1325 1311 969 1856 1344 169 220 106 976 169 460
1005 4558 1692 4562 4558 4559 4064 4563 4560 4558 4064 4563 4064 4563 4558 4559 4064 4563 4064 4558 4559 4064 4064 4559 4064 4064 4064 4558 4064 4059 4558 4559 4064 4563 2568 4064 4560 4558 4559 4064 4560 4559 4064 4560 4558 4558 4558 4559 4064 4560 348 4559 4064 4560 4064 4059 4558 4559 4064 4560 4558 4059 4558 4064 4560 4558 4558 4559 4064 4560 4558 4559 4563 4560 4064 4059 4563 4558 4558 4563 4560 4558 4558 1574 4561 4558 4558 4064 4560 4561 4558 4560 4064 4561 4558 4558 4558 4558 4563 1692 4064 4560 4558 4559 4562 4558 4559 4064 4563 4059 4558 4559 4562 4558 4559 4562 4558 4558 4558 4064 4560 4563 4059 4558 4562 4064 4562 4558 4559 4064 4558 4562 4558 4558 4562 4559 4558 4562 4558 4562 4558 4562 2276 2276 4562 4558 4562 2276 2276 2276 4558 4558 2276 2276 2276 2276 2276 2276 2276 4562 4558 2276 2276 2276 4559 4562 4558 2276 4562 4558 2276 2276 2276 4558 2276 4559 4562 4558 2276 2276 4559 2276 4562 2276 4559 4562 2276 2276 4562 4558 4558 2276 2276 2276 4562 4558 2276 2276 2276 2276 2276 4559 2276 2276 4562 2276 4559 2276 4562 2276 2276 4558 2276 4562 4559 2276 4562 4558 4559 4562 2276 4559 2276 4558 4563 4562 4559 2276 2276 4558 4064 4560 4563 4562 4559 4558 4558 4563 4561 4560 4064 4561 4560 4559 4558 4064 4560 4064 4561 4560 2276 4561 4064 4560 4563 4561 4064 4559 4562 4560 4559 4560 4064 4561 4558 4064 4561 4559 4558 4562 4064 4560 4562 4561 4562 2276 4559 4561 4563 4558 2276 4562 4558 2276 4558 4562 2276 4064 4561 2276 4558 4064 4561 2276 4562 4558
1006 289 2525 1894 2927 1517 1095 862 1498 1353 2927 515 862 1975 1103 1549 862 2046 295 2544 580 2927 862 2720 515 506 991 1423 1913 1469 862 1469 389 862 1544 1368 862 1353 2927 1004 979 1353 862 1831 862 1106 2356 2356 2927 2927 2927 2281 2927 1469 258 1549 862 1647 392 2618 2927 363 862 1106 2618 2927 2927 1366 862 2927 2927 1004 768 2927 1045 1106 1977 2927 1006 303 964 2927 2927 1102 742 2927 2927 1389 112 112 112 1353 112
1007 4564 671 671 4564 4034 169 122 4564 4034 4564 403 4564 4564 122 122 368 4564 4564 188 4564 609 2802 549 393 258 3151 4564 3421 4034 3559 188 3559 4034 3559 4564 3559 169 1993 2011 4564 188 2772 1843 47 4034 3559 164 4564 3559 164 4564 1189 1189 334 3559 147 334 3559 334 3559 1390 1 1390 1669 3559 4034 3384
1008 2145 2145 2477 3825 2477 2474 2477 3825 2477 3825 2635 857 1772 241 2477 2477 3825 2474 2477 3825 4565 1772 2477 3825 2474 4540 2477 3825 4565 1772 2477 3825 4565 1772 3825 2113 581 3825 2474 2474 2477 3825 3825 2113 2477 2474 4565 3825 2474 4540 2474 2477 2477 3825 4565 1772 1816 2474 2477 1816 2474 4565 2477 2477 3825 4540 2113 2477 2477 3825 2477 3825 1772 2477 4565 1772 2474 4540 2113 4565 1772 2477 4540 2113 2477 3825 2477 4540 2477 4348 2113 4348 2474 3825 2477 2474 4565 1772 2477 2477 1816 2477 2474 3825 4565 1772 4214 2474 4540 2113 4565 1095 1772 4565 4565 4565 2191 4540 1983 4565 4540 4565 4565 4540 2478
1009 4566 2448 4566 4567 4566 4566 4566 4566 4567 4567 2448 2448 2448 4567 4566 2448 4566 2448 4567 2448 2448 2448 4567 4566 2448 2448 2448 2448 2448 4566 4566 3276 2448 2448 2448 2448 2448 4567 2448 2448 3277 4566 2448 2448 2448 2448 2448 2448 4567 962 531 2448 2448 4566 2448 2448 4567 4466 2448 416 570 4567 4567 4567 4566 4567 4567 3277 4566 1968 1209 4567 2848 4566 4567 4566 4566 4566 4567
1010 711 711 4568 4568 711 4568 711 4568 711 4568 711 4568 711 435 711 711 3268 709 711 711 4568 711 3268 4568 711 711 497 4568 711 4568 711 3268 711 4568 711 4568 711 711 711 3268 711 711 3268 711 711 3268 711 711 711 711 3268 711 711 711 478 4568 711 711 711 3268 4568 711 711 4568 711 711 3268 711 3268 711 711 3268 711 711 711 3268 711 711 3268 711 3268 711 711 3268 711 711 3268 711 3268 4006 2147 711 3268 4568 711 3268 711 711 3268 711 4568 711 711 4568 711 4568 817 4568 4568 817 435 435
1011 338 4569 338 2058 375 398 338 4569 2809 3328 4569 338 771 4569 4569 47 47 338 4569 764 4569 2809 4569 329 4569 4569 1597 188 4569 4569 1613 4569 47 689 1270 338 4569 164 274 326 4569 1596 710 422 4569 771 1614 872 4569 771 4569 1359 2809 4569 664 129 337 872 4569 188 169 326 188 4569 4569 550 338 4569 52 338 4569 4569 4569 4569 338 338 326 45 1614 296 392 4569 76 550 4569 1617 1614 1613 4569 125 338 1613 4569 299 540 2502 217 4317 1855 4569 4569 418 4569 3384 550 338 1039 2809 3384 334 3083 3384 3083 600 3384 338 4569 338 4569 45 1079 1613 299 3384 334 4569 3384 3384 1614 111 1038 3384 1129 1617 1079 2713 1161 460 484 176 2775 42 1079 871 3384 3384 1570 879 4006 362 3384 1079 999 103 1079 1898 3384 3384 3384 211 494 494 3384 494 1156 182 494 494 1370 3384 2278 1898 1123 1319 67 1079 1079 1319 1123 1079 1270 3384 338 1079 67 222 788 360
1012 1493 333 308 1493 45 70 195 1493 1493 4435 1493 4435 701 747 2590 1493 1860 45 336 268 1493 1493 1493 1493 4435 4435 1493 1970 2686 1493 4435 1493 1493 2686 546 45 2101 552 707 2887 1493 70 402 1245 1493 1493 268 1493 1493 4435 402 70 1493 45 268 1493 1493 1493 1493 322 1493 2686 1245 1132 38 1926 3044 1245 1493 11 1493 462 613 1493 308 1934 2022 613 1245 1245 2022 1493 1245 1493 1493 4435 1043 1005 613 1005 613 11 1493 210 1060 1688 1008
1013 315 2356 753 753 85 2111 1374 1374 1581 1061 1036 697 791 467 583 2878 1978 753 1466 753 2155 753 2107 753 73 542 753 753 1263 17 17 99 753 761 753 577 753 394 753 753 1895 991 1930 391 753 949 126 753 753 753 310 753 58 325 130 753 130 73 1852 1852 753 753 1448 407 122 1009 753 0 1041 83 362 753 1930 421 157 340 305 1388 753 753 366 753 753 1128 753 753 753 753 2569 1400 753 388 753 753 753
1014 2774 4570 1365 697 1114 2269 1522 1523 767 122 695 649 697 2128 1220 2269 1522 4570 2128 4570 2128 975 47 305 122 1114 4570 2128 4570 2128 4570 697 1207 4570 47 2613 621 4570 4570 2128 2128 2128 4570 2128 2083 1114 2128 2083 2128 1207 2039 914 2128 4570 2128 2128 2128 1145 2128 1817 268 3590 1 1207 47 316 275 2774 169 169 1911 1860 1 11 1207 2128 460 3590 122 1207 1669 2083 697 47 1 3590 2269 169 2128 3590 1833 2269 1523 2128 1805 1522 2128 1805 2128 2128 1805 1114 697 1805 975 2128 2128 2128 30 1805 828 1095 1207
1015 4571 2745 4183 4295 4183 4183 2745 4183 4295 4295 4183 4295 4183 4295 4295 4295 4183 4183 4295 4295 4571 4295 4295 4295 4183 4183 1654 4295 4183 4295 1963 4571 2323 4571 4295 494 4571 4295 4295 4183 4295 4295 4183 4295 4183 4571 4295 4183 4295 4295 4295 4295 4183 4295 357 4295 4183 4295 4295 4295 4295 4295 4183 4295 4295 4571 4295 4183 4295 2532 802 2163 4295 4183 4571 4295 4074 4295 4295 4183 4295 4295 4183 4295 4571 4295 4295 4183 4295 4183 4295 4074 4295 4295 4183 2745 4183 23 1581 4571 4295 4183 4571 4295 4571 4295 4182 4295 4571 4295 4295 4571 4571 2322 4295 4295 310 4571 4571 2743 4571 4295 4295 4295 4571 4295 4295 4295 4295 4295 4295 4295 4571 2308 4295 636 4295 4295 4571 4295 4295 4295 699 4295 4295 4295 4571 4571 1741 4295 4295 4571 4295 1710 4295 2323 4571 4295 4571 4295 4571 4295 4295 4183 4295 4571 4295 4571 4295 4183 4295 4295 4295 4183 4183 4183 4295 4295 4183 4183 4571 4571 4183 4571 4183 4074 47 655
1016 1230 2039 3933 4573 2661 2661 848 2792 1232 2785 2789 2785 2785 2789 2785 1232 2785 2786 848 993 993 993 2039 4572 2039 3933 4573 2661 2785 2789 847 1232 2785 2792 848 2039 2039 2039 3933 4573 2785 847 1232 1232 2785 2792 2786 848 3933 4572 4572 2039 3933 4573 2661 2785 848 2785 1232 2785 2792 848 3933 2039 4572 2039 3933 4573 2661 2785 2792 848 2785 847 1232 1232 2039 3933 4573 2661 2785 2792 847 1232 2785 2792 2786 848 3933 2039 4572 2293 1230 2292 151 151 2021 101 101 101 1296 2039 3933 2039 2039 1214 3147 2021 101 101 184 3147 1214 3131 3933 3933 2039 4572 2039 3933 4573 2661 2785 2792 848 2785 847 1232 1232 2785 2789 2785 1232 2785 2792 848 848 3933 2039 4572 3933 4573 2661 2785 2792 848 2785 847 1232 2785 2792 2786 3933 2039 4572 2039 2039 4572 2039 3933 4573 2785 2792 848 2785 1232 2785 2789 2785 2785 2785 848 3933 2039 4572 2039 4572 3933 4573 2661 2785 2789 2785 847 1232 2785 2785 2785 848 3933 2039 4572 581 581 151 609 151 1319 691 691 691 3131 2039 4572 1230 1230 3714 3714 1291 3131 2039 4572 3933 2785 2792 847 1232 2789 2785 847 1232 2785 2789 848 3933 4572 4573 2661 2785 2785 847 1232 2785 848 2792 848 2039 2039 2039 4572 3933 2039 4572 2039 3933 4573 2661 848 2785 2792 2785 1232 2785 2789 2785 848 3933 2039 4572 3933 2039 3933 2785 2785 2792 1232 2039 3933 2661 2661 848 2785 2792 2785 1232 2785 2785 2785 2785 2786 848 3933 2039 4572 847 1232 2785 2792 848 3933 2039 4572 4572 2039 1214 185 185 185 185 185 185 185 460 3147 1214 3131 3933 3933 2039 4572 2039 2661 2661 2785 2792 847 2789 2785 848 2039 4572 2039 3933 2661 848 2785 2792 2785 847 2785 2789 2785 2786 848 3933 2039 4572 2039 3933 3933 2039 847 2039 2039 3933 2661 2661 581 1015 609 326 891 891 59 1471 3131 2039 4572 1435 1370 293 1319 691 777 2039 4572 777 185 460 460 460 2039 4572 848 2792 2785 847 1232 2785 2789 2789 2785 2785 2786 848 2039 4572 777 185 3714 3714 713 777 185 1230 777 1230 777 777 185 777 777 185 1471 59 288 1230 3131 4572 2039 1235 2661 4573 2785 1232 2785 2785 2786 1235 777 3131 4572 2039 4572 4572 3131 362 1526 210 3131 4572 1867 4572 1232 3131 2021 101 402 47 47 3131 4572 1435 2021 622 101 2021 3131 2039 4572 59 122 122 1435 2083 59 835 907 2021 1296
1017 4574 4574 52 4574 22 548 4574 4574 4574 99 99 4574 957 795 4574 4574 583 795 4574 795 375 11 11 548 409 795 4574 4574 4574 957 4574 795 795 1089 875 4574 2604 1 106 795 4574 4574 198 4574 11 4574 409 11 1124 1 446 397 576 6 619 1091 803 96 1 11
1018 4405 66 287 1225 1703 1695 4576 4405 4576 1 287 1357 1225 1695 1695 4576 1225 4575 1225 1695 4576 1225 1695 391 4405 2025 1695 4575 73 287 4575 4575 2173 4405 460 1225 4576 1695 868 4575 287 1225 4405 1225 1695 4405 4575 1225 1695 4405 165 1 4575 87 552 791 1695 4405 1225 1225 1695 2685 4575 857 4405 1690 746 780 73 1690 1225 1225 1695 4576 1225 1695 4576 780 1034 823 529 1690 1357 1225 1695 1225 4576 1225 121 1695 1695 1690 529 1695 552 11 565 4576 4575 134 1225 1695 4405 169 1695 4576 1695 88 1225 1695 4405 1225 4575 565 4575 4575 362 362 4575 4576 1225 1695 1690 2086 4405 4576 4405 1225 4576 287 565 4575 529 4576 1225 4405 4576 1225 4575 1695 780 868 1225 91 1 780 801 4575 529 458 1695 2438 1809 1225 1695 4405 4576 1690 1225 4405 4575 529 1225 1225 1695 4405 1225 4575 1225 1357 565 2141 4576 1225 4405 1225 1379 1
1019 4577 4578 4578 4578 4577 4578 4577 523 4578 4577 4578 4577 4577 4578 4577 4577 4578 4578 4577 4578 4577 4578 353 581 4577 3501 190 523 4578 4577 4578 887 4578 4577 4578 523 3397 4578 523 4577 460 2469 4577 4578 523 4577 523 2335 2129 4578 523 4577 3397 4578 4577 3396 2129 4578 190 4577 3397 4578 360 4577 3396 52 267 4578 4577 3586 47 3397 4578 3397 4578 523 2335 190 499 4578 3397 523 523 523 4578 4577 2276 523 4578 523 190 442 1 190 4578 4577 4577 129 4577 4578 473 4578 4577 1878
1020 169 287 3074 287 169 1357 2184 130 67 3074 287 962 3074 287 3074 3366 2184 962 67 2184 671 3074 2184 1581 3074 287 3074 2184 2184 600 600 1753 3074 422 2184 287 2865 250 3074 962 2865 3074 287 472 962 3074 2865 508 2865 3074 2865 362 2865 3074 2865 1809 3074 2865 2865 1027 2865 2184 2865 2865 2865 52 600 450 363 1495 2865 2865 1159 656 169 169 169 2865 1983
1021 1089 1184 330 67 971 1226 559 3530 96 377 211 1581 128 585 329 2254 134 3994 402 2277 397 326 607 963 1085 1478 543
1022 210 249 249 544 210 2144 687 122 1751 4579 4579 413 484 4579 169 106 169 1020 712 2737 321 2861 4579 4579 2141 4579 4579 275 128 4579 4579 4579 4579 4579 4579 982 2246 4579 1123 1813 1147 11 4579 2580 4579 365 503 3252 366 217 2055 1717 4579 4579 2278 2278 383 1
1023 319 18 987 4580 987 774 4580 4580 774 2018 305 987 2018 987 4580 319 987 4580 4580 319 319 987 774 4580 987 774 4580 987 319 1147 2021 987 987 4580 987 4580 987 4580 3143 3143 3143 987 4580 4580 987 4580 1436 987 4580 319 231 18 18 2021 1860 774 987 1860 2472 1860 3072 987 460 2021 1436 319 2021 987 157 269 1166 67 987 67 1436 1359 822 2021
1024 4581 4581 3064 4581 2411 2411 4581 4581 4581 2411 4581 2411 2411 2411 4581 2411 2755 2411 2411 4581 4582 2939 4582 993 4581 2411 4582 2411 4582 4581 2411 2939 4582 2410 4581 2411 2411 4582 2411 2939 4582 4582 4582 2411 4582 2411 2411 2411 2411 2411 4581 2411 2411 4582 4581 4582 4581 4581 2411 4581 2411 4582 4582 4582 4582 4582 1211 2411 1211 2411 4582 941 4582 2411 4582 4582 4582 2411 4581 1223 163 2411 2939 4582 2939 4582 4582 2411 4581 4581 2411 993 2939 2939 4582 4582 4581 2939 833 1486
1025 3978 2104 3705 3705 2970 1616 1616 2104 2670 3978 3978 1616 3705 51 1583 3705 3978 3705 1348 595 3705 1616 3705 557 1616 3705 45 3978 3705 1085 127 1616 3705 1583 3705 45 455 45 2970 1616 3705 518 2970 2104 158 3705 2906 1616 3705 2774 3057 1616 2906 385 777 2970 1616 3705 3705 67 3705 3705 3705 2906 1623 3705 3705 3705 3705 3705 3705 53 450 962 3705 3705 1987 3705 55 2906 2438 45 3705 1583 552
1026 1827 236 415 2635 1856 1401 1124 1827 1 385 2910 385 268 2220 415 1827 505 352 1858 268 851 1 1060 891 1217 1591 2056 713 362 2056 2056 891 389 2056 169 2056 1591 2056 2056 2056 16 1786 2056 2205 2056 2056 2056 169 2245 2056
1027 1 2062 600 2711 550 3381 2592 462 550 3064 1310 279 389 144 993 144 2161 455 393 144 888 888 3381 888 63 165 2592 888 144 2161 1579 1725 2592 11 11 1033 695 1797 165 586 1797 2592 1794 224 2711 2173 1164 1797 1797 2182 863 2592 2711 2182 665 106 3381 2711 2711 2711 2862 1164 1680 1797 2032 2711 1129 1797
1028 4585 1776 4583 4585 4584 4583 4585 4583 4585 3281 3911 4585 1965 4585 4584 4584 4585 1965 4583 4583 4585 1965 1776 3281 4584 4583 4585 4584 4583 4585 4585 3911 1776 4583 4585 3545 4583 4585 3281 4583 4585 3911 4585 3858 4585 4585 4583 4585 4585 4585 1965 4585 3911 1196 4583 4585 3281 4585 4583 4585 4584 4583 4585 4584 4585 3911 4583 4585 3281 4583 4585 4583 4585 4585 4583 4585 4585 4585 4583 4583 4466 3281 4584 4585 4585 4585 4584 4585 4584 3281 4466 4583 4583 1965 3281 4585 4583 4585 4583 4584 4585 1776 3281 4585 4583 4583 4583 4585 4583 4583 4583 4585 4584 4585 4584 4583 4585 4585 4585 4583 4585 4585 1196 1776 4585 3911 4583 4584 4583 4585 4585 4585 1776 4466 1965 4585 1776 4583 4583 4584 3911 3911 4585 4584 4583 4583 4585 3911 4583 4583 4585 1776 4583 4583 4585 3911 4583 4585 3911 4466 4583 4583 1965 4583 4583 4583 4585 4583 3281 3281 3911 4585 4583 4466 1965 4583 4585 4583 3281 4583 1776 3911 3281 4583 4583 3911 4583 4583 4585 4583 4583 4466 4583 3281 4583 4585 4583 4584 4585 1965 4583 4583 4584 4583 4585 4583 4585 4583 4583 3281 4585 4584 1776 4583 4585 4584 4583 3281 1776 4466 4583 4466 4584 4466 4583 4583 4583 4583 4466 4583
1029 70 73 467 553 1237 612 597 287 73 73 1388 1237 73 73 73 1487 1388 258 1237 391 391 784 17 287 73 73 539 70 1388 597 45 266 266 73 73 73 73 70 1388 70 47 85 392 259 539 2512 495 70 793 73 73 99 1237 851 1237 420 377 2512 1187 1237 290 1504 161 1237 73 1237 851 73 2512
1030 2709 321 2709 2859 2859 1852 2859 2859 2859 2709 1852 2709 2500 2859 2859 1580 1852 2709 2859 2859 2859 1852 2709 1789 2859 2859 2709 2859 2859 2709 1852 2709 1468 30 20 2859 2859 1728 1580 2859 2859 2859 2504 2859 2859 2859 1852 2859 2859 2859 2500 1 892 1827 11 11 2859 2859 20 2709 484 2859 2709 87 1728 2709 2859 2859 2859 2859 2709 2071 2859 285 2709 1852 2859 2859 2709 2859 2859 2859 2859 2859 2859 30 2709 2709 2859 2859 2709 2859 394 394 2709 96 2709 2709 2709 2709
1031 667 4586 4587 4586 4587 4587 4586 4587 4586 4587 4586 3654 4587 4586 4587 4587 4586 3654 4586 4587 4586 4586 4587 4586 4586 4586 4586 4587 2977 4587 4586 4586 3654 3654 4586 4586 4586 4587 4587 3654 4586 4586 4586 4587 3654 4586 4586 4586 2309 4586 4586 4586 4587 4587 4587 4586 4587 4586 4587 2977 2977 2977 2977 431 4586 2977 2977 2977 431 431 4587 4587 2977
1032 4588 4588 4588 4588 4588 4588 3825 2477 4588 4588 3825 2477 595 3825 2477 3825 2477 2478 4588 4588 3825 2477 597 67 1190 3825 2477 4588 4588 4588 1916 4588 4588 4588 1553 2477 3825 4588 4588 67 4588 391 4588 67 4588 1541 2234 4588 4588 2477 4588 4588 3935 4588 4588 1553 4588 436 4588 4588 3825 2477 4588 4588 305 67 4588 4588 4588 125 305 67 125 4588 125 4588 4588 4588 4588 4588 595 4588 1 1401 2580 125 4588 4588 4588 67 4588 4588
1033 895 305 106 1983 471 326 101 351 209 713 3477 268 461 558 413 1051 52 47 456 978 449 308 324 1923 1689 96 2606 564 1513 461 2454 1062 326 252 420 565 1838 1535 1535 449 47 14 329
1034 397 1535 1000 1535 472 1705 268 100 96 1089 3045 329 30 329 566 566 566 1822 463 552 456 968 1084 15 546 2596 3502 1577 1513 392 1698 552 1889 1848 418 621 205 377 268 1121 355 619 305 11 1930 2125 1067 1517 1584 1156 1186 293 678 132 380
1035 4590 4589 3195 4589 4589 3195 4589 4589 871 4589 4589 232 4589 4589 4589 4289 4589 4590 4589 364 4589 4590 188 4589 4589 4589 4589 4589 4590 4589 4589 4589 3421 4589 4589 4589 4590 4589 4589 4589 4590 364 4589 4589 4589 4589 4589 4589 4589 4590 4589 871 4589 4590 4590 4590 4590 4589 4590 4589 417 892
1036 18 47 18 2787 2946 828 151 165 165 67 18 2910 1857 575 11 185 181 2761 177 340 1857 606 165 181 67 1274 532 18 1274 1274 18 117 1274 575 67 1367 1274 1274 1274 18 165 3059 1274 1274 67 2342 1274 67 67 1274 2492 30 165 18 117 1274 874 1509 1499 59 67 2826 465 1274 1295 67 1274 2888 67 169 1274 67 117 3158 165 1274
1037 771 274 734 731 734 3030 728 728 293 1319 691 734 3030 3226 734 734 3030 91 91 91 11 734 3226 255 1023 947 678 121 734 734 728 3030 3030 728 734 728 336 65 45 734 728 734 734 728 420
1038 377 1889 2507 955 44 1530 2074 858 140 1204 1560 1085 2507 560 1370 250 24 936 469 1530 2235 391 167 2542 2500 288 1321 1530 715 1008 2693 20 2167 2721 100 84 1181 1532 779 680 305 203 391 169 305 1377 47 391 680 569 74
1039 246 2944 2839 246 477 2839 2839 246 2717 246 4591 246 305 4591 246 29 29 2717 2717 2839 246 2839 246 2814 4591 246 2107 1183 2717 4591 2839 246 30 2099 2839 4591 29 2717 100 1297 246 246 4591 29 246 2200 2200 861 246 246 305 246 246 1106 1581 699 553 246 1948 1890 4592 1 1 246 10 2717 2839 1890 4592 4592 4591 246 246 1814 670 18 1890 4592 991 4592 2839 246 1106 4592 4591 246 18 1106 10 246 1164 1948 246 246 246 4591 2839 2944 2200 11 246 246 2839 234 2839 246 1796 246 1890 4592 1 1372 2839 246 2705 2120 2839 169 4592 4592 246 18 246 246 4591 2164 1921 246 2107 1550 246 246 2839 4591 1943 107 1470 4591 1890 3125 3125 2839 3125 1579 2839 1183 2237 2839 859 2839 1009 2210 1890 4 3125 1774 4592 2195 107 2047 1032 3125 462 1270 3125 4591 107 2839 619 616 4591 2839 3125 16 3125 3125 670 2839 2944 16 3125 4591 1470 4592 2192 2839 3125 4592 3125 3125 3331 1022 4592 1890 4592 1631 1470 4591 3125 4591 1774 2839 100 2373 2839
1040 1 1565 1565 1390 1704 4593 334 1569 11 1565 4593 1 11 1 2596 3252 4593 1254 1565 4593 1565 1566 1565 3024 4593 1565 1566 3024 3252 2596 1565 1566 3024 4593 1566 4593 1566 2596 3252 1254 2596 1565 1566 3024 4593 1565 1566 1569 3252 2596 3024 4593 1565 11 1 3024 4593 4593 1565 3024
1041 391 2598 1805 834 2106 2598 1318 1736 2598 1039 392 377 2598 2598 2598 2598 564 2598 1736 209 2598 2598 258 391 2598 321 68 952 2598 2598 1832 2598 250 2598 2598 475 1318 1583 2598 467 2598 2598 2598 267 688 2598 2598 2598 1 1 2598 834 2598 2598 2598 79 2598 2598 2598 550 2598 2598 2598 2598 2274 209 2598 2598 391 2598 2598 1691 1385 2598 3138 2598 2598 2598 73 727 2598 1787 73 1525 949 2598 2598 225 2598 1805 2598 1045 2598 2598 2598 2598 99 169 779 2598 2598 956 2598 3021 2598 2598 3021 2598 130 273 2592 2598 2725 305 1190 829 2598 3021 2598 1385 2598 1027 727 2598 126 2598 2598 69 321 786 266 2598 2598
1042 3509 2808 2942 3509 2942 2942 3509 2942 3509 2942 2950 2942 3509 2942 3509 3509 2942 2942 4594 4594 4594 2942 3509 4594 2942 2942 4594 3509 997 2942 3509 4594 3509 2942 2950 2942 3509 2942 3509 4594 4594 2950 2942 3509 3509 4594 3509 2942 4594 4594 2950 2942 3509 4594 2942 3509 4594 3082 2942 2942 3082 2094 2942 4594 997 2808 4594 2942 4594 2942 3150 997 2950 4594 4594 2808 4594 997 4594 4594 4594 997
1043 1995 3159 1616 1616 1616 1634 4595 1616 1471 67 3159 527 206 2035 3778 3098 1616 1634 4595 2035 3778 3098 1471 67 3159 527 206 3098 1616 1634 4595 67 527 3406 206 3778 206 1616 1634 4595 1471 67 527 206 3778 3098 1616 1634 4595 1634 4595 1471 527 206 3778 3098 1616 1634 4595 1616 1634 4595 67 206 3778 3098 1616 1634 4595 1556 1471 67 206 2035 3778 3098 2269 1616 1634 4595 1471 67 3159 206 3778 3098 1616 4595 1616 1634 4595 267 1471 67 3778 3098 11 1 417 67 3159 527 67 3159 527 3406 206 3778 3098 1362 206 3778 3098 67 3159 206 3098 3159 527 3406 206 3098 1471 67 527 206 3778 3098 1471 67 527 206 3778 3098 1471 67 3159 527 3406 206 3778 3098 3159 3778 1471 67 527 206 3098 919 1471 67 527 3406 3778 3098 1471 67 3159 527 3406 3098 67 3778 3098 67 527 206 3778 3098 527 3406 206 3778 3098 206 2035 3778 3098 1902 1219 206 67 3778 3098 211 1135 329 329 211 211 326 1902 326 206 3778 3098 206 3778 3098 4596 67 206 2035 3778 3098 3159 206 3098 4596 1902 2846 4596 3778 3098 4596 4596 2126 1902 3159 206 3778 4596 2846 4596 67 206 3098 67 206 3778 4596 67 527 206 3778 3098 3778 3159 206 2035 3778 3098 4596 67 3159 527 206 3778 3098 4596 67 3159 527 206 3778 3098 4596 67 206 206 3098 1902 4596 206 3778 3098 3098 1902 3159 3778 67 2035 3778 3098 67 4596 326 169 2846 4596 1105 169 326 67 3778 3098 3098 3778 67 4596 206 2035 3159 527 67 206 3778 206 1902 4596 67 3159 527 3778 3098 3098 3778 4596 67 3159 527 3406 3778 3098 3778 67 11 4596
1044 4597 45 4597 4597 4597 1106 4597 4597 4597 45 4597 4597 980 4597 4597 4597 4597 4597 392 1020 2238 2238 2009 4597 4597 4597 4597 2473 293 18 1044 4597 1217 4597 4597 4597 4597 4597 4597 4597 130 4597 4597 4597 45 4597 710 949 2167 4597 1343 4597 268 4597 4597 47 4597 4597 4597 47 1270 45 4597 103 4597 1793 4597 4597 208 4597 472 4597 747 4597 4597 125 125 45 4597 58 4597 1318 4597 45 4597 4597 4597 4597 1784 4597 169 4597 125 1011 4597 4597 208 446 1039 4597 1343 4597 1106 1546 101 4597 4597 4597 688 4597 4597 4597 4597 4597 830 4597 1318 45 4597 208 125 4597 4597 1343 1790 125 377 60 4597 52 4597 4597 4597 4597 4597 1971 4597 4597 4597 4597 45 4597 377 4597 4597 125 1971 4597 4597 4597 4597 4597 251 268 4597 4597 377 4597 4597 67 1832 1971 4597 87 4597 484 4597 4597 392 783 4597
1045 4599 2873 4598 4599 4598 3065 4598 4598 4599 4598 4598 4598 4598 4598 4598 4598 4599 4599 4598 4599 4599 4598 1209 4598 3065 4598 4598 4598 3858 3858 4598 4599 4598 4598 4598 4599 4598 3858 4599 4598 4599
1046 2080 219 4600 3385 1567 202 3385 1567 1567 35 54 1567 1515 3756 1521 1486 1973 1515 2669 4600 1515 4602 202 2080 1973 1486 2343 163 4600 4602 2080 1564 1521 4601 4602 4600 3385 1567 1515 4601 1973 1568 1219 148 4600 4600 3385 164 2343 647 4601 3385 525 3421 4600 3385 1567 1973 4602 2080 202 1393 1973 1486 217 1085 1567 2080 4602 148 2939 148 3385 1567 1515 1521 4601 1973 4602 1219 910 4600 769 3421 1567 1515 1224 163 163 4600 769 4600 3385 1567 2343 4601 4602 2080 219 3385 1567 4601 1973 1973 3756 1486 4602 1568 219 1219 4600 3385 1567 2343 4601 1486 1973 1295 1568 4602 3385 1567 2343 1521 4601 4602 1568 2962 219 1486 1973 4601 3756 52 4600 1567 763 4600 3385 1567 4056 202 3756 1486 3147 2939 148 1219 1486 4600 3385 1567 148 1219 2939 1486 1521 4601 1486 1568 4602 210 1393 1973 1219 148 3385 1567 2343 1521 4601 4602 1486 1973 1560 679 1674 650 163 4600 4600 3385 1567 1515 1486 4601 1973 4602 1568 2080 1393 1521 18 163 341 4600 1567 1515 4601 4602 1973 3094 4602 1973 1486 148 1219 4600 4600 3385 3385 1567 1515 1521 202 2080 219 1393 4601 148 1219 148 4600 4600 919 1236 3385 1515 4602 202 163 1396 4600 3385 1567 1515 1973 4601 1521 3756 4602 219 1973 1486 163 1230 4600 3385 1567 2343 4601 4602 202 219 3385 1567 2343 4601 1973 4602 1521 4601 1486 1973 148 1219 2939 1567 4600 1567 1240 4600 3385 1567 2343 4601 1521 1486 202 1486 1295 1973 1486 1219 2939 148 3385 1567 2343 4601 1486 1521 202 1568 1486 1295 1973 1219 4600 4600 769 3385 962 1567 172 1567 4600 2080 4602 4600 1486 3385 3385 4602 202 1393 1564 2343 4602 163 4602 188 148 148 1393 1526 2962 4601 907 525 341 724 1 89 460 3150 494 525 3385 3385 724 3385 769 4600 2945 1061 2077 3385 769 3385 4600
1047 1953 648 1817 216 651 457 1476 1953 457 457 1804 707 86 250 2540 1476 216 1084 281 15 216 2861 216 1476 748 1943 2540 1935 2540 709 1804 747 1685 1064 2459 744 1064 280 1476 1935 2208 1751 1302 2540 747 1070 3187 1953 2883 1751 1953 1052 1953 1817 2540 12 307 1703 1490 1804 281 2538 1804 261
1048 2634 299 2068 4603 2068 3952 1970 4603 2634 3952 1058 1992 125 2068 3952 322 3952 2068 1067 476 256 125 45 1810 1688 2634 1095 558 2027 1058 3952 1972 1021 4603 994 1992 2068 3952 3185 3952 2634 2634 3952 2068 4603 1058 2068 1022 979 4603 322 1088 1160 278 3952 2634 838 3952 4446 790 1357 2589 4603 1858 322 1058 4603 2068 4446 580 125 2634 2068 3952 3952 4603 3952 4603 3952 322 4603 804 1992 3331 2525 561 4603 1058 971 3952 4603 2068 859 3952 280 489 2634 283 45 862 2068 125 4603 4603 1353 125 1212 96 2569 2117 1688 322 2144
1049 181 664 4604 455 1435 2164 211 667 2371 4604 2855 1246 664 4604 4604 4604 4604 4604 4047 4604 463 4604 4604 4604 161 4604 66 1499 664 4604 1682 552 1578 2344 4604 362 362 362 4604 4604 4604 49 3070 701 2855 1499 1682 4604 701 31 4604 4604 4604 4604 4604 4604 4604
1050 2868 2868 1079 1079 2868 2878 1079 2868 2639 2868 2878 2868 2639 1342 1255 581 1255 1079 2868 2868 2878 2868 2868 2720 1095 2868 2878 2868 1079 490 1255 1250 1106 1079 2868 2878 1201 2868 1250 2868 966 1079 2868 2799 1079 1079 1079 2868 2878 1121 2868 935 100 1079 1089 122 1250 2878 2868 1079 2868 1079 2868 659 2868 2868 3138 1095 1255 1201 1079 2868 2072 413 659 1255 490 659 830 659 1079 2868 1079 2868 2878 2767 490 659 2868 1250 1079 659 2878 2868 1783 460 1079 2639 1378 659 1079 2868 2878 2868 2868 1250 2868 659 1079 2868 2878 2799 2868 2639 1079 1079 2868 1079 2868 2868 2868 1079 2868 2639 2799 1255 950 659 1079 991 659 1079 2868 319 1079 2868 1079 2868 1079 30 1079 2868 30 1079 2868 2868 1697 1018 2868 2878
1051 389 164 1 357 1867 358 358 1 232 164 358 164 338 338 338 188 769 919 1 1827 169 164 338 338 338 186 1745
1052 18 1468 630 18 18 73 1895 1468 18 457 303 3036 3036 630 680 630 630 2250 541 936 630 630 2536 630 1852 1852 630 630 630 1 630 630 300 2 1852 630 630 401 541 4605 303 4605 680 4605 4605 2206 707 209 410 4605 4605 2101 4605 806 4605 1052 2071 169 3006 4605 828 969 78 96 4605 11 3006 87 2071 266 4605 3006 1536 2358 261 1785 1101 4605 3006 4605 11 1 2250 3006 2971 4605 2541 4605 3006 452 1487
1053 4607 4606 494 2636 2557 22 3653 4607 2533 4607 4606 4607 4607 4606 4608 2533 4607 4606 4607 4606 4606 2535 4606 2745 4607 4608 4606 1712 4607 2535 2533 2535 4607 4606 4607 1119 4608 2535 3653 4606 4607 4608 4607 4608 1888 4607 4606 4606 1119 637 4607 4607 4606 2535 3653 4608 2745 1712 2535 4607 2745 4607 2535 4607 4607 4608 1119 3653 4606 2533 4607 2745 4606 4609 2535 1712 4609 17 2938 639 2745 4607 4606 4607 4608 3653 2535 4607 1712 2745 4607 4609 4606 4606 4609 4607 2938 4607 4606 4608 2745 4606 259 4606 4606 4609 465 169 550 1610 59 465 3843 4609 4606 4608 3653 4606 2745 4606 2745 4606 3653 4608 2745 4606 4607 4606 4608 4608 639 2535 4609 4607 4606 2535 4606 4607 1119 4607 2535 4609 4609 2535 2745 1332 2745 4607 4606 2535 4607 2535 4607 4606 4607 4608 4607 4607 2745 4608 4607 4609 2533 2535 2745 4608 4607 2535 4606 310 505 2535 4606 4606 4606 4607 2745 4606 3546 2535 4607 4606 4609 2535 4606 2535 4606 4607 4608 2636 4607 4609 4608 2938 4608 4609 4609 2535 4608 4606 4606 4606 4606 3653 2745 4607 2938 639 4606 4608 4606 2535 1651 4607 4606 4606 4608 4607 4608 3613 4606 2535 4606 4607 4607 4608 2745 4607 4607 4606 2535 211 460 211 4608 4607 636 4606 3653 4607 4608 3653 4608 2745 4607 1119 4606 2745 4606 2745 4608 4606 2535 4606 4606 3653 4606 4608 4608 4608 2745 4607 4608 4607 2535 4607 4606 4607 4606 4606 4606 4608 2535 4607 4607 4607 4606 4608 157 157 4607 4606 4606 4607 4608 4606 4607 4607 4606 4606 4606 4606 4608 4607 4608 4606 1712 4606 4607 4607 4606 3653 2745 4607 4606 4608 4606 4607 4606 4606 1712 2745 4608 240 4606 501 501 501 501 2535 4607 4606 4607 4606 2745 2533 4606 4607 4608 2535 4606 2745 4606 4608 4608 4606 4606 4607 4608 4606 2535 2535 4608 4608 4608 4606 1712 4606 4608 4606 4606 4607 4606 2535 4606 4606 4607 2533 4606 2745 4606 4606 4606 4606 4607 4606 4606 2745
1054 1295 2275 4610 3129 1131 336 3129 4610 4611 254 1098 4286 1685 3129 4286 4610 2088 613 4610 1127 2596 971 4610 1131 38 613 3129 336 1131 4610 38 570 613 1098 1098 4611 67 67 4610 955 98 38 4610 3129 2609 2596 4611 38 955 613 254 1059 2609 2596 613 955 955 4610 254 205 336 2279 2596 254 1127 2596 4286 4286 613 4611 37 1266 4611 1059 4286 1127 2596 377 4286 377 2596 1266 1266 450 901 106 311 1107 2195 613 38 4610 613 3129 38 3129 783 3129 4610 4610 4610 3129 38 4610 4286 4286 38 1098 4610 38 613 4610 1266 613 4610 4603 4610 613 613 613 4610 701 1266 4286 4610 2275 4611 4611 4286 4286 4611 4611 4286 4286 4611 321 1685 4611 4611 1685 4286 613 37 2275 4611 1
1055 851 221 777 1226 2479 2460 122 256 151 11 205 855 1451 169 67 180 2962 2343 1826 268 788 280 1684 1060 1445 3171 1941 708 124 736 1091 205 169 240 1272 2478 211 442 3048
1056 319 101 11 4612 4612 11 4612 4612 576 1996 4386 11 4386 4612 1719 4612 4386 4386 1719 4612 1719 11 4612 1719 1719 839 4612 1719 2029 4386 576 4386 2029 1719 4386 4612 11 1719 727 725 4612 2029 1719 4612 4612 839 2029 91 4612 576 4612 4612 4386 576 1719 4612 4612 4612 941 4386 4612 2029 576 4612 4612 11 576 4612 2496 4386 4386 2496 767 4386 4612 1719 4612 11 11 4612 2029 4612 91 4612 91 4612 4612 2029 4386 4386 4612 4386 4612 4612 4612 4612 4612 4612 576 11 4612 2029 576 91 4612 4612 4612 91 4612 1719 4612 4612 4612 4386 4386 4612 2029 4612 4612 1719 91 4612 4612
1057 163 4613 67 67 67 4614 67 4613 67 2035 67 4613 731 4614 67 4614 731 67 4613 67 4613 67 67 67 4613 731 67 731 731 67 1522 67 67 2430 67 67 2430 4614 67 4614 148 67 2430 4614 4615 67 4614 4614 67 4613 4614 4613 67 4614 4615 4613 67 4614 310 4613 4614 67 67 4613 67 4613 67 4613 67 4615 184 1381 4614 67 4614 4614 588 4614 1135 67 4614 4614 2665 206 67 4613 67 4614 4614 527 4615 4615 4614 67 67 4614 4615 67 2035 67 4614 4615 67 4615 4614 4615 67 340 4614 4615 1783 4614 4614 67 4614 501 154 4614 4615 4614 4615 2930 4614 4615 154 154 4614 4614 4615 154 4615 4614 4614 4615 4614
1058 1176 2607 263 783 1176 2187 4616 2607 1153 2607 263 24 4616 783 389 263 2187 2187 2187 4616 1977 783 24 2607 2628 247 2187 336 122 3 4616 4616 2187 1153 464 2607 4616 4616 321 4616 783 2187 783 4616 2187 2187 4616 2088 1810 2628 1 4616 517 4616 530 4616 2628 24 4616 768 392 278 96 263 4616 2108 865 2607 865 4616 247 1817 2607 2863 2187 1088 122 2628 1762 517 2628 1639 783 2863 1785 1762 1095 4616 4616 2863 363 1639 865 1752 2863 2607 2863 2187 2607 1639 2863 783
1059 3407 67 4618 1453 16 67 4617 3407 67 72 4618 67 3407 67 67 4618 67 3407 4618 1453 4618 3407 67 67 3407 67 294 3407 67 4618 1859 67 67 3407 67 3407 67 4618 3407 67 3407 67 4618 67 67 4618 3407 67 4618 1453 4618 67 67 3407 67 67 3407 67 4618 67 3407 67 4618 67 3407 67 4618 67 3407 67 1453 4618 3407 67 4618 67 3407 67 3407 67 67 3407 67 1453 1686 3407 67 3407 67 4618 67 67 4618 4618 3407 67 4618 67 3407 67 232 67 527 4618 4618 4618 67 67 1448 4618 67 4618 326 4618 4618 4618
1060 2654 45 1953 208 1830 1254 2737 1254 950 915 217 2253 18 950 165 1801 377 950 47 2795 419 392 2097 293 125 2473 114 950 2341 503 114 950 950 1031 1282 11 1807 1031 2341 392 950 4178 169 1499 1593 1031 1509 1507 1031 1133 950 2121 2930 2930 114 125 1721 114 114 1175 950 950
1061 4267 4267 1258 338 701 1245 337 835 2266 337 4267 1258 2266 364 2266 337 832 188 101 832 2266 2608 2266 1258 147 4267 1258 4267 1618 832 338 4267 962 4267 337 4267 832 345 1610 832 188 1903 1258 4267 1258 832 2266 4267 1258 1610 2266 2608 2266 4267 832 2266 2608 4267 2266 898 832 2266 832 2266 147 832 2266 832 2266 832 4267 344 2266 832 2608 1258 2266 4267 2266 1258 832 898 832 4267 101 101 2266 1618 832 2608
1062 3971 2084 1209 2084 2084 2084 2084 3915 3065 1962 3915 2084 3971 1773 3971 1209 3915 1761 3277 1209 1962 3915 3971 1773 3915 1773 1773
1063 2506 2734 1827 1 2502 712 1031 2934 548 1094 1401 239 21 258 1066 469 169 1021 1021 1302 1741 2541 1945 96 1896 464 2165 1302 239 1033 392 505 328 328 772 328 1177 211 1805 1925 351 392 1306 4619 4619 865 790 422 526 469 11 2222 96 2813 1 806 3729 2125 3729 3729
1064 186 4620 122 1989 1989 1989 391 2922 2922 2922 287 2922 232 2922 2030 2922 2922 2371 3929 2922 4620 2030 701 1107 4620 4620 2024 4620 4620 4620 365 803 1082 73 4620 4620 4620 240 2922 4620 1989 4620
1065 1084 229 2869 2869 717 126 169 1320 2869 2869 691 106 2869 2869 2869 104 2869 2869 229 114 413 106 11 2869 2869 1319 2869 2869 2869 114 2193 229 229 2869 2869 2869 169 169 2869 2869 2869 229 2869 596 6 114 1468 2869 2869 30 2869 2869 2869 2869 1095 169 106 169 201 183 114 2869 2869 169 1390 1
1066 106 1657 1102 1154 1051 494 701 1 460 2317 642 125 465 169 641 1983 460 460 3095 3095 494 2557 494 1594 169 643 494 879 106 494 11 1095 1006 2293 2317 642 3375 3375 494 788 2748 879 2572 1197 1958 643 44 106 641 1050 2074 1654 494 2040 1435 1666 1 11
1067 387 475 1823 387 3297 387 1823 387 4621 377 965 1787 1823 965 1823 384 387 132 2623 965 3694 965 1463 965 1823 387 384 1823 387 1823 387 1823 387 1823 3297 2702 1823 4621 1823 581 1823 384 386 387 1249 1823 384 1823 1178 1823 1823 1823 4621 4621 1823 3297 1823 1823 4621 1823 4621 3772 1823 4621 1823 1951 4621 1823 672 672 965 103 384 1823 387 1823 1823 965 672 965 1823 672 965 1823 1823 672 384 1360 45 475 581 1823 1787 1823 384 1823 1823 672 965 3694 4621 4621 1823 965 211 211 1015 119 1823 3297 384 1823 3694 1823 384 387 325 4621 1823 1823 4621 1823 384 672 1823 3297 1823 444 1823 273 1823 384 672 1823 1951 4621 3180 1823 1241 103 1823 4621 1249 965 2028 672 672 672 103 1823 672 1823 4621 1787 103 377 103 362 672 965 672 965 1823 3297 965 1823 103 157 1823 103 384 103 3694 672 4621 103 1823 965 672 1823 103 1823 103 1249 103 1823 444 444 103 384 1823 1823 258 103 1823 1823 47 4621 1178 103 1823 965 103 103 665 103 4621 103 1823 387 1823 103 387 1823 306 1823 387 103 1823 387 1178 103 103 103 1823 377 103 1823 1823
1068 22 2869 1694 326 924 2874 2874 17 1651 1201 489 924 1651 1651 2958 1761 449 2279 1342
1069 4622 1668 3531 1668 1668 1668 2506 1668 4622 3496 3531 664 3496 4622 3496 475 3531 4622 3496 1668 765 2544 3531 1668 1945 1668 4622 3496 1668 4622 3496 3012 4622 3496 664 3531 3012 2506 4622 3531 4622 3496 1668 2506 4622 3496 475 4622 3496 3012 1668 2506 3531 1668 1682 4622 3496 3531 3012 1668 1682 4622 2506 664 1668 1682 4622 3661 3012 1668 1668 2506 1668 1668 3531 1668 3012 1682 1682 4622 3496 994 1668 1682 4622 3496 3661 3012 2506 3531 1668 3496 3531 3012 1682 4622 3496 3012 2506 3496 1682 4622 3012 3661 2506 1668 1682 3496 3012 1668 1668 1682 3012 1668 3661 3012 1668 2506 3531 2506 1668 1682 4622 3531 3012 1668 1682 4622 3496 3531 3012 1668 2506 1682 3012 2506 552 3531 1945 3012 1682 4622 3496 3012 1668 1682 4622 3531 3012 664 3496 1936 67 527 3012 3531 3012 263 103 256 3531 3012 3012 664 1683 1810 851 3661 3012 664 1683 3012 4622 1682 3012 1683 1682 4622 3496 3012 664 2506 3531 3012 1682 4622 3496 3531 3012 664 1683 1683 2506 1682 4622 3496 3012 3012 664 1683 3661 664 3012 2506 1682 4622 3496 3012 3531 3012 664 3012 1683 2506 3012 664 4622 3496 3661 3012 2506 1683 3012 664 708 375 3661 1683 3012 1266 375 3496 1682 1682 3496 101 3661 1683 3661
1070 2058 1043 2058 2058 305 114 2058 1043 2058 873 2058 2058 305 1826 2058 2058 2058 575 114 2058 2058 1389 1025 583 2058 2058 2058 114 114 2058 319 1025 665 3498 833 664 1571 111 2221 3498 3498 111 2174 3498 329 114 833 3498 1523 2269 3498 3498 623 3498 1210 2596 240 3498 336 863 140 1097
1071 911 1440 527 377 266 16 1721 467 405 2942 790 1750 262 892 1 786 271 1186 2278 829 1750 835 727 83 262 1556 1721 2243 911 101 835 1060 879 900 982 1106 911 101 289 101 476 326 101 256 3097 101 835 1949
1072 971 2460 861 1919 322 2187 517 3366 534 1185 2538 3366 1945 225 3187
1073 2874 169 4623 2874 169 3250 4623 2874 169 2874 169 4623 2874 4623 4623 1761 2874 169 4623 2874 169 4624 4623 2874 169 2874 4624 4623 4623 1466 661 2874 169 4624 4623 169 4624 4623 4624 4623 2874 169 169 4624 4623 4623 4623 299 299 299 169 4624 4623 4623 4623 299 4624 299 4623 1618 2874 4623 2874 4623 299 4623 2874 169 4623 4623 299 4624 4623 4623 4623 4624 4623 2874 169 4624 47 661 2874 169 4623 4623 169 4623 4623 4624 4623 4624 4623 4624 4623 2874 4623 4623 2874 169 4623 2874 4623 299 169 4623 1761 4623 1964 4623 4623 2874 4624 4623 2874 4623 169 4624 4623 1618 2874 4623 4623 4623 2874 169 4624 4623 2874 4623 4623 4623 4623 1964 2874 169 4624 920 2874 4623 1958 1958 381 4623 920 4623 4623 661 4623 169 381 4623 766 4623 169 2874 2874 4623 4623 4623 4623 299 4624 4623 4623 2874 169 2874 169 4623
1074 4617 4617 433 4617 4617 4617 760 38 788 4617 3248 4617 2281 812 3248 3248 3248 3248 4307 11 4617 210 282 4617 3248 4617 14 1738 3248 846 755 3248 788 4617 4617 1742 4617 4617 1118 4617 4617 4617 643 949 2167 704 3340 643 1738 2281 643 548 1 643 643 1005 494 1226 494 433 326 328 4617 96 328 424 424 4617 433 2602 430 637
1075 2512 2512 2512 1496 1729 2512 1178 2512 2512 1729 2512 2512 2512 2512 2460 2512 2512 2512 1178 2512 2205 94 10 86 3171 10 2512 2512 1178 2512 2512 587 2512 2512 2512 1178 2512 2714 1178 2512 2512 234 1938 221 1979 2512 2512 86 94 1159 221 1178 2512 2512 2512 2512 2512 377 2512 10 1729 2512 1178 2512 2356 2512 1067 235 10 94 2512 2512 2512 2512 2512 1979 1729 389 2541 1178 368 2512 81 2349 10 247 1178 2512 2512 2512 1178 2512 52 2512 10 2512 2512 2512
1076 886 67 305 67 854 4044 2069 45 3712 2761 45 2295 1858 1742 67 268 2295 1858 67 206 2295 66 1579 45 936 2761 2417 2295 268 67 47 670 1044 2295 1044 2689 1044 1393 1323 1483 1483 1483 1646 1677 67 1646 114 1677 1677 1646 125 1583 115 1646 268 1677 611 1502 2295 1677 1646 1300 2635 2635 476
1077 4625 4627 4625 4627 4625 4625 4625 4625 4627 4625 4625 4625 4625 4625 4625 4627 4627 4625 4627 4625 4627 4625 4625 4627 4625 4627 4625 4625 4625 4625 4627 4625 4625 4625 4627 4627 4625 4625 4625 4625 4625 4625 4625 4627 4625 4627 4625 4625 4625 4625 4625 4625 4625 4627 4625 4625 4625 4627 4627 4625 4625 4627 4625 4627 4625 4625 4625 4627 1333 4625 1333 4627 4625 4627 4625 4625 4627 4625 4627 4627 4627 4627 4627 4626 4626 4627 4626 4626 4626 4626 4627 4626 4626 4626 4626 4627 4626 4626 4627 4626 4626 4627 4626 4627 4626 4626 4626 4627 926 4626 4627 4627 4627 4627 4626 4626 4627 4627 4626
1078 2933 4629 2933 4629 4629 4628 4629 4629 4628 4619 1068 4619 2933 4628 4629 92 4629 460 67 326 1121 1798 4629 4628 4628 1105 1117 4619 2933 4629 4629 4628 4619 4628 4628 4619 2933 4629 4628 4629 4628 4629 515 4629 4628 4628 4628 4629 4628 4619 1647 4619 2933 4629 3126 4629 4628 67 977 932 4629 4629 4629 4629 4629 4629 4629 4628 4629 4628 4629 2220 123 4628 4619 2933 2933 2643 1937 2461 4629 4628 4628 4629 4629 4628 1105 4629 813 1018 2933 4629 1092 4628 2113 92 4619 4628 4628 4628 209 2714 11 283 2499 1
1079 1821 403 30 612 844 2510 1100 4630 2510 614 270 285 614 2500 4630 444 2510 1679 1100 4631 4630 4631 2510 4631 4630 4630 2510 4630 1099 1941 4631 114 4631 122 4630 1099 1376 4630 270 1700 4630 114 4631 1093 4631 4630 4631 553 4630 4631 1100 1100 2510 1827 4631 403 30 85 4631 1466 4631 977 1910 2510 4631 4630 1073 270 1827 4631 484 1466 477
1080 3955 3955 1406 4633 4633 4633 3955 4632 4632 364 4632 4632 906 3955 4632 4633 4633 337 4633 4633 364 3955 4632 4632 4632 4632 4632 4632 47 4632 3955 4632 4632 1258 1258 337 4632 4633 4632 3955 4632 4633 4632 188 4632 4632 4632 3955 4632 3955 337 4632 4633 4307 4632 3955 4632 4633 1258 755 4632 337 4633 4632 4633 4632 4633 4632 3955 4633 4632
1081 2430 1618 4636 164 4635 3762 164 164 3398 3762 4636 2826 524 2344 1641 164 4637 4634 4634 4636 4636 4637 4634 4637 752 4636 164 4637 4634 4637 164 4634 2129 4636 164 4634 2344 4634 164 1618 3762 4636 552 455 701 341 3762 4635 4636 4635 2826 524 2345 1641 1390 164 4637 4634 4634 1618 164 4634 164 3762 4635 4636 522 2830 520 2825 57 2829 524 2344 1641 164 4637 4634 4634 524 2826 4635 4636 4635 2826 524 2344 1641 164 1390 4637 4634 164 3398 3762 11 164 4634 164 1618 774 3762 164 4634 4634 164 164 1618 3762 4635 4636 4636 4636 2826 169 4636 4635 2826 524 2345 2344 1641 164 4634 4637 164 512 4635 4636 4636 4635 2826 524 2345 2344 1641 164 4637 4634 1390 164 1618 900 3762 164 4634 4637 164 4634 164 752 2345 524 2826 4635 4636 4636 4635 2826 524 2345 752 2344 1641 164 1390 4637 4634 4634 164 164 3762 4636 4635 2826 524 2345 2344 1641 1390 164 4637 4634 4636 4635 2826 524 2345 2344 1641 164 1390 4634 4637 4636 4635 2826 524 2345 188 164
1082 1760 2233 169 169 169 2233 169 2233 2125 1855 169 1760 1786 1921 2332 169 2233 4157 169 2233 2233 1892 169 122 169 2233 2618 1892 2233 805 169 3041 169 2233 1892 1760 169 169 2233 2233 2111 2233 169 169 2233 169 169 2233 2233 169 2233 2239 2233 1855 169 2233 2233 979 1760 408 2233 2233 2233 1760 1545 2233 2237 1286 1921 1940 277 1495 2233 2233 2233 1509 2233 2233 2233 2609 169 2233 2233 2233 787 2233 2239 2233 1079 2332 2233 1079 2233 2238 1045 411 2710 2618 2233 2233 169 169 2233 2233 2233 2233 4157 2233 712 2233 1079 2233 1237 2233 1509 2233 1040 2233 2737 1079 2233 2233 2233 1994 580 2152 2233 169 389 2233 383 1760 1079 169 2233 712 1758 1922 1414 2233 1760 151 2233 1079 355 1368 2544 169 2233 2233 99 1079 1509 1035 169 169 1074 169 2233 3989 1079 2233 2233 1892 2237 278 2233 2233 2233 2233 282 169 2233 1079 503 651 2233 1079 2233 2233 1079 2233 2233 595 1805 712 2233 1551 1079 770 2233
